{"type":"FeatureCollection","features":[{"type":"Feature","properties":{},"geometry":{"type":"Polygon","coordinates":[[[31.330881,30.093651],[31.330969,30.093745],[31.330873,30.093812],[31.330785,30.093719],[31.330881,30.093651]]]}},{"type":"Feature","properties":{},"geometry":{"type":"Polygon","coordinates":[[[31.331201,30.106947],[31.331334,30.106826],[31.331492,30.106954],[31.33136,30.107076],[31.331201,30.106947]]]}},{"type":"Feature","properties":{},"geometry":{"type":"Polygon","coordinates":[[[31.331441,30.103905],[31.331548,30.10371],[31.33172,30.103781],[31.331613,30.103975],[31.331441,30.103905]]]}},{"type":"Feature","properties":{},"geometry":{"type":"Polygon","coordinates":[[[31.33318,30.096746],[31.3332,30.096681],[31.333263,30.096696],[31.333275,30.096659],[31.33323,30.096648],[31.333244,30.096606],[31.333374,30.096637],[31.333328,30.096782],[31.33318,30.096746]]]}},{"type":"Feature","properties":{},"geometry":{"type":"Polygon","coordinates":[[[31.335243,30.102758],[31.335313,30.102691],[31.335555,30.102882],[31.335485,30.102949],[31.335243,30.102758]]]}},{"type":"Feature","properties":{},"geometry":{"type":"Polygon","coordinates":[[[31.335447,30.108841],[31.335603,30.108779],[31.335681,30.108928],[31.335608,30.108957],[31.335624,30.108987],[31.335542,30.109019],[31.335447,30.108841]]]}},{"type":"Feature","properties":{},"geometry":{"type":"Polygon","coordinates":[[[31.336492,30.106382],[31.336373,30.106607],[31.336136,30.106513],[31.336254,30.106289],[31.336492,30.106382]]]}},{"type":"Feature","properties":{},"geometry":{"type":"Polygon","coordinates":[[[31.338633,30.096332],[31.338726,30.09645],[31.338571,30.096542],[31.338478,30.096424],[31.338633,30.096332]]]}},{"type":"Feature","properties":{},"geometry":{"type":"Polygon","coordinates":[[[31.339468,30.100921],[31.339609,30.100931],[31.339591,30.101123],[31.33945,30.101113],[31.339468,30.100921]]]}},{"type":"Feature","properties":{},"geometry":{"type":"Polygon","coordinates":[[[31.340423,30.090797],[31.340633,30.090635],[31.340813,30.090811],[31.340603,30.090972],[31.340423,30.090797]]]}},{"type":"Feature","properties":{},"geometry":{"type":"Polygon","coordinates":[[[31.342652,30.099433],[31.342662,30.099444],[31.342724,30.099725],[31.342704,30.099755],[31.342675,30.099776],[31.342631,30.099755],[31.342637,30.099781],[31.342621,30.099805],[31.342575,30.099839],[31.342514,30.099849],[31.342478,30.099813],[31.342286,30.09972],[31.342238,30.099671],[31.342214,30.099659],[31.342256,30.099594],[31.342297,30.099564],[31.342401,30.099614],[31.342414,30.099677],[31.342463,30.09964],[31.342505,30.099661],[31.342475,30.099707],[31.342528,30.099733],[31.342552,30.099729],[31.342568,30.099704],[31.342494,30.09963],[31.34248,30.099568],[31.342453,30.099555],[31.342437,30.099483],[31.342588,30.099459],[31.342599,30.099442],[31.342652,30.099433]]]}},{"type":"Feature","properties":{},"geometry":{"type":"Polygon","coordinates":[[[31.342896,30.090389],[31.343007,30.090319],[31.343039,30.090356],[31.342928,30.090427],[31.342896,30.090389]]]}},{"type":"Feature","properties":{},"geometry":{"type":"Polygon","coordinates":[[[31.343046,30.090413],[31.343085,30.090449],[31.342931,30.090576],[31.342892,30.090541],[31.343046,30.090413]]]}},{"type":"Feature","properties":{},"geometry":{"type":"Polygon","coordinates":[[[31.343189,30.103029],[31.342951,30.10304],[31.342946,30.102952],[31.343013,30.102949],[31.343005,30.102827],[31.343176,30.102818],[31.343189,30.103029]]]}},{"type":"Feature","properties":{},"geometry":{"type":"Polygon","coordinates":[[[31.345263,30.100611],[31.345342,30.100485],[31.345535,30.100575],[31.345456,30.100701],[31.345263,30.100611]]]}},{"type":"Feature","properties":{},"geometry":{"type":"Polygon","coordinates":[[[31.346667,30.10697],[31.346747,30.107008],[31.346718,30.107053],[31.346734,30.10706],[31.346605,30.107266],[31.346509,30.107221],[31.346667,30.10697]]]}},{"type":"Feature","properties":{},"geometry":{"type":"Polygon","coordinates":[[[31.350353,30.096705],[31.35033,30.096746],[31.350276,30.096723],[31.350298,30.096683],[31.350353,30.096705]]]}},{"type":"Feature","properties":{},"geometry":{"type":"Polygon","coordinates":[[[31.351881,30.091681],[31.351874,30.091808],[31.351685,30.091801],[31.351692,30.091673],[31.351881,30.091681]]]}},{"type":"Feature","properties":{},"geometry":{"type":"Polygon","coordinates":[[[31.330466,30.090877],[31.330491,30.090931],[31.330428,30.090953],[31.330403,30.0909],[31.330466,30.090877]]]}},{"type":"Feature","properties":{},"geometry":{"type":"Polygon","coordinates":[[[31.331262,30.097891],[31.331421,30.097785],[31.331488,30.097861],[31.331511,30.097845],[31.331578,30.09792],[31.331395,30.098041],[31.331262,30.097891]]]}},{"type":"Feature","properties":{},"geometry":{"type":"Polygon","coordinates":[[[31.332013,30.108351],[31.331689,30.108359],[31.331685,30.108243],[31.332009,30.108235],[31.332013,30.108351]]]}},{"type":"Feature","properties":{},"geometry":{"type":"Polygon","coordinates":[[[31.340207,30.105185],[31.339989,30.105092],[31.340056,30.104972],[31.340275,30.105065],[31.340207,30.105185]]]}},{"type":"Feature","properties":{},"geometry":{"type":"Polygon","coordinates":[[[31.341492,30.09826],[31.3414,30.098301],[31.34135,30.098217],[31.341347,30.098202],[31.341581,30.098097],[31.341595,30.098095],[31.341633,30.098159],[31.341659,30.098308],[31.341685,30.09835],[31.341709,30.098487],[31.34152,30.098512],[31.341495,30.098371],[31.341545,30.098365],[31.341495,30.09828],[31.341492,30.09826]]]}},{"type":"Feature","properties":{},"geometry":{"type":"Polygon","coordinates":[[[31.344915,30.100708],[31.344781,30.100911],[31.344517,30.100782],[31.344651,30.100578],[31.344915,30.100708]]]}},{"type":"Feature","properties":{},"geometry":{"type":"Polygon","coordinates":[[[31.347356,30.101628],[31.347197,30.101887],[31.347043,30.101817],[31.347203,30.101557],[31.347356,30.101628]]]}},{"type":"Feature","properties":{},"geometry":{"type":"Polygon","coordinates":[[[31.350429,30.097185],[31.351344,30.097676],[31.351264,30.097787],[31.350349,30.097296],[31.350429,30.097185]]]}},{"type":"Feature","properties":{},"geometry":{"type":"Polygon","coordinates":[[[31.351905,30.097575],[31.351884,30.097607],[31.351754,30.097543],[31.351775,30.097511],[31.351905,30.097575]]]}},{"type":"Feature","properties":{},"geometry":{"type":"Polygon","coordinates":[[[31.352694,30.094912],[31.352844,30.094952],[31.352826,30.095002],[31.352676,30.094962],[31.352694,30.094912]]]}},{"type":"Feature","properties":{},"geometry":{"type":"Polygon","coordinates":[[[31.330808,30.095016],[31.330859,30.094984],[31.330798,30.094913],[31.330903,30.094846],[31.330989,30.094948],[31.330833,30.095047],[31.330808,30.095016]]]}},{"type":"Feature","properties":{},"geometry":{"type":"Polygon","coordinates":[[[31.331963,30.092824],[31.331884,30.092898],[31.331853,30.092873],[31.331932,30.092799],[31.331963,30.092824]]]}},{"type":"Feature","properties":{},"geometry":{"type":"Polygon","coordinates":[[[31.332979,30.108446],[31.33296,30.108349],[31.333108,30.108328],[31.333151,30.10855],[31.333017,30.10857],[31.332992,30.108444],[31.332979,30.108446]]]}},{"type":"Feature","properties":{},"geometry":{"type":"Polygon","coordinates":[[[31.333451,30.105299],[31.333569,30.105088],[31.333706,30.105146],[31.333588,30.105357],[31.333451,30.105299]]]}},{"type":"Feature","properties":{},"geometry":{"type":"Polygon","coordinates":[[[31.333952,30.099522],[31.334062,30.09968],[31.333867,30.099782],[31.333757,30.099625],[31.333952,30.099522]]]}},{"type":"Feature","properties":{},"geometry":{"type":"Polygon","coordinates":[[[31.334587,30.107128],[31.334364,30.107047],[31.334503,30.106762],[31.334726,30.106844],[31.334587,30.107128]]]}},{"type":"Feature","properties":{},"geometry":{"type":"Polygon","coordinates":[[[31.335912,30.0958],[31.335998,30.095888],[31.336077,30.095831],[31.336162,30.095917],[31.33599,30.096043],[31.335819,30.095868],[31.335912,30.0958]]]}},{"type":"Feature","properties":{},"geometry":{"type":"Polygon","coordinates":[[[31.338448,30.098464],[31.338448,30.098477],[31.338387,30.098584],[31.338234,30.098512],[31.338238,30.098421],[31.338247,30.098406],[31.338252,30.098278],[31.338274,30.098239],[31.338488,30.09833],[31.33845,30.098397],[31.338416,30.098396],[31.338394,30.098434],[31.338418,30.098444],[31.338401,30.098443],[31.338448,30.098464]]]}},{"type":"Feature","properties":{},"geometry":{"type":"Polygon","coordinates":[[[31.341415,30.093802],[31.341508,30.093661],[31.341564,30.093689],[31.341566,30.093723],[31.341612,30.093746],[31.341692,30.093743],[31.341749,30.093771],[31.341752,30.09381],[31.341806,30.093808],[31.341811,30.093894],[31.341754,30.093981],[31.341716,30.093962],[31.34169,30.093963],[31.341602,30.09392],[31.341638,30.093866],[31.341574,30.093834],[31.341554,30.093864],[31.341519,30.093846],[31.341506,30.093847],[31.341415,30.093802]]]}},{"type":"Feature","properties":{},"geometry":{"type":"Polygon","coordinates":[[[31.344277,30.093507],[31.344128,30.093462],[31.344354,30.092906],[31.344503,30.092951],[31.344277,30.093507]]]}},{"type":"Feature","properties":{},"geometry":{"type":"Polygon","coordinates":[[[31.344946,30.091856],[31.345019,30.091682],[31.345126,30.091716],[31.345052,30.09189],[31.344946,30.091856]]]}},{"type":"Feature","properties":{},"geometry":{"type":"Polygon","coordinates":[[[31.345867,30.097661],[31.345845,30.0977],[31.345771,30.09767],[31.345793,30.09763],[31.345867,30.097661]]]}},{"type":"Feature","properties":{},"geometry":{"type":"Polygon","coordinates":[[[31.350626,30.10939],[31.350506,30.109546],[31.350182,30.10936],[31.350302,30.109204],[31.350626,30.10939]]]}},{"type":"Feature","properties":{},"geometry":{"type":"Polygon","coordinates":[[[31.35188,30.103244],[31.351756,30.103429],[31.351817,30.103459],[31.351751,30.103559],[31.351678,30.103522],[31.351563,30.103695],[31.351463,30.103645],[31.351767,30.103187],[31.35188,30.103244]]]}},{"type":"Feature","properties":{},"geometry":{"type":"Polygon","coordinates":[[[31.330124,30.101267],[31.330283,30.10114],[31.330355,30.101207],[31.330322,30.101234],[31.330352,30.101262],[31.330327,30.101282],[31.330359,30.101312],[31.330258,30.101393],[31.330124,30.101267]]]}},{"type":"Feature","properties":{},"geometry":{"type":"Polygon","coordinates":[[[31.337341,30.101416],[31.337356,30.101306],[31.337425,30.101313],[31.337435,30.101235],[31.337382,30.10123],[31.337398,30.101108],[31.337612,30.101129],[31.337572,30.101439],[31.337341,30.101416]]]}},{"type":"Feature","properties":{},"geometry":{"type":"Polygon","coordinates":[[[31.337344,30.109741],[31.337439,30.110022],[31.337249,30.11007],[31.337137,30.10974],[31.337217,30.10972],[31.337234,30.109769],[31.337344,30.109741]]]}},{"type":"Feature","properties":{},"geometry":{"type":"Polygon","coordinates":[[[31.338581,30.095142],[31.338711,30.09506],[31.338786,30.09515],[31.338656,30.095232],[31.338581,30.095142]]]}},{"type":"Feature","properties":{},"geometry":{"type":"Polygon","coordinates":[[[31.340379,30.100691],[31.340484,30.100658],[31.340581,30.100889],[31.340477,30.100922],[31.340379,30.100691]]]}},{"type":"Feature","properties":{},"geometry":{"type":"Polygon","coordinates":[[[31.3406,30.098725],[31.34052,30.098718],[31.340523,30.098691],[31.340483,30.098687],[31.340487,30.098648],[31.340527,30.098651],[31.34053,30.098626],[31.34061,30.098632],[31.3406,30.098725]]]}},{"type":"Feature","properties":{},"geometry":{"type":"Polygon","coordinates":[[[31.345431,30.099168],[31.345342,30.099204],[31.345221,30.098976],[31.34531,30.09894],[31.345431,30.099168]]]}},{"type":"Feature","properties":{},"geometry":{"type":"Polygon","coordinates":[[[31.345768,30.096634],[31.345751,30.096663],[31.345626,30.096607],[31.345709,30.096471],[31.345743,30.096487],[31.345766,30.09645],[31.345866,30.096495],[31.345829,30.096555],[31.346042,30.096651],[31.345991,30.096735],[31.345768,30.096634]]]}},{"type":"Feature","properties":{},"geometry":{"type":"Polygon","coordinates":[[[31.346061,30.10909],[31.346114,30.109315],[31.345983,30.109338],[31.34593,30.109113],[31.346061,30.10909]]]}},{"type":"Feature","properties":{},"geometry":{"type":"Polygon","coordinates":[[[31.348271,30.102477],[31.348124,30.102422],[31.348265,30.102137],[31.348413,30.102192],[31.348271,30.102477]]]}},{"type":"Feature","properties":{},"geometry":{"type":"Polygon","coordinates":[[[31.348401,30.104612],[31.348421,30.10458],[31.348375,30.104599],[31.348317,30.104572],[31.348261,30.104472],[31.348296,30.104416],[31.348271,30.10437],[31.348387,30.104322],[31.348418,30.104336],[31.348451,30.104323],[31.348491,30.104342],[31.348533,30.104417],[31.348635,30.104465],[31.348644,30.10448],[31.348524,30.10467],[31.348401,30.104612]]]}},{"type":"Feature","properties":{},"geometry":{"type":"Polygon","coordinates":[[[31.349003,30.109329],[31.349117,30.109193],[31.34926,30.109282],[31.349146,30.109418],[31.349003,30.109329]]]}},{"type":"Feature","properties":{},"geometry":{"type":"Polygon","coordinates":[[[31.350289,30.102748],[31.350347,30.102784],[31.350308,30.102833],[31.350249,30.102797],[31.350289,30.102748]]]}},{"type":"Feature","properties":{},"geometry":{"type":"Polygon","coordinates":[[[31.353116,30.096762],[31.353064,30.096756],[31.353071,30.09671],[31.353124,30.096717],[31.353116,30.096762]]]}},{"type":"Feature","properties":{},"geometry":{"type":"Polygon","coordinates":[[[31.331095,30.093459],[31.330943,30.093299],[31.331093,30.093191],[31.331292,30.093399],[31.331165,30.09349],[31.331119,30.093442],[31.331095,30.093459]]]}},{"type":"Feature","properties":{},"geometry":{"type":"Polygon","coordinates":[[[31.33258,30.094251],[31.33273,30.094391],[31.332599,30.094496],[31.33245,30.094356],[31.33258,30.094251]]]}},{"type":"Feature","properties":{},"geometry":{"type":"Polygon","coordinates":[[[31.338838,30.100868],[31.338849,30.10078],[31.338923,30.100787],[31.338913,30.100874],[31.338838,30.100868]]]}},{"type":"Feature","properties":{},"geometry":{"type":"Polygon","coordinates":[[[31.339865,30.100022],[31.339882,30.099902],[31.33993,30.099907],[31.339925,30.099944],[31.340075,30.09996],[31.340063,30.100043],[31.339865,30.100022]]]}},{"type":"Feature","properties":{},"geometry":{"type":"Polygon","coordinates":[[[31.341862,30.102202],[31.341779,30.102055],[31.341784,30.102043],[31.341736,30.102026],[31.34172,30.101998],[31.3419,30.101922],[31.341931,30.101977],[31.341959,30.101965],[31.342075,30.102005],[31.342106,30.102059],[31.342015,30.102255],[31.341862,30.102202]]]}},{"type":"Feature","properties":{},"geometry":{"type":"Polygon","coordinates":[[[31.343312,30.099495],[31.343711,30.099441],[31.343726,30.099524],[31.343708,30.099527],[31.343673,30.099581],[31.343639,30.099585],[31.343643,30.099606],[31.343529,30.099782],[31.343347,30.099695],[31.343312,30.099495]]]}},{"type":"Feature","properties":{},"geometry":{"type":"Polygon","coordinates":[[[31.344877,30.099043],[31.344919,30.099123],[31.344739,30.099193],[31.344697,30.099114],[31.344877,30.099043]]]}},{"type":"Feature","properties":{},"geometry":{"type":"Polygon","coordinates":[[[31.345516,30.107759],[31.345314,30.107813],[31.345285,30.10773],[31.345297,30.107727],[31.345271,30.107653],[31.34546,30.107602],[31.345516,30.107759]]]}},{"type":"Feature","properties":{},"geometry":{"type":"Polygon","coordinates":[[[31.345742,30.109219],[31.345897,30.10919],[31.345947,30.109386],[31.345792,30.109416],[31.345742,30.109219]]]}},{"type":"Feature","properties":{},"geometry":{"type":"Polygon","coordinates":[[[31.346728,30.095834],[31.347015,30.095603],[31.347135,30.095716],[31.346849,30.095946],[31.346728,30.095834]]]}},{"type":"Feature","properties":{},"geometry":{"type":"Polygon","coordinates":[[[31.348182,30.105779],[31.348281,30.105605],[31.348393,30.105653],[31.348295,30.105827],[31.348182,30.105779]]]}},{"type":"Feature","properties":{},"geometry":{"type":"Polygon","coordinates":[[[31.348843,30.106209],[31.348974,30.105988],[31.349104,30.106046],[31.348973,30.106267],[31.348843,30.106209]]]}},{"type":"Feature","properties":{},"geometry":{"type":"Polygon","coordinates":[[[31.350081,30.109642],[31.350175,30.109527],[31.350414,30.109673],[31.350257,30.109866],[31.350038,30.109732],[31.350076,30.109686],[31.350062,30.109677],[31.350087,30.109646],[31.350081,30.109642]]]}},{"type":"Feature","properties":{},"geometry":{"type":"Polygon","coordinates":[[[31.330178,30.109129],[31.33006,30.109242],[31.329973,30.109174],[31.330091,30.109061],[31.330178,30.109129]]]}},{"type":"Feature","properties":{},"geometry":{"type":"Polygon","coordinates":[[[31.330352,30.103975],[31.330535,30.104043],[31.330425,30.104264],[31.330241,30.104196],[31.330352,30.103975]]]}},{"type":"Feature","properties":{},"geometry":{"type":"Polygon","coordinates":[[[31.33069,30.091591],[31.330713,30.091569],[31.330776,30.091544],[31.330788,30.091532],[31.331128,30.091397],[31.331172,30.091432],[31.33113,30.091353],[31.331162,30.091341],[31.331186,30.091386],[31.331249,30.091327],[31.331318,30.091458],[31.331246,30.0914],[31.331196,30.091447],[31.331201,30.091456],[31.331109,30.091543],[31.331182,30.091682],[31.33123,30.091719],[31.331181,30.091765],[31.331286,30.091964],[31.331249,30.091999],[31.331171,30.09203],[31.331111,30.091917],[31.331192,30.091885],[31.331172,30.091846],[31.331044,30.091897],[31.331117,30.092033],[31.330989,30.092084],[31.330763,30.091658],[31.330699,30.091607],[31.33069,30.091591]]]}},{"type":"Feature","properties":{},"geometry":{"type":"Polygon","coordinates":[[[31.333417,30.108854],[31.333488,30.10897],[31.333311,30.109051],[31.33324,30.108936],[31.333417,30.108854]]]}},{"type":"Feature","properties":{},"geometry":{"type":"Polygon","coordinates":[[[31.33472,30.094],[31.334816,30.093931],[31.335015,30.094139],[31.334919,30.094208],[31.33472,30.094]]]}},{"type":"Feature","properties":{},"geometry":{"type":"Polygon","coordinates":[[[31.339449,30.090733],[31.339616,30.090658],[31.339736,30.090857],[31.33977,30.090841],[31.339868,30.091005],[31.339672,30.091098],[31.339564,30.090918],[31.339632,30.090887],[31.339609,30.090849],[31.339538,30.090881],[31.339449,30.090733]]]}},{"type":"Feature","properties":{},"geometry":{"type":"Polygon","coordinates":[[[31.340839,30.109815],[31.340794,30.109795],[31.340897,30.10962],[31.34103,30.109678],[31.340948,30.109819],[31.340859,30.10978],[31.340839,30.109815]]]}},{"type":"Feature","properties":{},"geometry":{"type":"Polygon","coordinates":[[[31.342778,30.092969],[31.343029,30.092406],[31.343555,30.092583],[31.343539,30.092618],[31.343539,30.092666],[31.343515,30.09272],[31.343468,30.09272],[31.343453,30.092754],[31.343453,30.092773],[31.34351,30.092792],[31.343589,30.092616],[31.344017,30.092759],[31.34398,30.092759],[31.344035,30.092778],[31.34396,30.092946],[31.34396,30.093011],[31.34406,30.092788],[31.344203,30.092837],[31.344102,30.093063],[31.344058,30.093063],[31.34399,30.09304],[31.343992,30.093293],[31.344071,30.093293],[31.344071,30.093327],[31.344042,30.093392],[31.342778,30.092969]]]}},{"type":"Feature","properties":{},"geometry":{"type":"Polygon","coordinates":[[[31.34655,30.097811],[31.346594,30.097738],[31.346729,30.097799],[31.346684,30.097872],[31.34655,30.097811]]]}},{"type":"Feature","properties":{},"geometry":{"type":"Polygon","coordinates":[[[31.348471,30.092086],[31.348541,30.092045],[31.348471,30.091957],[31.348708,30.091816],[31.348877,30.092029],[31.348868,30.091961],[31.349051,30.091852],[31.349211,30.092055],[31.349072,30.092137],[31.34908,30.092198],[31.349031,30.092203],[31.349108,30.092301],[31.349063,30.092328],[31.349071,30.092395],[31.349054,30.092405],[31.34908,30.092438],[31.349085,30.092477],[31.349164,30.09243],[31.349226,30.092509],[31.349229,30.092534],[31.349129,30.092594],[31.349057,30.092504],[31.348993,30.092511],[31.348988,30.09247],[31.348956,30.092489],[31.348909,30.092493],[31.34894,30.092532],[31.348977,30.092528],[31.349044,30.092613],[31.349056,30.092702],[31.34899,30.092741],[31.348471,30.092086]]]}},{"type":"Feature","properties":{},"geometry":{"type":"Polygon","coordinates":[[[31.349308,30.108958],[31.349439,30.109028],[31.349315,30.109201],[31.349184,30.10913],[31.349308,30.108958]]]}},{"type":"Feature","properties":{},"geometry":{"type":"Polygon","coordinates":[[[31.330459,30.108918],[31.330588,30.108798],[31.330671,30.108865],[31.330542,30.108985],[31.330459,30.108918]]]}},{"type":"Feature","properties":{},"geometry":{"type":"Polygon","coordinates":[[[31.332787,30.093672],[31.332868,30.093752],[31.332852,30.093764],[31.332894,30.093806],[31.332784,30.09389],[31.332699,30.093807],[31.332686,30.093817],[31.332647,30.093779],[31.332787,30.093672]]]}},{"type":"Feature","properties":{},"geometry":{"type":"Polygon","coordinates":[[[31.335185,30.105046],[31.335517,30.105168],[31.335415,30.105377],[31.335083,30.105255],[31.335185,30.105046]]]}},{"type":"Feature","properties":{},"geometry":{"type":"Polygon","coordinates":[[[31.33829,30.094318],[31.338149,30.094435],[31.337974,30.094278],[31.338114,30.094161],[31.33829,30.094318]]]}},{"type":"Feature","properties":{},"geometry":{"type":"Polygon","coordinates":[[[31.339727,30.10666],[31.339515,30.106745],[31.339422,30.10657],[31.339477,30.106548],[31.339403,30.10641],[31.33956,30.106347],[31.339727,30.10666]]]}},{"type":"Feature","properties":{},"geometry":{"type":"Polygon","coordinates":[[[31.340905,30.099625],[31.34102,30.099442],[31.341829,30.09982],[31.341763,30.099927],[31.341476,30.099793],[31.341426,30.099873],[31.340905,30.099625]]]}},{"type":"Feature","properties":{},"geometry":{"type":"Polygon","coordinates":[[[31.342713,30.102611],[31.342415,30.102635],[31.342375,30.10226],[31.342683,30.102235],[31.342716,30.102543],[31.342706,30.102544],[31.342713,30.102611]]]}},{"type":"Feature","properties":{},"geometry":{"type":"Polygon","coordinates":[[[31.343644,30.096602],[31.34368,30.096554],[31.343743,30.09659],[31.343707,30.096637],[31.343644,30.096602]]]}},{"type":"Feature","properties":{},"geometry":{"type":"Polygon","coordinates":[[[31.34519,30.104053],[31.34537,30.103985],[31.345523,30.104289],[31.345343,30.104357],[31.34519,30.104053]]]}},{"type":"Feature","properties":{},"geometry":{"type":"Polygon","coordinates":[[[31.346315,30.106515],[31.346353,30.106457],[31.346957,30.106757],[31.346919,30.106814],[31.346315,30.106515]]]}},{"type":"Feature","properties":{},"geometry":{"type":"Polygon","coordinates":[[[31.346439,30.105543],[31.346583,30.105451],[31.346699,30.105587],[31.346555,30.105679],[31.346439,30.105543]]]}},{"type":"Feature","properties":{},"geometry":{"type":"Polygon","coordinates":[[[31.34707,30.10613],[31.347249,30.105869],[31.34739,30.105941],[31.347211,30.106202],[31.34707,30.10613]]]}},{"type":"Feature","properties":{},"geometry":{"type":"Polygon","coordinates":[[[31.34808,30.109806],[31.347978,30.109765],[31.348041,30.109647],[31.348209,30.109714],[31.348154,30.109817],[31.348088,30.10979],[31.34808,30.109806]]]}},{"type":"Feature","properties":{},"geometry":{"type":"Polygon","coordinates":[[[31.329979,30.096293],[31.330174,30.096155],[31.330253,30.096239],[31.330058,30.096377],[31.329979,30.096293]]]}},{"type":"Feature","properties":{},"geometry":{"type":"Polygon","coordinates":[[[31.330708,30.108165],[31.330631,30.108238],[31.330474,30.108112],[31.330551,30.108039],[31.330708,30.108165]]]}},{"type":"Feature","properties":{},"geometry":{"type":"Polygon","coordinates":[[[31.330885,30.090993],[31.3309,30.090988],[31.33088,30.090944],[31.330895,30.090939],[31.330846,30.090834],[31.330998,30.090782],[31.331159,30.091131],[31.330977,30.091194],[31.330885,30.090993]]]}},{"type":"Feature","properties":{},"geometry":{"type":"Polygon","coordinates":[[[31.333731,30.099283],[31.333773,30.099176],[31.333754,30.099171],[31.333807,30.099038],[31.333986,30.099091],[31.333954,30.09917],[31.333986,30.099179],[31.333957,30.099252],[31.333897,30.099235],[31.333862,30.099322],[31.333731,30.099283]]]}},{"type":"Feature","properties":{},"geometry":{"type":"Polygon","coordinates":[[[31.334475,30.093941],[31.334536,30.094024],[31.334381,30.094109],[31.33432,30.094026],[31.334475,30.093941]]]}},{"type":"Feature","properties":{},"geometry":{"type":"Polygon","coordinates":[[[31.337449,30.091383],[31.337557,30.091214],[31.337703,30.091283],[31.337552,30.09152],[31.337449,30.091471],[31.337492,30.091403],[31.337449,30.091383]]]}},{"type":"Feature","properties":{},"geometry":{"type":"Polygon","coordinates":[[[31.337824,30.104632],[31.33788,30.104537],[31.337946,30.104566],[31.337966,30.104531],[31.337987,30.104541],[31.338012,30.104499],[31.338046,30.104514],[31.338093,30.104433],[31.338307,30.104526],[31.338213,30.104688],[31.338326,30.104738],[31.338274,30.104828],[31.337824,30.104632]]]}},{"type":"Feature","properties":{},"geometry":{"type":"Polygon","coordinates":[[[31.34312,30.090295],[31.343167,30.090336],[31.343111,30.090384],[31.343064,30.090342],[31.34312,30.090295]]]}},{"type":"Feature","properties":{},"geometry":{"type":"Polygon","coordinates":[[[31.343327,30.098454],[31.343303,30.098503],[31.343251,30.098483],[31.343275,30.098434],[31.343327,30.098454]]]}},{"type":"Feature","properties":{},"geometry":{"type":"Polygon","coordinates":[[[31.344654,30.102663],[31.344723,30.102621],[31.345394,30.102952],[31.345314,30.103074],[31.345245,30.10304],[31.345207,30.103098],[31.345105,30.103047],[31.345123,30.10302],[31.345075,30.102996],[31.345125,30.102921],[31.345101,30.102892],[31.345078,30.102896],[31.34503,30.102969],[31.344971,30.102939],[31.344953,30.102967],[31.344996,30.103174],[31.344942,30.103183],[31.344963,30.103281],[31.345077,30.103337],[31.345101,30.103453],[31.345129,30.103437],[31.345091,30.103389],[31.345151,30.103419],[31.345249,30.103542],[31.34503,30.103673],[31.345014,30.103652],[31.344984,30.103657],[31.344944,30.103637],[31.344897,30.103413],[31.344817,30.103313],[31.344688,30.102706],[31.344654,30.102663]]]}},{"type":"Feature","properties":{},"geometry":{"type":"Polygon","coordinates":[[[31.345442,30.10399],[31.345645,30.103908],[31.345781,30.104162],[31.345579,30.104244],[31.345442,30.10399]]]}},{"type":"Feature","properties":{},"geometry":{"type":"Polygon","coordinates":[[[31.345469,30.092266],[31.345453,30.092416],[31.345255,30.092399],[31.345269,30.092272],[31.345404,30.092283],[31.345407,30.09226],[31.345469,30.092266]]]}},{"type":"Feature","properties":{},"geometry":{"type":"Polygon","coordinates":[[[31.346698,30.106307],[31.346836,30.106121],[31.346969,30.106195],[31.346831,30.106381],[31.346698,30.106307]]]}},{"type":"Feature","properties":{},"geometry":{"type":"Polygon","coordinates":[[[31.348713,30.104785],[31.348578,30.104717],[31.348615,30.104661],[31.348643,30.104675],[31.348782,30.104469],[31.348889,30.104523],[31.348713,30.104785]]]}},{"type":"Feature","properties":{},"geometry":{"type":"Polygon","coordinates":[[[31.350275,30.101631],[31.350008,30.102021],[31.349872,30.101951],[31.350139,30.101561],[31.350275,30.101631]]]}},{"type":"Feature","properties":{},"geometry":{"type":"Polygon","coordinates":[[[31.350444,30.109956],[31.350577,30.109794],[31.350775,30.109916],[31.350643,30.110077],[31.350444,30.109956]]]}},{"type":"Feature","properties":{},"geometry":{"type":"Polygon","coordinates":[[[31.351147,30.106169],[31.351052,30.106131],[31.351021,30.106053],[31.350993,30.106042],[31.351001,30.106001],[31.351047,30.105915],[31.35123,30.105859],[31.351305,30.10587],[31.351511,30.105952],[31.351541,30.106025],[31.351528,30.106047],[31.351535,30.106065],[31.351511,30.106176],[31.351367,30.106219],[31.351187,30.106195],[31.351108,30.106163],[31.351147,30.106169]]]}},{"type":"Feature","properties":{},"geometry":{"type":"Polygon","coordinates":[[[31.3552,30.102175],[31.355244,30.102092],[31.355391,30.10215],[31.355347,30.102233],[31.3552,30.102175]]]}},{"type":"Feature","properties":{},"geometry":{"type":"Polygon","coordinates":[[[31.330513,30.098368],[31.330655,30.098262],[31.330848,30.098456],[31.330705,30.098562],[31.330513,30.098368]]]}},{"type":"Feature","properties":{},"geometry":{"type":"Polygon","coordinates":[[[31.332096,30.106632],[31.332266,30.106695],[31.332183,30.106861],[31.332013,30.106798],[31.332096,30.106632]]]}},{"type":"Feature","properties":{},"geometry":{"type":"Polygon","coordinates":[[[31.333524,30.093309],[31.333415,30.093408],[31.33327,30.093289],[31.333378,30.09319],[31.333524,30.093309]]]}},{"type":"Feature","properties":{},"geometry":{"type":"Polygon","coordinates":[[[31.333775,30.109661],[31.333729,30.109677],[31.333709,30.109633],[31.333755,30.109617],[31.333775,30.109661]]]}},{"type":"Feature","properties":{},"geometry":{"type":"Polygon","coordinates":[[[31.334118,30.094445],[31.334168,30.094494],[31.334062,30.094574],[31.334013,30.094526],[31.334118,30.094445]]]}},{"type":"Feature","properties":{},"geometry":{"type":"Polygon","coordinates":[[[31.338937,30.104424],[31.339012,30.104285],[31.339331,30.104414],[31.339256,30.104553],[31.338937,30.104424]]]}},{"type":"Feature","properties":{},"geometry":{"type":"Polygon","coordinates":[[[31.34026,30.108388],[31.340444,30.108457],[31.340371,30.108603],[31.340303,30.108578],[31.340276,30.108632],[31.34016,30.108589],[31.34026,30.108388]]]}},{"type":"Feature","properties":{},"geometry":{"type":"Polygon","coordinates":[[[31.340544,30.108722],[31.340565,30.108679],[31.340527,30.108665],[31.340576,30.108567],[31.340626,30.108586],[31.340745,30.108348],[31.340824,30.108377],[31.340681,30.108663],[31.340923,30.108753],[31.340876,30.108847],[31.340544,30.108722]]]}},{"type":"Feature","properties":{},"geometry":{"type":"Polygon","coordinates":[[[31.342008,30.098947],[31.342086,30.098944],[31.342092,30.099086],[31.342014,30.099088],[31.342008,30.098947]]]}},{"type":"Feature","properties":{},"geometry":{"type":"Polygon","coordinates":[[[31.344658,30.100513],[31.34473,30.100409],[31.345007,30.100552],[31.344935,30.100656],[31.344658,30.100513]]]}},{"type":"Feature","properties":{},"geometry":{"type":"Polygon","coordinates":[[[31.348169,30.105892],[31.348474,30.106033],[31.348326,30.106272],[31.348021,30.106131],[31.348169,30.105892]]]}},{"type":"Feature","properties":{},"geometry":{"type":"Polygon","coordinates":[[[31.349112,30.108827],[31.349269,30.108922],[31.349132,30.109093],[31.348974,30.108999],[31.349112,30.108827]]]}},{"type":"Feature","properties":{},"geometry":{"type":"Polygon","coordinates":[[[31.351055,30.106513],[31.351088,30.106466],[31.351137,30.106491],[31.351105,30.106539],[31.351055,30.106513]]]}},{"type":"Feature","properties":{},"geometry":{"type":"Polygon","coordinates":[[[31.331598,30.109739],[31.331376,30.109826],[31.331263,30.109609],[31.331484,30.109522],[31.331598,30.109739]]]}},{"type":"Feature","properties":{},"geometry":{"type":"Polygon","coordinates":[[[31.33191,30.091789],[31.332093,30.091723],[31.332132,30.091805],[31.331949,30.091871],[31.33191,30.091789]]]}},{"type":"Feature","properties":{},"geometry":{"type":"Polygon","coordinates":[[[31.331913,30.102959],[31.332375,30.102542],[31.332502,30.102648],[31.332392,30.102747],[31.332423,30.102773],[31.332371,30.10282],[31.332414,30.102856],[31.332268,30.102988],[31.332336,30.103044],[31.332122,30.103237],[31.332036,30.103166],[31.332024,30.103177],[31.331855,30.103036],[31.331895,30.103],[31.332003,30.10309],[31.332035,30.103061],[31.331913,30.102959]]]}},{"type":"Feature","properties":{},"geometry":{"type":"Polygon","coordinates":[[[31.334325,30.093712],[31.334263,30.093761],[31.334222,30.093722],[31.334283,30.093673],[31.334325,30.093712]]]}},{"type":"Feature","properties":{},"geometry":{"type":"Polygon","coordinates":[[[31.334737,30.108237],[31.334797,30.10818],[31.33488,30.10796],[31.334857,30.107942],[31.334873,30.107901],[31.334847,30.107881],[31.334863,30.107866],[31.335075,30.107926],[31.334978,30.108185],[31.335064,30.108209],[31.335015,30.108171],[31.335095,30.107959],[31.335182,30.107984],[31.335158,30.108049],[31.335202,30.108008],[31.335236,30.108017],[31.335248,30.108041],[31.335187,30.108201],[31.335098,30.108176],[31.335166,30.108229],[31.335243,30.108377],[31.335126,30.108422],[31.335077,30.108409],[31.334982,30.108226],[31.3349,30.108203],[31.334893,30.108206],[31.335033,30.108471],[31.334888,30.108528],[31.334737,30.108237]]]}},{"type":"Feature","properties":{},"geometry":{"type":"Polygon","coordinates":[[[31.334738,30.100966],[31.33479,30.100657],[31.335006,30.100685],[31.334954,30.100994],[31.334738,30.100966]]]}},{"type":"Feature","properties":{},"geometry":{"type":"Polygon","coordinates":[[[31.335392,30.10405],[31.335225,30.104195],[31.335074,30.104065],[31.335242,30.10392],[31.335392,30.10405]]]}},{"type":"Feature","properties":{},"geometry":{"type":"Polygon","coordinates":[[[31.338251,30.096983],[31.3383,30.097088],[31.338342,30.097073],[31.338375,30.097143],[31.338269,30.09718],[31.33826,30.097162],[31.338193,30.097185],[31.338166,30.097127],[31.338139,30.097137],[31.338093,30.097038],[31.338251,30.096983]]]}},{"type":"Feature","properties":{},"geometry":{"type":"Polygon","coordinates":[[[31.339125,30.100534],[31.339264,30.100539],[31.339263,30.100563],[31.339343,30.100566],[31.339338,30.100677],[31.33926,30.100674],[31.339258,30.100728],[31.339305,30.100729],[31.339301,30.1008],[31.339112,30.100793],[31.339125,30.100534]]]}},{"type":"Feature","properties":{},"geometry":{"type":"Polygon","coordinates":[[[31.339262,30.091934],[31.339522,30.092188],[31.339415,30.09227],[31.339155,30.092016],[31.339262,30.091934]]]}},{"type":"Feature","properties":{},"geometry":{"type":"Polygon","coordinates":[[[31.339689,30.10703],[31.339538,30.106767],[31.339773,30.106667],[31.339924,30.106929],[31.339689,30.10703]]]}},{"type":"Feature","properties":{},"geometry":{"type":"Polygon","coordinates":[[[31.340228,30.097959],[31.340273,30.097881],[31.340693,30.098063],[31.340591,30.098239],[31.340441,30.098174],[31.340476,30.098114],[31.340416,30.098088],[31.340438,30.09805],[31.340228,30.097959]]]}},{"type":"Feature","properties":{},"geometry":{"type":"Polygon","coordinates":[[[31.340795,30.103083],[31.340868,30.102953],[31.341109,30.103054],[31.341036,30.103184],[31.340795,30.103083]]]}},{"type":"Feature","properties":{},"geometry":{"type":"Polygon","coordinates":[[[31.34087,30.105104],[31.34092,30.105017],[31.341124,30.105105],[31.341074,30.105191],[31.34087,30.105104]]]}},{"type":"Feature","properties":{},"geometry":{"type":"Polygon","coordinates":[[[31.344139,30.10208],[31.343995,30.102076],[31.344,30.101946],[31.344145,30.101951],[31.344139,30.10208]]]}},{"type":"Feature","properties":{},"geometry":{"type":"Polygon","coordinates":[[[31.344231,30.091814],[31.344342,30.091664],[31.344364,30.091677],[31.344392,30.091639],[31.344484,30.091689],[31.344345,30.091877],[31.344231,30.091814]]]}},{"type":"Feature","properties":{},"geometry":{"type":"Polygon","coordinates":[[[31.344498,30.094404],[31.344532,30.094447],[31.344482,30.094477],[31.344448,30.094434],[31.344498,30.094404]]]}},{"type":"Feature","properties":{},"geometry":{"type":"Polygon","coordinates":[[[31.345502,30.09148],[31.345317,30.091425],[31.345368,30.091296],[31.345553,30.091351],[31.345502,30.09148]]]}},{"type":"Feature","properties":{},"geometry":{"type":"Polygon","coordinates":[[[31.347088,30.104601],[31.347179,30.104765],[31.347011,30.104835],[31.34692,30.104671],[31.347088,30.104601]]]}},{"type":"Feature","properties":{},"geometry":{"type":"Polygon","coordinates":[[[31.351357,30.1013],[31.351474,30.101122],[31.351688,30.101227],[31.351644,30.101294],[31.351613,30.101279],[31.351539,30.10139],[31.351357,30.1013]]]}},{"type":"Feature","properties":{},"geometry":{"type":"Polygon","coordinates":[[[31.352969,30.106297],[31.352801,30.106534],[31.35272,30.106491],[31.352888,30.106254],[31.352969,30.106297]]]}},{"type":"Feature","properties":{},"geometry":{"type":"Polygon","coordinates":[[[31.330462,30.108152],[31.330619,30.108283],[31.330537,30.108356],[31.33038,30.108225],[31.330462,30.108152]]]}},{"type":"Feature","properties":{},"geometry":{"type":"Polygon","coordinates":[[[31.330896,30.097595],[31.330992,30.097697],[31.330925,30.097745],[31.330954,30.097775],[31.330802,30.097883],[31.33074,30.097818],[31.330794,30.09778],[31.330689,30.097669],[31.33076,30.097618],[31.330801,30.097662],[31.330896,30.097595]]]}},{"type":"Feature","properties":{},"geometry":{"type":"Polygon","coordinates":[[[31.331433,30.096669],[31.331606,30.096843],[31.331444,30.096963],[31.331289,30.096806],[31.331362,30.096752],[31.331345,30.096734],[31.331433,30.096669]]]}},{"type":"Feature","properties":{},"geometry":{"type":"Polygon","coordinates":[[[31.332433,30.101738],[31.332746,30.101596],[31.332752,30.101596],[31.33276,30.101609],[31.332932,30.101612],[31.332929,30.101753],[31.332766,30.101751],[31.332767,30.101706],[31.332758,30.101691],[31.332602,30.101761],[31.332646,30.101834],[31.332524,30.101889],[31.332433,30.101738]]]}},{"type":"Feature","properties":{},"geometry":{"type":"Polygon","coordinates":[[[31.334177,30.092457],[31.334149,30.092428],[31.334241,30.092362],[31.334354,30.09248],[31.334071,30.092684],[31.333968,30.092577],[31.334039,30.092526],[31.334057,30.092544],[31.334177,30.092457]]]}},{"type":"Feature","properties":{},"geometry":{"type":"Polygon","coordinates":[[[31.336912,30.104525],[31.33706,30.104397],[31.33707,30.104378],[31.337135,30.104322],[31.337198,30.104349],[31.337256,30.104398],[31.337227,30.104449],[31.337255,30.104473],[31.337229,30.104517],[31.33721,30.104533],[31.337119,30.104693],[31.337097,30.104683],[31.336912,30.104525]]]}},{"type":"Feature","properties":{},"geometry":{"type":"Polygon","coordinates":[[[31.337045,30.090733],[31.337255,30.09087],[31.337173,30.090965],[31.337072,30.090899],[31.337031,30.090946],[31.336961,30.0909],[31.337001,30.090854],[31.336962,30.090828],[31.337045,30.090733]]]}},{"type":"Feature","properties":{},"geometry":{"type":"Polygon","coordinates":[[[31.337306,30.091779],[31.337515,30.091889],[31.337412,30.092034],[31.337206,30.09192],[31.337306,30.091779]]]}},{"type":"Feature","properties":{},"geometry":{"type":"Polygon","coordinates":[[[31.338057,30.090031],[31.337995,30.090113],[31.338026,30.090131],[31.337971,30.090203],[31.337761,30.090082],[31.337878,30.089929],[31.338057,30.090031]]]}},{"type":"Feature","properties":{},"geometry":{"type":"Polygon","coordinates":[[[31.33872,30.105967],[31.338854,30.105964],[31.338859,30.106105],[31.338726,30.106109],[31.33872,30.105967]]]}},{"type":"Feature","properties":{},"geometry":{"type":"Polygon","coordinates":[[[31.339376,30.100577],[31.3397,30.100621],[31.339665,30.100812],[31.339482,30.100787],[31.339475,30.100825],[31.33937,30.100814],[31.339385,30.100733],[31.339349,30.100728],[31.339376,30.100577]]]}},{"type":"Feature","properties":{},"geometry":{"type":"Polygon","coordinates":[[[31.340154,30.091177],[31.340117,30.091221],[31.340095,30.091233],[31.340002,30.091341],[31.339956,30.091311],[31.339922,30.091349],[31.339896,30.091364],[31.339872,30.091332],[31.339848,30.091346],[31.339771,30.091296],[31.339784,30.091313],[31.339711,30.091265],[31.339772,30.091194],[31.339818,30.091168],[31.339876,30.091205],[31.339924,30.091266],[31.339952,30.091285],[31.339998,30.091259],[31.339884,30.091113],[31.339931,30.091085],[31.339964,30.091047],[31.340028,30.091088],[31.340062,30.091068],[31.340154,30.091177]]]}},{"type":"Feature","properties":{},"geometry":{"type":"Polygon","coordinates":[[[31.340598,30.102418],[31.340677,30.102266],[31.340952,30.102372],[31.340873,30.102525],[31.340598,30.102418]]]}},{"type":"Feature","properties":{},"geometry":{"type":"Polygon","coordinates":[[[31.342838,30.103119],[31.342519,30.103147],[31.342486,30.102866],[31.342462,30.102868],[31.342437,30.102654],[31.342571,30.102642],[31.342578,30.102695],[31.342664,30.102688],[31.342663,30.102679],[31.342761,30.102671],[31.342781,30.102843],[31.342633,30.102856],[31.342638,30.102903],[31.342811,30.102888],[31.342838,30.103119]]]}},{"type":"Feature","properties":{},"geometry":{"type":"Polygon","coordinates":[[[31.344791,30.102248],[31.344839,30.102221],[31.344875,30.102239],[31.344845,30.102285],[31.344873,30.102322],[31.344951,30.102279],[31.345426,30.102513],[31.345441,30.102495],[31.345567,30.102557],[31.345587,30.102583],[31.345559,30.102625],[31.345812,30.102749],[31.345734,30.102869],[31.345823,30.102818],[31.345829,30.10281],[31.345888,30.102839],[31.345844,30.102907],[31.345924,30.102946],[31.345946,30.102975],[31.345899,30.103046],[31.345144,30.102674],[31.345208,30.102578],[31.345181,30.102542],[31.345081,30.102599],[31.34477,30.102446],[31.34451,30.102099],[31.344592,30.101975],[31.344742,30.102049],[31.344695,30.10212],[31.344791,30.102248]]]}},{"type":"Feature","properties":{},"geometry":{"type":"Polygon","coordinates":[[[31.34542,30.099918],[31.345236,30.099974],[31.34509,30.099617],[31.34525,30.099568],[31.345235,30.099531],[31.345325,30.099504],[31.345437,30.099776],[31.34537,30.099796],[31.34542,30.099918]]]}},{"type":"Feature","properties":{},"geometry":{"type":"Polygon","coordinates":[[[31.345756,30.107745],[31.345801,30.107673],[31.346089,30.107808],[31.346226,30.10759],[31.346552,30.107742],[31.346405,30.107975],[31.346331,30.10794],[31.346295,30.107998],[31.345756,30.107745]]]}},{"type":"Feature","properties":{},"geometry":{"type":"Polygon","coordinates":[[[31.349607,30.104895],[31.349783,30.10468],[31.34989,30.104746],[31.349714,30.104961],[31.349607,30.104895]]]}},{"type":"Feature","properties":{},"geometry":{"type":"Polygon","coordinates":[[[31.350353,30.096994],[31.350298,30.097032],[31.350231,30.096958],[31.350287,30.09692],[31.350353,30.096994]]]}},{"type":"Feature","properties":{},"geometry":{"type":"Polygon","coordinates":[[[31.331802,30.108049],[31.331724,30.108121],[31.331551,30.107981],[31.331629,30.107909],[31.331802,30.108049]]]}},{"type":"Feature","properties":{},"geometry":{"type":"Polygon","coordinates":[[[31.33408,30.099094],[31.334171,30.099197],[31.334061,30.099269],[31.33397,30.099167],[31.33408,30.099094]]]}},{"type":"Feature","properties":{},"geometry":{"type":"Polygon","coordinates":[[[31.33612,30.10788],[31.336305,30.107945],[31.336334,30.107968],[31.336312,30.108013],[31.336104,30.108203],[31.336076,30.108193],[31.336,30.108132],[31.33612,30.10788]]]}},{"type":"Feature","properties":{},"geometry":{"type":"Polygon","coordinates":[[[31.336766,30.097458],[31.336712,30.09755],[31.336657,30.097526],[31.336711,30.097433],[31.336766,30.097458]]]}},{"type":"Feature","properties":{},"geometry":{"type":"Polygon","coordinates":[[[31.339064,30.109745],[31.339067,30.109861],[31.33884,30.109866],[31.338837,30.109771],[31.338928,30.109769],[31.338927,30.109748],[31.339064,30.109745]]]}},{"type":"Feature","properties":{},"geometry":{"type":"Polygon","coordinates":[[[31.341008,30.106021],[31.340797,30.106112],[31.34063,30.105824],[31.340841,30.105732],[31.341008,30.106021]]]}},{"type":"Feature","properties":{},"geometry":{"type":"Polygon","coordinates":[[[31.341028,30.091535],[31.341121,30.091459],[31.341241,30.09157],[31.341149,30.091645],[31.341028,30.091535]]]}},{"type":"Feature","properties":{},"geometry":{"type":"Polygon","coordinates":[[[31.343583,30.090152],[31.343617,30.090185],[31.343648,30.090161],[31.343729,30.090243],[31.343659,30.090295],[31.343545,30.09018],[31.343583,30.090152]]]}},{"type":"Feature","properties":{},"geometry":{"type":"Polygon","coordinates":[[[31.346078,30.103699],[31.34623,30.103953],[31.3461,30.104011],[31.345949,30.103757],[31.346078,30.103699]]]}},{"type":"Feature","properties":{},"geometry":{"type":"Polygon","coordinates":[[[31.34717,30.101508],[31.347026,30.101727],[31.346884,30.101657],[31.347029,30.101438],[31.34717,30.101508]]]}},{"type":"Feature","properties":{},"geometry":{"type":"Polygon","coordinates":[[[31.348359,30.099459],[31.348279,30.099611],[31.348113,30.099545],[31.348193,30.099393],[31.348359,30.099459]]]}},{"type":"Feature","properties":{},"geometry":{"type":"Polygon","coordinates":[[[31.330399,30.109331],[31.330282,30.10943],[31.330161,30.109322],[31.330278,30.109223],[31.330399,30.109331]]]}},{"type":"Feature","properties":{},"geometry":{"type":"Polygon","coordinates":[[[31.334458,30.10924],[31.334346,30.109295],[31.334292,30.109213],[31.334403,30.109158],[31.334458,30.10924]]]}},{"type":"Feature","properties":{},"geometry":{"type":"Polygon","coordinates":[[[31.334615,30.097737],[31.334516,30.097714],[31.334588,30.097487],[31.334688,30.097511],[31.334615,30.097737]]]}},{"type":"Feature","properties":{},"geometry":{"type":"Polygon","coordinates":[[[31.336313,30.094535],[31.336141,30.094657],[31.33594,30.094441],[31.336003,30.094397],[31.336019,30.094414],[31.336123,30.09434],[31.336168,30.094387],[31.336216,30.094353],[31.336259,30.094399],[31.336214,30.094431],[31.336313,30.094535]]]}},{"type":"Feature","properties":{},"geometry":{"type":"Polygon","coordinates":[[[31.337183,30.101464],[31.337581,30.101518],[31.337545,30.101717],[31.337147,30.101663],[31.337183,30.101464]]]}},{"type":"Feature","properties":{},"geometry":{"type":"Polygon","coordinates":[[[31.339995,30.102751],[31.340089,30.102579],[31.340405,30.102708],[31.340311,30.10288],[31.339995,30.102751]]]}},{"type":"Feature","properties":{},"geometry":{"type":"Polygon","coordinates":[[[31.342154,30.104127],[31.342107,30.104253],[31.341898,30.104194],[31.341946,30.104068],[31.342154,30.104127]]]}},{"type":"Feature","properties":{},"geometry":{"type":"Polygon","coordinates":[[[31.344672,30.104341],[31.3445,30.104419],[31.344469,30.104368],[31.344641,30.10429],[31.344672,30.104341]]]}},{"type":"Feature","properties":{},"geometry":{"type":"Polygon","coordinates":[[[31.348638,30.099346],[31.348588,30.09942],[31.348604,30.099428],[31.34855,30.099509],[31.348383,30.099425],[31.348488,30.09927],[31.348638,30.099346]]]}},{"type":"Feature","properties":{},"geometry":{"type":"Polygon","coordinates":[[[31.349028,30.100723],[31.349131,30.100568],[31.349294,30.100649],[31.349189,30.100809],[31.349028,30.100723]]]}},{"type":"Feature","properties":{},"geometry":{"type":"Polygon","coordinates":[[[31.330339,30.096224],[31.330235,30.096112],[31.330373,30.096016],[31.330477,30.096128],[31.330339,30.096224]]]}},{"type":"Feature","properties":{},"geometry":{"type":"Polygon","coordinates":[[[31.330739,30.09973],[31.330718,30.099747],[31.330828,30.099848],[31.330681,30.099968],[31.330486,30.09979],[31.330654,30.099652],[31.330739,30.09973]]]}},{"type":"Feature","properties":{},"geometry":{"type":"Polygon","coordinates":[[[31.331558,30.109112],[31.331664,30.109067],[31.331739,30.1092],[31.331633,30.109244],[31.331558,30.109112]]]}},{"type":"Feature","properties":{},"geometry":{"type":"Polygon","coordinates":[[[31.338268,30.090142],[31.338101,30.09037],[31.337947,30.090286],[31.338114,30.090058],[31.338268,30.090142]]]}},{"type":"Feature","properties":{},"geometry":{"type":"Polygon","coordinates":[[[31.338381,30.101583],[31.338426,30.101258],[31.33862,30.101278],[31.338575,30.101603],[31.338381,30.101583]]]}},{"type":"Feature","properties":{},"geometry":{"type":"Polygon","coordinates":[[[31.339488,30.09445],[31.33959,30.094299],[31.339702,30.094355],[31.33968,30.094388],[31.339706,30.094402],[31.339731,30.094364],[31.33984,30.094419],[31.339746,30.094559],[31.339608,30.094489],[31.339598,30.094505],[31.339488,30.09445]]]}},{"type":"Feature","properties":{},"geometry":{"type":"Polygon","coordinates":[[[31.340028,30.096152],[31.340109,30.096106],[31.340144,30.096153],[31.340194,30.096124],[31.340284,30.096242],[31.340153,30.096317],[31.340028,30.096152]]]}},{"type":"Feature","properties":{},"geometry":{"type":"Polygon","coordinates":[[[31.342669,30.105205],[31.342576,30.105233],[31.342531,30.105121],[31.342624,30.105093],[31.342669,30.105205]]]}},{"type":"Feature","properties":{},"geometry":{"type":"Polygon","coordinates":[[[31.344647,30.097359],[31.344778,30.097196],[31.344984,30.09732],[31.344854,30.097483],[31.344647,30.097359]]]}},{"type":"Feature","properties":{},"geometry":{"type":"Polygon","coordinates":[[[31.347464,30.099279],[31.347349,30.099323],[31.347251,30.099127],[31.347366,30.099084],[31.347464,30.099279]]]}},{"type":"Feature","properties":{},"geometry":{"type":"Polygon","coordinates":[[[31.348126,30.105869],[31.34796,30.106088],[31.347722,30.105953],[31.347888,30.105734],[31.348126,30.105869]]]}},{"type":"Feature","properties":{},"geometry":{"type":"Polygon","coordinates":[[[31.349429,30.104802],[31.349618,30.104574],[31.349746,30.104654],[31.349557,30.104882],[31.349429,30.104802]]]}},{"type":"Feature","properties":{},"geometry":{"type":"Polygon","coordinates":[[[31.351009,30.090087],[31.351087,30.090013],[31.351132,30.090048],[31.351054,30.090122],[31.351009,30.090087]]]}},{"type":"Feature","properties":{},"geometry":{"type":"Polygon","coordinates":[[[31.351091,30.090439],[31.351162,30.090373],[31.351414,30.090575],[31.351343,30.090641],[31.351091,30.090439]]]}},{"type":"Feature","properties":{},"geometry":{"type":"Polygon","coordinates":[[[31.330159,30.094392],[31.329956,30.094535],[31.329914,30.09449],[31.329856,30.094216],[31.330021,30.0941],[31.330142,30.094229],[31.33012,30.094245],[31.330154,30.094282],[31.330113,30.094311],[31.33015,30.094351],[31.330159,30.094392]]]}},{"type":"Feature","properties":{},"geometry":{"type":"Polygon","coordinates":[[[31.331245,30.109894],[31.331315,30.11001],[31.331124,30.110095],[31.331055,30.109979],[31.331245,30.109894]]]}},{"type":"Feature","properties":{},"geometry":{"type":"Polygon","coordinates":[[[31.331615,30.105635],[31.331526,30.105813],[31.331478,30.105795],[31.331567,30.105617],[31.331615,30.105635]]]}},{"type":"Feature","properties":{},"geometry":{"type":"Polygon","coordinates":[[[31.332773,30.103603],[31.332729,30.103696],[31.332461,30.1036],[31.332505,30.103507],[31.332773,30.103603]]]}},{"type":"Feature","properties":{},"geometry":{"type":"Polygon","coordinates":[[[31.339188,30.095956],[31.339291,30.095902],[31.339397,30.096054],[31.339323,30.096093],[31.339307,30.096071],[31.339279,30.096086],[31.339188,30.095956]]]}},{"type":"Feature","properties":{},"geometry":{"type":"Polygon","coordinates":[[[31.339236,30.105799],[31.339254,30.10569],[31.339478,30.105717],[31.33946,30.105826],[31.339236,30.105799]]]}},{"type":"Feature","properties":{},"geometry":{"type":"Polygon","coordinates":[[[31.340276,30.10644],[31.34041,30.106686],[31.340214,30.106766],[31.34008,30.106519],[31.340276,30.10644]]]}},{"type":"Feature","properties":{},"geometry":{"type":"Polygon","coordinates":[[[31.344078,30.093135],[31.34413,30.093035],[31.344208,30.093065],[31.344156,30.093166],[31.344078,30.093135]]]}},{"type":"Feature","properties":{},"geometry":{"type":"Polygon","coordinates":[[[31.34514,30.10726],[31.345365,30.107219],[31.345406,30.107385],[31.345181,30.107427],[31.34514,30.10726]]]}},{"type":"Feature","properties":{},"geometry":{"type":"Polygon","coordinates":[[[31.346684,30.100577],[31.346521,30.100492],[31.346668,30.100279],[31.346991,30.100445],[31.346877,30.100611],[31.346717,30.100529],[31.346684,30.100577]]]}},{"type":"Feature","properties":{},"geometry":{"type":"Polygon","coordinates":[[[31.348326,30.109303],[31.348482,30.109392],[31.348383,30.109521],[31.348227,30.109432],[31.348326,30.109303]]]}},{"type":"Feature","properties":{},"geometry":{"type":"Polygon","coordinates":[[[31.352076,30.104937],[31.352046,30.10498],[31.351912,30.104908],[31.351942,30.104866],[31.352076,30.104937]]]}},{"type":"Feature","properties":{},"geometry":{"type":"Polygon","coordinates":[[[31.33071,30.094279],[31.330509,30.094424],[31.330471,30.094385],[31.330501,30.094362],[31.330421,30.094279],[31.330497,30.094224],[31.330456,30.094182],[31.330512,30.094141],[31.330549,30.094179],[31.330588,30.094151],[31.33071,30.094279]]]}},{"type":"Feature","properties":{},"geometry":{"type":"Polygon","coordinates":[[[31.33091,30.107504],[31.330832,30.107577],[31.330674,30.10745],[31.330752,30.107378],[31.33091,30.107504]]]}},{"type":"Feature","properties":{},"geometry":{"type":"Polygon","coordinates":[[[31.332117,30.095111],[31.33222,30.095049],[31.332263,30.095102],[31.33216,30.095164],[31.332117,30.095111]]]}},{"type":"Feature","properties":{},"geometry":{"type":"Polygon","coordinates":[[[31.33217,30.09147],[31.332311,30.091403],[31.332368,30.091494],[31.332228,30.091561],[31.33217,30.09147]]]}},{"type":"Feature","properties":{},"geometry":{"type":"Polygon","coordinates":[[[31.332782,30.107874],[31.332838,30.10789],[31.332851,30.107859],[31.33299,30.107901],[31.332942,30.108021],[31.332836,30.10799],[31.33278,30.107989],[31.332867,30.108015],[31.332854,30.108493],[31.332811,30.108493],[31.332798,30.108523],[31.332717,30.108499],[31.332721,30.108262],[31.332727,30.108246],[31.332702,30.108246],[31.332703,30.108165],[31.332736,30.108084],[31.332736,30.108042],[31.332754,30.107997],[31.332735,30.107992],[31.332782,30.107874]]]}},{"type":"Feature","properties":{},"geometry":{"type":"Polygon","coordinates":[[[31.334794,30.104042],[31.334674,30.104146],[31.334489,30.103986],[31.334609,30.103883],[31.334794,30.104042]]]}},{"type":"Feature","properties":{},"geometry":{"type":"Polygon","coordinates":[[[31.335615,30.097533],[31.335661,30.097383],[31.335809,30.097417],[31.335782,30.097503],[31.335773,30.097501],[31.335754,30.097565],[31.335615,30.097533]]]}},{"type":"Feature","properties":{},"geometry":{"type":"Polygon","coordinates":[[[31.336176,30.10432],[31.336021,30.104453],[31.335813,30.104271],[31.335968,30.104139],[31.336176,30.10432]]]}},{"type":"Feature","properties":{},"geometry":{"type":"Polygon","coordinates":[[[31.336976,30.099638],[31.336826,30.099721],[31.336689,30.099536],[31.336839,30.099453],[31.336976,30.099638]]]}},{"type":"Feature","properties":{},"geometry":{"type":"Polygon","coordinates":[[[31.337191,30.109546],[31.337249,30.10969],[31.337084,30.10974],[31.337026,30.109596],[31.337191,30.109546]]]}},{"type":"Feature","properties":{},"geometry":{"type":"Polygon","coordinates":[[[31.339157,30.100292],[31.33904,30.100279],[31.339034,30.10032],[31.338906,30.100306],[31.338933,30.100125],[31.339178,30.100153],[31.339157,30.100292]]]}},{"type":"Feature","properties":{},"geometry":{"type":"Polygon","coordinates":[[[31.340035,30.103425],[31.340114,30.103272],[31.340399,30.103383],[31.34032,30.103535],[31.340035,30.103425]]]}},{"type":"Feature","properties":{},"geometry":{"type":"Polygon","coordinates":[[[31.342155,30.107677],[31.342051,30.107715],[31.341949,30.107509],[31.342054,30.107471],[31.342155,30.107677]]]}},{"type":"Feature","properties":{},"geometry":{"type":"Polygon","coordinates":[[[31.344733,30.098304],[31.34486,30.098396],[31.344755,30.098504],[31.344629,30.098412],[31.344733,30.098304]]]}},{"type":"Feature","properties":{},"geometry":{"type":"Polygon","coordinates":[[[31.344767,30.091055],[31.344924,30.090959],[31.345018,30.091074],[31.344861,30.091171],[31.344767,30.091055]]]}},{"type":"Feature","properties":{},"geometry":{"type":"Polygon","coordinates":[[[31.344894,30.105244],[31.345064,30.105165],[31.345216,30.105412],[31.345046,30.10549],[31.344894,30.105244]]]}},{"type":"Feature","properties":{},"geometry":{"type":"Polygon","coordinates":[[[31.345884,30.094373],[31.34589,30.094419],[31.345837,30.094424],[31.345831,30.094378],[31.345884,30.094373]]]}},{"type":"Feature","properties":{},"geometry":{"type":"Polygon","coordinates":[[[31.350282,30.092611],[31.350359,30.092704],[31.350299,30.092741],[31.350189,30.092607],[31.350234,30.092579],[31.350268,30.09262],[31.350282,30.092611]]]}},{"type":"Feature","properties":{},"geometry":{"type":"Polygon","coordinates":[[[31.352303,30.103479],[31.351978,30.103924],[31.351842,30.10385],[31.351991,30.103646],[31.351948,30.103623],[31.352,30.103552],[31.35203,30.103569],[31.352155,30.103398],[31.352303,30.103479]]]}},{"type":"Feature","properties":{},"geometry":{"type":"Polygon","coordinates":[[[31.352792,30.103557],[31.352737,30.103615],[31.352696,30.103585],[31.35275,30.103528],[31.352792,30.103557]]]}},{"type":"Feature","properties":{},"geometry":{"type":"Polygon","coordinates":[[[31.352842,30.107338],[31.352768,30.107433],[31.352716,30.107403],[31.352791,30.107308],[31.352842,30.107338]]]}},{"type":"Feature","properties":{},"geometry":{"type":"Polygon","coordinates":[[[31.354328,30.098324],[31.354283,30.098375],[31.3542,30.098319],[31.354245,30.098269],[31.354328,30.098324]]]}},{"type":"Feature","properties":{},"geometry":{"type":"Polygon","coordinates":[[[31.355261,30.100922],[31.3554,30.101011],[31.355274,30.101158],[31.355135,30.101069],[31.355261,30.100922]]]}},{"type":"Feature","properties":{},"geometry":{"type":"Polygon","coordinates":[[[31.330472,30.101185],[31.330436,30.101157],[31.330408,30.101185],[31.330378,30.101161],[31.33035,30.101189],[31.330272,30.101127],[31.330408,30.100995],[31.330553,30.101107],[31.330472,30.101185]]]}},{"type":"Feature","properties":{},"geometry":{"type":"Polygon","coordinates":[[[31.330984,30.099762],[31.331113,30.09991],[31.331036,30.09996],[31.330908,30.099811],[31.330984,30.099762]]]}},{"type":"Feature","properties":{},"geometry":{"type":"Polygon","coordinates":[[[31.33099,30.100899],[31.331056,30.100861],[31.331083,30.100896],[31.331017,30.100934],[31.33099,30.100899]]]}},{"type":"Feature","properties":{},"geometry":{"type":"Polygon","coordinates":[[[31.332254,30.109435],[31.332457,30.109334],[31.332544,30.109465],[31.332511,30.109481],[31.332574,30.109575],[31.332382,30.109671],[31.332323,30.109582],[31.332344,30.109571],[31.332254,30.109435]]]}},{"type":"Feature","properties":{},"geometry":{"type":"Polygon","coordinates":[[[31.333071,30.096191],[31.333199,30.096256],[31.33315,30.096328],[31.333191,30.096349],[31.33315,30.096409],[31.33316,30.096414],[31.333094,30.096512],[31.332999,30.096464],[31.333007,30.096452],[31.332914,30.096405],[31.332991,30.096292],[31.332977,30.096285],[31.333008,30.096238],[31.333031,30.09625],[31.333071,30.096191]]]}},{"type":"Feature","properties":{},"geometry":{"type":"Polygon","coordinates":[[[31.335595,30.098022],[31.335535,30.098165],[31.335381,30.098117],[31.335441,30.097973],[31.335595,30.098022]]]}},{"type":"Feature","properties":{},"geometry":{"type":"Polygon","coordinates":[[[31.335634,30.104203],[31.335448,30.104359],[31.335297,30.104225],[31.335483,30.104068],[31.335634,30.104203]]]}},{"type":"Feature","properties":{},"geometry":{"type":"Polygon","coordinates":[[[31.338281,30.095734],[31.338227,30.095641],[31.338367,30.095579],[31.338417,30.095664],[31.338494,30.09563],[31.338586,30.095787],[31.338407,30.095865],[31.33832,30.095717],[31.338281,30.095734]]]}},{"type":"Feature","properties":{},"geometry":{"type":"Polygon","coordinates":[[[31.340578,30.095131],[31.34066,30.095168],[31.340571,30.095316],[31.340488,30.095279],[31.340578,30.095131]]]}},{"type":"Feature","properties":{},"geometry":{"type":"Polygon","coordinates":[[[31.340938,30.092281],[31.340718,30.092449],[31.340584,30.092318],[31.340527,30.092361],[31.340229,30.09207],[31.34048,30.091878],[31.34073,30.092123],[31.340761,30.0921],[31.340938,30.092281]]]}},{"type":"Feature","properties":{},"geometry":{"type":"Polygon","coordinates":[[[31.343262,30.090735],[31.343287,30.090719],[31.343237,30.090663],[31.343283,30.090632],[31.343464,30.090833],[31.343802,30.090598],[31.343895,30.090701],[31.343482,30.090979],[31.343262,30.090735]]]}},{"type":"Feature","properties":{},"geometry":{"type":"Polygon","coordinates":[[[31.344815,30.106262],[31.345031,30.106221],[31.345095,30.106478],[31.344965,30.106503],[31.344974,30.106542],[31.345113,30.106516],[31.345129,30.106581],[31.345006,30.106604],[31.345009,30.106614],[31.344908,30.106633],[31.344815,30.106262]]]}},{"type":"Feature","properties":{},"geometry":{"type":"Polygon","coordinates":[[[31.34759,30.10717],[31.347561,30.107209],[31.347473,30.107159],[31.347528,30.107087],[31.347654,30.107159],[31.347629,30.107192],[31.34759,30.10717]]]}},{"type":"Feature","properties":{},"geometry":{"type":"Polygon","coordinates":[[[31.347729,30.099772],[31.34777,30.09981],[31.347712,30.099858],[31.34767,30.09982],[31.347729,30.099772]]]}},{"type":"Feature","properties":{},"geometry":{"type":"Polygon","coordinates":[[[31.330372,30.109713],[31.330534,30.109645],[31.330583,30.109732],[31.33042,30.1098],[31.330372,30.109713]]]}},{"type":"Feature","properties":{},"geometry":{"type":"Polygon","coordinates":[[[31.333957,30.105588],[31.334088,30.105646],[31.333969,30.105846],[31.333838,30.105787],[31.333957,30.105588]]]}},{"type":"Feature","properties":{},"geometry":{"type":"Polygon","coordinates":[[[31.335269,30.104783],[31.33546,30.104628],[31.335616,30.104771],[31.335425,30.104927],[31.335269,30.104783]]]}},{"type":"Feature","properties":{},"geometry":{"type":"Polygon","coordinates":[[[31.33694,30.103205],[31.337009,30.103324],[31.336885,30.103377],[31.336817,30.103258],[31.33694,30.103205]]]}},{"type":"Feature","properties":{},"geometry":{"type":"Polygon","coordinates":[[[31.339365,30.109852],[31.33914,30.109876],[31.339098,30.109586],[31.33904,30.109592],[31.339054,30.109688],[31.338837,30.109712],[31.338824,30.109618],[31.338861,30.109614],[31.338835,30.109438],[31.338793,30.109426],[31.33879,30.1094],[31.338725,30.109382],[31.33872,30.109342],[31.339142,30.109461],[31.339101,30.109465],[31.339155,30.109481],[31.339164,30.109543],[31.339151,30.109579],[31.339158,30.109631],[31.339195,30.109642],[31.3392,30.10968],[31.339269,30.1097],[31.339313,30.109695],[31.339343,30.109704],[31.339365,30.109852]]]}},{"type":"Feature","properties":{},"geometry":{"type":"Polygon","coordinates":[[[31.339803,30.094743],[31.339833,30.094697],[31.339928,30.094742],[31.339821,30.094909],[31.339686,30.094844],[31.339763,30.094723],[31.339803,30.094743]]]}},{"type":"Feature","properties":{},"geometry":{"type":"Polygon","coordinates":[[[31.340971,30.096887],[31.340816,30.096652],[31.341025,30.096549],[31.34118,30.096784],[31.340971,30.096887]]]}},{"type":"Feature","properties":{},"geometry":{"type":"Polygon","coordinates":[[[31.342999,30.090643],[31.34315,30.090522],[31.343114,30.090487],[31.343169,30.090443],[31.343213,30.090485],[31.34317,30.09052],[31.343242,30.090587],[31.343079,30.090717],[31.342999,30.090643]]]}},{"type":"Feature","properties":{},"geometry":{"type":"Polygon","coordinates":[[[31.343063,30.090745],[31.343185,30.090863],[31.342918,30.09107],[31.342796,30.090952],[31.343063,30.090745]]]}},{"type":"Feature","properties":{},"geometry":{"type":"Polygon","coordinates":[[[31.3463,30.10611],[31.346106,30.106014],[31.346256,30.105786],[31.34645,30.105882],[31.3463,30.10611]]]}},{"type":"Feature","properties":{},"geometry":{"type":"Polygon","coordinates":[[[31.34859,30.104924],[31.348821,30.105031],[31.348687,30.105248],[31.348597,30.105207],[31.348583,30.105229],[31.348442,30.105164],[31.34859,30.104924]]]}},{"type":"Feature","properties":{},"geometry":{"type":"Polygon","coordinates":[[[31.351112,30.108525],[31.351178,30.108451],[31.351516,30.108676],[31.351449,30.108751],[31.351112,30.108525]]]}},{"type":"Feature","properties":{},"geometry":{"type":"Polygon","coordinates":[[[31.330367,30.101675],[31.330579,30.101536],[31.330709,30.101683],[31.330497,30.101822],[31.330367,30.101675]]]}},{"type":"Feature","properties":{},"geometry":{"type":"Polygon","coordinates":[[[31.331551,30.092884],[31.331657,30.093004],[31.331605,30.093038],[31.331636,30.093074],[31.331502,30.093163],[31.331452,30.093107],[31.331498,30.093077],[31.33141,30.092977],[31.331551,30.092884]]]}},{"type":"Feature","properties":{},"geometry":{"type":"Polygon","coordinates":[[[31.334429,30.097426],[31.334541,30.097465],[31.334423,30.097707],[31.334314,30.097669],[31.334429,30.097426]]]}},{"type":"Feature","properties":{},"geometry":{"type":"Polygon","coordinates":[[[31.335686,30.095881],[31.335496,30.096036],[31.335461,30.096044],[31.335454,30.096022],[31.335578,30.095921],[31.335552,30.095897],[31.335518,30.095905],[31.335474,30.095941],[31.335459,30.095984],[31.335271,30.096137],[31.335291,30.096198],[31.335277,30.096239],[31.335215,30.096254],[31.335173,30.096214],[31.335194,30.096281],[31.335247,30.096295],[31.335359,30.096268],[31.335368,30.096296],[31.335458,30.096379],[31.335389,30.096583],[31.33525,30.096548],[31.335235,30.096502],[31.335211,30.096479],[31.335132,30.096498],[31.335015,30.096132],[31.335022,30.096112],[31.33507,30.096073],[31.335032,30.096038],[31.335438,30.095708],[31.335471,30.095738],[31.335517,30.095726],[31.335686,30.095881]]]}},{"type":"Feature","properties":{},"geometry":{"type":"Polygon","coordinates":[[[31.336389,30.103473],[31.336565,30.10327],[31.336519,30.10324],[31.336559,30.103193],[31.336701,30.103286],[31.336485,30.103536],[31.336389,30.103473]]]}},{"type":"Feature","properties":{},"geometry":{"type":"Polygon","coordinates":[[[31.337301,30.108844],[31.337464,30.108778],[31.337574,30.108977],[31.337411,30.109044],[31.337301,30.108844]]]}},{"type":"Feature","properties":{},"geometry":{"type":"Polygon","coordinates":[[[31.338555,30.107575],[31.338521,30.107301],[31.338501,30.107261],[31.338652,30.107246],[31.338657,30.107281],[31.338797,30.10723],[31.338912,30.107465],[31.33874,30.107528],[31.338774,30.107525],[31.338667,30.107564],[31.338555,30.107575]]]}},{"type":"Feature","properties":{},"geometry":{"type":"Polygon","coordinates":[[[31.338555,30.098029],[31.339132,30.098342],[31.339072,30.098424],[31.339051,30.098413],[31.338981,30.09851],[31.338834,30.098431],[31.338899,30.098344],[31.33898,30.098388],[31.338898,30.098312],[31.338906,30.098301],[31.338856,30.098275],[31.338832,30.098308],[31.338864,30.098338],[31.338804,30.098421],[31.338752,30.098376],[31.338675,30.098334],[31.338662,30.098345],[31.338613,30.098319],[31.338547,30.098372],[31.338311,30.098152],[31.338432,30.098055],[31.338475,30.098094],[31.338555,30.098029]]]}},{"type":"Feature","properties":{},"geometry":{"type":"Polygon","coordinates":[[[31.33908,30.100798],[31.339204,30.100819],[31.339178,30.100937],[31.339248,30.100949],[31.339221,30.10107],[31.339074,30.101045],[31.339085,30.100996],[31.339038,30.100989],[31.33908,30.100798]]]}},{"type":"Feature","properties":{},"geometry":{"type":"Polygon","coordinates":[[[31.345157,30.103267],[31.345122,30.103295],[31.34515,30.10332],[31.345106,30.103356],[31.345,30.103258],[31.345078,30.103195],[31.345157,30.103267]]]}},{"type":"Feature","properties":{},"geometry":{"type":"Polygon","coordinates":[[[31.346507,30.091172],[31.346606,30.091249],[31.346519,30.091333],[31.34629,30.091155],[31.346409,30.09104],[31.346539,30.091141],[31.346507,30.091172]]]}},{"type":"Feature","properties":{},"geometry":{"type":"Polygon","coordinates":[[[31.348247,30.09288],[31.348505,30.09272],[31.348486,30.092697],[31.348588,30.092633],[31.348694,30.09276],[31.348314,30.092996],[31.348257,30.092928],[31.348276,30.092916],[31.348247,30.09288]]]}},{"type":"Feature","properties":{},"geometry":{"type":"Polygon","coordinates":[[[31.354973,30.10611],[31.355007,30.106129],[31.354918,30.106248],[31.354768,30.106165],[31.354866,30.106034],[31.354981,30.106098],[31.354973,30.10611]]]}},{"type":"Feature","properties":{},"geometry":{"type":"Polygon","coordinates":[[[31.330834,30.094717],[31.330869,30.094695],[31.330737,30.094545],[31.330908,30.094432],[31.331018,30.094557],[31.331055,30.094532],[31.331243,30.094745],[31.331,30.094905],[31.330834,30.094717]]]}},{"type":"Feature","properties":{},"geometry":{"type":"Polygon","coordinates":[[[31.331516,30.109519],[31.331734,30.109448],[31.331793,30.109584],[31.331575,30.109655],[31.331516,30.109519]]]}},{"type":"Feature","properties":{},"geometry":{"type":"Polygon","coordinates":[[[31.332431,30.107146],[31.332265,30.107302],[31.33216,30.107218],[31.332326,30.107062],[31.332431,30.107146]]]}},{"type":"Feature","properties":{},"geometry":{"type":"Polygon","coordinates":[[[31.332477,30.100282],[31.332496,30.10032],[31.332422,30.100348],[31.332403,30.100311],[31.332477,30.100282]]]}},{"type":"Feature","properties":{},"geometry":{"type":"Polygon","coordinates":[[[31.33299,30.104606],[31.333096,30.104418],[31.333345,30.104523],[31.333271,30.104655],[31.333184,30.104619],[31.333153,30.104674],[31.33299,30.104606]]]}},{"type":"Feature","properties":{},"geometry":{"type":"Polygon","coordinates":[[[31.335749,30.092917],[31.335888,30.092957],[31.335964,30.093027],[31.335995,30.093036],[31.336065,30.093101],[31.336055,30.093127],[31.335925,30.093235],[31.335894,30.093226],[31.335828,30.093164],[31.335841,30.093128],[31.335825,30.093112],[31.335678,30.09307],[31.335656,30.093051],[31.335667,30.093023],[31.335727,30.092975],[31.335749,30.092917]]]}},{"type":"Feature","properties":{},"geometry":{"type":"Polygon","coordinates":[[[31.339278,30.109376],[31.339373,30.1092],[31.339512,30.109256],[31.339416,30.109432],[31.339278,30.109376]]]}},{"type":"Feature","properties":{},"geometry":{"type":"Polygon","coordinates":[[[31.339286,30.096264],[31.339441,30.096181],[31.339579,30.096373],[31.339425,30.096456],[31.339286,30.096264]]]}},{"type":"Feature","properties":{},"geometry":{"type":"Polygon","coordinates":[[[31.340296,30.095206],[31.340406,30.095051],[31.340515,30.095109],[31.340405,30.095264],[31.340296,30.095206]]]}},{"type":"Feature","properties":{},"geometry":{"type":"Polygon","coordinates":[[[31.341273,30.105911],[31.34126,30.105889],[31.341202,30.105914],[31.341038,30.105637],[31.341237,30.10555],[31.341408,30.105851],[31.341273,30.105911]]]}},{"type":"Feature","properties":{},"geometry":{"type":"Polygon","coordinates":[[[31.342904,30.103864],[31.342921,30.104056],[31.342634,30.104074],[31.342618,30.103883],[31.342904,30.103864]]]}},{"type":"Feature","properties":{},"geometry":{"type":"Polygon","coordinates":[[[31.344801,30.109101],[31.344701,30.109125],[31.34469,30.109088],[31.344632,30.109101],[31.344627,30.109142],[31.344561,30.109158],[31.344611,30.109315],[31.344456,30.109352],[31.344396,30.109161],[31.344499,30.109137],[31.344477,30.109067],[31.344485,30.10901],[31.34443,30.109004],[31.3444,30.108907],[31.34435,30.108901],[31.344317,30.108797],[31.344323,30.108761],[31.344462,30.108728],[31.344476,30.108774],[31.344521,30.108763],[31.344526,30.10873],[31.344607,30.108711],[31.34464,30.108816],[31.344706,30.108823],[31.34473,30.1089],[31.344747,30.108896],[31.344739,30.108953],[31.344728,30.108918],[31.344721,30.108964],[31.34476,30.108968],[31.344801,30.109101]]]}},{"type":"Feature","properties":{},"geometry":{"type":"Polygon","coordinates":[[[31.345196,30.093195],[31.345125,30.093192],[31.34513,30.093105],[31.345201,30.093108],[31.345196,30.093195]]]}},{"type":"Feature","properties":{},"geometry":{"type":"Polygon","coordinates":[[[31.346605,30.095933],[31.346519,30.096094],[31.346176,30.095957],[31.346261,30.095796],[31.346605,30.095933]]]}},{"type":"Feature","properties":{},"geometry":{"type":"Polygon","coordinates":[[[31.351313,30.109879],[31.3512,30.110012],[31.350899,30.109821],[31.351011,30.109688],[31.351313,30.109879]]]}},{"type":"Feature","properties":{},"geometry":{"type":"Polygon","coordinates":[[[31.351719,30.108947],[31.351783,30.108864],[31.352345,30.10919],[31.35228,30.109273],[31.351719,30.108947]]]}},{"type":"Feature","properties":{},"geometry":{"type":"Polygon","coordinates":[[[31.352181,30.106778],[31.352118,30.106881],[31.352063,30.106856],[31.352125,30.106753],[31.352181,30.106778]]]}},{"type":"Feature","properties":{},"geometry":{"type":"Polygon","coordinates":[[[31.353023,30.107419],[31.353098,30.107325],[31.353152,30.107357],[31.353077,30.107451],[31.353023,30.107419]]]}},{"type":"Feature","properties":{},"geometry":{"type":"Polygon","coordinates":[[[31.353952,30.099351],[31.354011,30.099385],[31.353832,30.099613],[31.353773,30.099579],[31.353952,30.099351]]]}},{"type":"Feature","properties":{},"geometry":{"type":"Polygon","coordinates":[[[31.331038,30.100855],[31.330959,30.100912],[31.330935,30.100888],[31.331014,30.10083],[31.331038,30.100855]]]}},{"type":"Feature","properties":{},"geometry":{"type":"Polygon","coordinates":[[[31.331157,30.092178],[31.331255,30.092121],[31.331351,30.092242],[31.331209,30.092325],[31.331143,30.092242],[31.331187,30.092216],[31.331157,30.092178]]]}},{"type":"Feature","properties":{},"geometry":{"type":"Polygon","coordinates":[[[31.332254,30.098623],[31.332494,30.098455],[31.332552,30.098516],[31.332504,30.098549],[31.332762,30.098824],[31.3328,30.098797],[31.332788,30.098785],[31.332827,30.098757],[31.332911,30.098847],[31.332656,30.099026],[31.332602,30.098968],[31.332632,30.098946],[31.332365,30.098661],[31.332319,30.098693],[31.332254,30.098623]]]}},{"type":"Feature","properties":{},"geometry":{"type":"Polygon","coordinates":[[[31.33246,30.093589],[31.332588,30.09349],[31.332754,30.093651],[31.332614,30.09376],[31.332482,30.093632],[31.332495,30.093623],[31.33246,30.093589]]]}},{"type":"Feature","properties":{},"geometry":{"type":"Polygon","coordinates":[[[31.333087,30.108742],[31.333192,30.108945],[31.333168,30.108954],[31.333212,30.109038],[31.333093,30.109084],[31.333055,30.109012],[31.333012,30.109029],[31.3329,30.108815],[31.333087,30.108742]]]}},{"type":"Feature","properties":{},"geometry":{"type":"Polygon","coordinates":[[[31.333681,30.109193],[31.333861,30.109135],[31.333913,30.109255],[31.333733,30.109313],[31.333681,30.109193]]]}},{"type":"Feature","properties":{},"geometry":{"type":"Polygon","coordinates":[[[31.334154,30.094831],[31.334279,30.094978],[31.334187,30.095037],[31.334062,30.09489],[31.334154,30.094831]]]}},{"type":"Feature","properties":{},"geometry":{"type":"Polygon","coordinates":[[[31.335369,30.09514],[31.335398,30.095117],[31.335367,30.095088],[31.335458,30.095016],[31.335547,30.095099],[31.335428,30.095195],[31.335369,30.09514]]]}},{"type":"Feature","properties":{},"geometry":{"type":"Polygon","coordinates":[[[31.335492,30.093741],[31.335616,30.09367],[31.335713,30.093799],[31.335589,30.093869],[31.335492,30.093741]]]}},{"type":"Feature","properties":{},"geometry":{"type":"Polygon","coordinates":[[[31.338577,30.10261],[31.338556,30.102669],[31.338464,30.102645],[31.338485,30.102585],[31.338577,30.10261]]]}},{"type":"Feature","properties":{},"geometry":{"type":"Polygon","coordinates":[[[31.338985,30.095991],[31.338908,30.096044],[31.338866,30.095997],[31.338833,30.096019],[31.33873,30.095904],[31.33884,30.09583],[31.338985,30.095991]]]}},{"type":"Feature","properties":{},"geometry":{"type":"Polygon","coordinates":[[[31.34122,30.106329],[31.340992,30.106417],[31.340867,30.106175],[31.341095,30.106087],[31.34122,30.106329]]]}},{"type":"Feature","properties":{},"geometry":{"type":"Polygon","coordinates":[[[31.344534,30.09172],[31.344631,30.091767],[31.344535,30.091915],[31.344437,30.091867],[31.344534,30.09172]]]}},{"type":"Feature","properties":{},"geometry":{"type":"Polygon","coordinates":[[[31.348199,30.1068],[31.34804,30.107055],[31.347909,30.106994],[31.348068,30.106739],[31.348199,30.1068]]]}},{"type":"Feature","properties":{},"geometry":{"type":"Polygon","coordinates":[[[31.35418,30.109215],[31.35414,30.109264],[31.354085,30.109231],[31.354126,30.109181],[31.35418,30.109215]]]}},{"type":"Feature","properties":{},"geometry":{"type":"Polygon","coordinates":[[[31.330564,30.092622],[31.330596,30.092719],[31.330454,30.092754],[31.330422,30.092656],[31.330564,30.092622]]]}},{"type":"Feature","properties":{},"geometry":{"type":"Polygon","coordinates":[[[31.331249,30.099887],[31.331336,30.099812],[31.331576,30.100021],[31.331489,30.100096],[31.331249,30.099887]]]}},{"type":"Feature","properties":{},"geometry":{"type":"Polygon","coordinates":[[[31.332308,30.100806],[31.332254,30.100941],[31.33212,30.100902],[31.332139,30.100852],[31.332197,30.10078],[31.332221,30.100718],[31.332174,30.100749],[31.332169,30.100763],[31.332132,30.100787],[31.332112,30.100812],[31.332056,30.100849],[31.332037,30.100872],[31.331999,30.100829],[31.332047,30.100797],[31.332013,30.100787],[31.33196,30.100727],[31.332033,30.100679],[31.332029,30.100688],[31.332079,30.100626],[31.332129,30.100593],[31.33217,30.10064],[31.332202,30.100659],[31.332277,30.100744],[31.332248,30.100779],[31.332279,30.100788],[31.332308,30.100806]]]}},{"type":"Feature","properties":{},"geometry":{"type":"Polygon","coordinates":[[[31.332598,30.094856],[31.332512,30.094926],[31.332417,30.094838],[31.332503,30.094768],[31.332598,30.094856]]]}},{"type":"Feature","properties":{},"geometry":{"type":"Polygon","coordinates":[[[31.333901,30.096491],[31.333982,30.096635],[31.333964,30.096673],[31.333796,30.096744],[31.333747,30.096656],[31.333613,30.09661],[31.333673,30.096479],[31.333665,30.096466],[31.333688,30.096417],[31.333901,30.096491]]]}},{"type":"Feature","properties":{},"geometry":{"type":"Polygon","coordinates":[[[31.335277,30.094807],[31.335374,30.094905],[31.3352,30.095034],[31.335185,30.095019],[31.335133,30.095057],[31.335079,30.095002],[31.335133,30.094962],[31.335105,30.094934],[31.335277,30.094807]]]}},{"type":"Feature","properties":{},"geometry":{"type":"Polygon","coordinates":[[[31.338801,30.104615],[31.338834,30.104547],[31.338819,30.104541],[31.338866,30.104444],[31.339226,30.104575],[31.339145,30.104741],[31.338801,30.104615]]]}},{"type":"Feature","properties":{},"geometry":{"type":"Polygon","coordinates":[[[31.338859,30.098595],[31.338818,30.098657],[31.338854,30.098675],[31.338817,30.098732],[31.338797,30.098722],[31.338749,30.098794],[31.33861,30.098725],[31.338684,30.098613],[31.338728,30.098635],[31.33878,30.098556],[31.338859,30.098595]]]}},{"type":"Feature","properties":{},"geometry":{"type":"Polygon","coordinates":[[[31.339083,30.107941],[31.339473,30.107774],[31.339523,30.107862],[31.339538,30.107855],[31.339612,30.107984],[31.339495,30.108138],[31.339457,30.108155],[31.339442,30.108174],[31.339484,30.108198],[31.339465,30.108222],[31.339331,30.108147],[31.339316,30.108168],[31.339374,30.108201],[31.339387,30.108223],[31.339338,30.108196],[31.339329,30.108179],[31.339299,30.108218],[31.339167,30.108143],[31.33911,30.108046],[31.339165,30.108022],[31.339113,30.107993],[31.339083,30.107941]]]}},{"type":"Feature","properties":{},"geometry":{"type":"Polygon","coordinates":[[[31.340959,30.094183],[31.341036,30.094058],[31.341159,30.094115],[31.341138,30.094149],[31.3413,30.094225],[31.341244,30.094316],[31.340959,30.094183]]]}},{"type":"Feature","properties":{},"geometry":{"type":"Polygon","coordinates":[[[31.341,30.101415],[31.341039,30.101406],[31.341058,30.101467],[31.341019,30.101475],[31.341,30.101415]]]}},{"type":"Feature","properties":{},"geometry":{"type":"Polygon","coordinates":[[[31.342167,30.107726],[31.342239,30.107862],[31.342179,30.107886],[31.342166,30.107861],[31.342122,30.107879],[31.342063,30.107768],[31.342167,30.107726]]]}},{"type":"Feature","properties":{},"geometry":{"type":"Polygon","coordinates":[[[31.347383,30.10636],[31.34751,30.106415],[31.347361,30.106673],[31.347234,30.106618],[31.347383,30.10636]]]}},{"type":"Feature","properties":{},"geometry":{"type":"Polygon","coordinates":[[[31.347981,30.090622],[31.347796,30.090602],[31.347821,30.090433],[31.348006,30.090453],[31.347981,30.090622]]]}},{"type":"Feature","properties":{},"geometry":{"type":"Polygon","coordinates":[[[31.348445,30.099268],[31.348346,30.099405],[31.348121,30.099283],[31.34822,30.099146],[31.348445,30.099268]]]}},{"type":"Feature","properties":{},"geometry":{"type":"Polygon","coordinates":[[[31.350253,30.097187],[31.350362,30.097126],[31.350421,30.097205],[31.350311,30.097266],[31.350253,30.097187]]]}},{"type":"Feature","properties":{},"geometry":{"type":"Polygon","coordinates":[[[31.350609,30.09676],[31.350687,30.096675],[31.350776,30.096737],[31.350697,30.096822],[31.350609,30.09676]]]}},{"type":"Feature","properties":{},"geometry":{"type":"Polygon","coordinates":[[[31.353988,30.100983],[31.353883,30.101121],[31.353737,30.101038],[31.353841,30.1009],[31.353988,30.100983]]]}},{"type":"Feature","properties":{},"geometry":{"type":"Polygon","coordinates":[[[31.330904,30.098883],[31.330951,30.098838],[31.330991,30.09887],[31.330945,30.098914],[31.330904,30.098883]]]}},{"type":"Feature","properties":{},"geometry":{"type":"Polygon","coordinates":[[[31.331782,30.092672],[31.33192,30.092803],[31.331817,30.092884],[31.331794,30.092862],[31.331771,30.092881],[31.331656,30.092771],[31.331782,30.092672]]]}},{"type":"Feature","properties":{},"geometry":{"type":"Polygon","coordinates":[[[31.331791,30.092166],[31.331635,30.092221],[31.331512,30.091955],[31.331668,30.091901],[31.331791,30.092166]]]}},{"type":"Feature","properties":{},"geometry":{"type":"Polygon","coordinates":[[[31.331986,30.090448],[31.331955,30.09053],[31.331878,30.090507],[31.331909,30.090426],[31.331986,30.090448]]]}},{"type":"Feature","properties":{},"geometry":{"type":"Polygon","coordinates":[[[31.332151,30.098293],[31.332111,30.098239],[31.33218,30.098202],[31.332219,30.098256],[31.332151,30.098293]]]}},{"type":"Feature","properties":{},"geometry":{"type":"Polygon","coordinates":[[[31.332466,30.091328],[31.332486,30.091298],[31.332419,30.091265],[31.332499,30.091144],[31.332552,30.09117],[31.332585,30.091119],[31.332741,30.091196],[31.332704,30.091252],[31.332802,30.0913],[31.332705,30.091446],[31.332466,30.091328]]]}},{"type":"Feature","properties":{},"geometry":{"type":"Polygon","coordinates":[[[31.33407,30.109291],[31.33419,30.109246],[31.33424,30.109346],[31.33412,30.10939],[31.33407,30.109291]]]}},{"type":"Feature","properties":{},"geometry":{"type":"Polygon","coordinates":[[[31.335224,30.094195],[31.335074,30.094043],[31.335227,30.09393],[31.335449,30.094155],[31.335385,30.094202],[31.335313,30.09413],[31.335224,30.094195]]]}},{"type":"Feature","properties":{},"geometry":{"type":"Polygon","coordinates":[[[31.337145,30.104299],[31.337055,30.104384],[31.336954,30.104303],[31.337043,30.104219],[31.337145,30.104299]]]}},{"type":"Feature","properties":{},"geometry":{"type":"Polygon","coordinates":[[[31.337442,30.094663],[31.337572,30.094788],[31.337448,30.094884],[31.337304,30.094745],[31.337391,30.094678],[31.337405,30.094691],[31.337442,30.094663]]]}},{"type":"Feature","properties":{},"geometry":{"type":"Polygon","coordinates":[[[31.3397,30.109371],[31.339616,30.109525],[31.33948,30.109469],[31.339564,30.109315],[31.3397,30.109371]]]}},{"type":"Feature","properties":{},"geometry":{"type":"Polygon","coordinates":[[[31.342803,30.096525],[31.342956,30.096299],[31.343185,30.096415],[31.343003,30.096684],[31.342913,30.096639],[31.342891,30.096671],[31.342857,30.096654],[31.342878,30.096623],[31.342824,30.096596],[31.342854,30.096551],[31.342803,30.096525]]]}},{"type":"Feature","properties":{},"geometry":{"type":"Polygon","coordinates":[[[31.345033,30.103792],[31.345358,30.103613],[31.345436,30.103721],[31.345411,30.103735],[31.345486,30.103837],[31.345418,30.103875],[31.345413,30.103868],[31.34535,30.103903],[31.345317,30.103857],[31.345282,30.103876],[31.345289,30.103885],[31.345167,30.103952],[31.345121,30.10389],[31.345109,30.103896],[31.345033,30.103792]]]}},{"type":"Feature","properties":{},"geometry":{"type":"Polygon","coordinates":[[[31.347288,30.100196],[31.347176,30.10034],[31.346986,30.10023],[31.347098,30.100086],[31.347288,30.100196]]]}},{"type":"Feature","properties":{},"geometry":{"type":"Polygon","coordinates":[[[31.330148,30.109585],[31.330248,30.109666],[31.330146,30.10976],[31.330046,30.109679],[31.330148,30.109585]]]}},{"type":"Feature","properties":{},"geometry":{"type":"Polygon","coordinates":[[[31.330801,30.10364],[31.33085,30.103546],[31.330839,30.103542],[31.330893,30.103437],[31.331271,30.103585],[31.331168,30.103783],[31.330801,30.10364]]]}},{"type":"Feature","properties":{},"geometry":{"type":"Polygon","coordinates":[[[31.332536,30.099225],[31.332412,30.09932],[31.332387,30.09933],[31.332347,30.09936],[31.332277,30.099291],[31.3323,30.099274],[31.332286,30.099247],[31.332331,30.099212],[31.332358,30.099263],[31.332415,30.099239],[31.332385,30.099182],[31.33233,30.099204],[31.332296,30.099171],[31.332419,30.099076],[31.332497,30.099152],[31.332536,30.099225]]]}},{"type":"Feature","properties":{},"geometry":{"type":"Polygon","coordinates":[[[31.332598,30.107799],[31.33248,30.107761],[31.332512,30.107687],[31.33263,30.107725],[31.332598,30.107799]]]}},{"type":"Feature","properties":{},"geometry":{"type":"Polygon","coordinates":[[[31.33515,30.09718],[31.335209,30.09697],[31.335388,30.097008],[31.335328,30.09722],[31.33515,30.09718]]]}},{"type":"Feature","properties":{},"geometry":{"type":"Polygon","coordinates":[[[31.336157,30.105001],[31.336071,30.104923],[31.336162,30.104849],[31.336285,30.104961],[31.336152,30.10507],[31.336115,30.105036],[31.336157,30.105001]]]}},{"type":"Feature","properties":{},"geometry":{"type":"Polygon","coordinates":[[[31.338379,30.104143],[31.338476,30.103937],[31.338758,30.104036],[31.338661,30.104242],[31.338379,30.104143]]]}},{"type":"Feature","properties":{},"geometry":{"type":"Polygon","coordinates":[[[31.339328,30.095784],[31.339314,30.095767],[31.339255,30.095805],[31.339216,30.095759],[31.339316,30.095695],[31.339369,30.095758],[31.339328,30.095784]]]}},{"type":"Feature","properties":{},"geometry":{"type":"Polygon","coordinates":[[[31.340476,30.107803],[31.340277,30.10789],[31.34007,30.107535],[31.340202,30.107477],[31.340242,30.107545],[31.340309,30.107516],[31.340476,30.107803]]]}},{"type":"Feature","properties":{},"geometry":{"type":"Polygon","coordinates":[[[31.341743,30.098005],[31.341852,30.097992],[31.341835,30.097961],[31.342073,30.097932],[31.342099,30.098095],[31.3419,30.098119],[31.342001,30.098309],[31.342006,30.098336],[31.341887,30.098383],[31.342091,30.098358],[31.342114,30.098506],[31.341981,30.098522],[31.341948,30.098461],[31.341961,30.098545],[31.342039,30.098536],[31.342049,30.098599],[31.342089,30.098583],[31.342081,30.098533],[31.342162,30.098524],[31.342199,30.098758],[31.341925,30.098791],[31.341849,30.098648],[31.341837,30.09857],[31.341887,30.098564],[31.341954,30.098537],[31.341845,30.09855],[31.341764,30.098044],[31.341743,30.098005]]]}},{"type":"Feature","properties":{},"geometry":{"type":"Polygon","coordinates":[[[31.342543,30.094306],[31.34251,30.0941],[31.342476,30.09405],[31.342541,30.094042],[31.342591,30.094056],[31.342599,30.094068],[31.342628,30.09425],[31.34279,30.094297],[31.342868,30.094093],[31.342992,30.094128],[31.342993,30.094137],[31.342928,30.09431],[31.342954,30.094317],[31.342936,30.094366],[31.343096,30.094412],[31.343235,30.094342],[31.343253,30.09434],[31.343284,30.094387],[31.343272,30.094419],[31.343109,30.094501],[31.34279,30.094414],[31.34276,30.094368],[31.342543,30.094306]]]}},{"type":"Feature","properties":{},"geometry":{"type":"Polygon","coordinates":[[[31.343009,30.103894],[31.343014,30.103794],[31.34313,30.103799],[31.343125,30.103898],[31.343009,30.103894]]]}},{"type":"Feature","properties":{},"geometry":{"type":"Polygon","coordinates":[[[31.346918,30.106041],[31.347084,30.105779],[31.347214,30.10584],[31.347048,30.106102],[31.346918,30.106041]]]}},{"type":"Feature","properties":{},"geometry":{"type":"Polygon","coordinates":[[[31.348816,30.100596],[31.348913,30.100456],[31.349067,30.100537],[31.348969,30.100676],[31.348816,30.100596]]]}},{"type":"Feature","properties":{},"geometry":{"type":"Polygon","coordinates":[[[31.351474,30.102409],[31.351758,30.102],[31.351743,30.101993],[31.351798,30.101914],[31.351673,30.101849],[31.351733,30.101762],[31.351807,30.1018],[31.351822,30.10178],[31.352277,30.102016],[31.352212,30.102109],[31.352162,30.102083],[31.351845,30.102539],[31.351813,30.102522],[31.351781,30.102568],[31.351474,30.102409]]]}},{"type":"Feature","properties":{},"geometry":{"type":"Polygon","coordinates":[[[31.329978,30.104902],[31.329799,30.104832],[31.329862,30.104713],[31.330259,30.104869],[31.330048,30.105271],[31.329848,30.105192],[31.329901,30.105091],[31.329883,30.105084],[31.329978,30.104902]]]}},{"type":"Feature","properties":{},"geometry":{"type":"Polygon","coordinates":[[[31.330678,30.109089],[31.330795,30.108983],[31.330891,30.109063],[31.330774,30.109169],[31.330678,30.109089]]]}},{"type":"Feature","properties":{},"geometry":{"type":"Polygon","coordinates":[[[31.331033,30.09739],[31.330905,30.097481],[31.330715,30.09728],[31.330866,30.097173],[31.331029,30.097345],[31.331007,30.097361],[31.331033,30.09739]]]}},{"type":"Feature","properties":{},"geometry":{"type":"Polygon","coordinates":[[[31.331455,30.091469],[31.331483,30.091522],[31.331383,30.091561],[31.331361,30.091519],[31.331399,30.091504],[31.331355,30.091421],[31.33138,30.091412],[31.33134,30.091337],[31.331506,30.091272],[31.33152,30.091298],[31.331579,30.091275],[31.331615,30.091343],[31.331581,30.091356],[31.331609,30.091408],[31.331455,30.091469]]]}},{"type":"Feature","properties":{},"geometry":{"type":"Polygon","coordinates":[[[31.331624,30.093621],[31.331475,30.093743],[31.331268,30.093553],[31.331343,30.093491],[31.331349,30.093497],[31.331423,30.093437],[31.331624,30.093621]]]}},{"type":"Feature","properties":{},"geometry":{"type":"Polygon","coordinates":[[[31.333472,30.094008],[31.333519,30.093969],[31.333576,30.094019],[31.333529,30.094059],[31.333472,30.094008]]]}},{"type":"Feature","properties":{},"geometry":{"type":"Polygon","coordinates":[[[31.334372,30.094153],[31.334263,30.094241],[31.334148,30.094134],[31.334257,30.094046],[31.334372,30.094153]]]}},{"type":"Feature","properties":{},"geometry":{"type":"Polygon","coordinates":[[[31.338528,30.095262],[31.338614,30.095209],[31.338702,30.095314],[31.338741,30.09529],[31.338707,30.095249],[31.338689,30.095261],[31.338665,30.095232],[31.338792,30.095153],[31.338897,30.095279],[31.338663,30.095424],[31.338528,30.095262]]]}},{"type":"Feature","properties":{},"geometry":{"type":"Polygon","coordinates":[[[31.340197,30.104096],[31.340433,30.104184],[31.340355,30.10434],[31.340119,30.104252],[31.340197,30.104096]]]}},{"type":"Feature","properties":{},"geometry":{"type":"Polygon","coordinates":[[[31.340991,30.090098],[31.341197,30.089766],[31.341259,30.089761],[31.341264,30.089804],[31.341298,30.089819],[31.341324,30.090064],[31.341304,30.090098],[31.341329,30.090109],[31.341334,30.090156],[31.3413,30.090159],[31.341305,30.090206],[31.341288,30.090233],[31.340991,30.090098]]]}},{"type":"Feature","properties":{},"geometry":{"type":"Polygon","coordinates":[[[31.341173,30.107368],[31.341044,30.107412],[31.341003,30.107324],[31.340835,30.107382],[31.340894,30.10751],[31.34072,30.10757],[31.340635,30.107387],[31.340644,30.107383],[31.340606,30.1073],[31.340734,30.107256],[31.340743,30.107276],[31.340961,30.107201],[31.34097,30.107222],[31.341088,30.107182],[31.341173,30.107368]]]}},{"type":"Feature","properties":{},"geometry":{"type":"Polygon","coordinates":[[[31.343905,30.107361],[31.343933,30.107445],[31.343885,30.107456],[31.343858,30.107372],[31.343905,30.107361]]]}},{"type":"Feature","properties":{},"geometry":{"type":"Polygon","coordinates":[[[31.346094,30.091769],[31.346232,30.091738],[31.346274,30.091878],[31.346136,30.091909],[31.346094,30.091769]]]}},{"type":"Feature","properties":{},"geometry":{"type":"Polygon","coordinates":[[[31.347783,30.10949],[31.347985,30.109582],[31.347911,30.109704],[31.347709,30.109613],[31.347783,30.10949]]]}},{"type":"Feature","properties":{},"geometry":{"type":"Polygon","coordinates":[[[31.348913,30.106365],[31.34899,30.106252],[31.349233,30.106377],[31.349156,30.106489],[31.348913,30.106365]]]}},{"type":"Feature","properties":{},"geometry":{"type":"Polygon","coordinates":[[[31.349215,30.104308],[31.349023,30.104548],[31.348969,30.104515],[31.348816,30.104276],[31.348741,30.10423],[31.348703,30.104171],[31.348923,30.104066],[31.349011,30.104118],[31.349039,30.104161],[31.349086,30.10419],[31.349114,30.104233],[31.349161,30.104261],[31.349176,30.104284],[31.349215,30.104308]]]}},{"type":"Feature","properties":{},"geometry":{"type":"Polygon","coordinates":[[[31.32992,30.1098],[31.330027,30.109704],[31.330121,30.109782],[31.330014,30.109878],[31.32992,30.1098]]]}},{"type":"Feature","properties":{},"geometry":{"type":"Polygon","coordinates":[[[31.330104,30.10305],[31.330108,30.102999],[31.33018,30.103002],[31.330176,30.103053],[31.330104,30.10305]]]}},{"type":"Feature","properties":{},"geometry":{"type":"Polygon","coordinates":[[[31.33054,30.094466],[31.330419,30.09457],[31.330299,30.094466],[31.330355,30.094419],[31.330266,30.094341],[31.330332,30.094285],[31.33054,30.094466]]]}},{"type":"Feature","properties":{},"geometry":{"type":"Polygon","coordinates":[[[31.330825,30.095866],[31.330906,30.095804],[31.330833,30.095732],[31.330802,30.095755],[31.330684,30.095639],[31.330755,30.095585],[31.330807,30.095636],[31.330858,30.095597],[31.330882,30.095621],[31.330937,30.095579],[31.331097,30.095736],[31.331043,30.095776],[31.331067,30.0958],[31.331128,30.095754],[31.331231,30.095855],[31.33113,30.095932],[31.331188,30.095989],[31.331054,30.096091],[31.330825,30.095866]]]}},{"type":"Feature","properties":{},"geometry":{"type":"Polygon","coordinates":[[[31.330864,30.101406],[31.330969,30.101566],[31.330756,30.101671],[31.330651,30.101511],[31.330864,30.101406]]]}},{"type":"Feature","properties":{},"geometry":{"type":"Polygon","coordinates":[[[31.333828,30.097114],[31.333898,30.096918],[31.333847,30.096905],[31.333869,30.096841],[31.334145,30.096915],[31.334053,30.097174],[31.333828,30.097114]]]}},{"type":"Feature","properties":{},"geometry":{"type":"Polygon","coordinates":[[[31.335288,30.097456],[31.335429,30.097476],[31.335408,30.097582],[31.335267,30.097561],[31.335288,30.097456]]]}},{"type":"Feature","properties":{},"geometry":{"type":"Polygon","coordinates":[[[31.33674,30.093744],[31.336707,30.093776],[31.336607,30.093696],[31.336641,30.093665],[31.33674,30.093744]]]}},{"type":"Feature","properties":{},"geometry":{"type":"Polygon","coordinates":[[[31.339368,30.104618],[31.339448,30.104463],[31.339677,30.104551],[31.339598,30.104706],[31.339368,30.104618]]]}},{"type":"Feature","properties":{},"geometry":{"type":"Polygon","coordinates":[[[31.340265,30.103086],[31.340525,30.103193],[31.34043,30.103365],[31.34017,30.103258],[31.340265,30.103086]]]}},{"type":"Feature","properties":{},"geometry":{"type":"Polygon","coordinates":[[[31.341236,30.109767],[31.341425,30.109833],[31.341333,30.110031],[31.341145,30.109965],[31.341236,30.109767]]]}},{"type":"Feature","properties":{},"geometry":{"type":"Polygon","coordinates":[[[31.341418,30.101982],[31.341205,30.102054],[31.341047,30.101706],[31.341261,30.101634],[31.341418,30.101982]]]}},{"type":"Feature","properties":{},"geometry":{"type":"Polygon","coordinates":[[[31.344163,30.091532],[31.344284,30.091585],[31.344244,30.091653],[31.344257,30.091659],[31.344184,30.091785],[31.34405,30.091727],[31.344163,30.091532]]]}},{"type":"Feature","properties":{},"geometry":{"type":"Polygon","coordinates":[[[31.34855,30.096975],[31.348497,30.097045],[31.348339,30.096956],[31.348392,30.096886],[31.34855,30.096975]]]}},{"type":"Feature","properties":{},"geometry":{"type":"Polygon","coordinates":[[[31.330431,30.100507],[31.330484,30.100464],[31.330502,30.10048],[31.330575,30.100421],[31.330626,30.100468],[31.330498,30.10057],[31.330431,30.100507]]]}},{"type":"Feature","properties":{},"geometry":{"type":"Polygon","coordinates":[[[31.330955,30.097183],[31.331072,30.097089],[31.331229,30.097235],[31.331065,30.097368],[31.331017,30.097323],[31.331064,30.097285],[31.330955,30.097183]]]}},{"type":"Feature","properties":{},"geometry":{"type":"Polygon","coordinates":[[[31.331066,30.097638],[31.331128,30.097577],[31.331149,30.097593],[31.331128,30.097613],[31.331153,30.097632],[31.331111,30.097673],[31.331066,30.097638]]]}},{"type":"Feature","properties":{},"geometry":{"type":"Polygon","coordinates":[[[31.331247,30.093083],[31.331327,30.093018],[31.331472,30.093152],[31.331392,30.093217],[31.331247,30.093083]]]}},{"type":"Feature","properties":{},"geometry":{"type":"Polygon","coordinates":[[[31.331852,30.103127],[31.331772,30.103195],[31.331709,30.103138],[31.331789,30.103071],[31.331852,30.103127]]]}},{"type":"Feature","properties":{},"geometry":{"type":"Polygon","coordinates":[[[31.332962,30.096947],[31.333065,30.096983],[31.333049,30.097019],[31.333174,30.097062],[31.333153,30.097106],[31.333181,30.097116],[31.333127,30.097232],[31.333052,30.097206],[31.333058,30.097192],[31.333009,30.097175],[31.333028,30.097133],[31.33298,30.097116],[31.332953,30.097174],[31.33291,30.097159],[31.332936,30.097103],[31.332897,30.097089],[31.332962,30.096947]]]}},{"type":"Feature","properties":{},"geometry":{"type":"Polygon","coordinates":[[[31.334093,30.094415],[31.333994,30.09447],[31.333957,30.09442],[31.333903,30.094449],[31.333927,30.09448],[31.333881,30.094506],[31.333808,30.094408],[31.333882,30.094367],[31.333864,30.094342],[31.333987,30.094274],[31.334093,30.094415]]]}},{"type":"Feature","properties":{},"geometry":{"type":"Polygon","coordinates":[[[31.334607,30.092011],[31.334577,30.092049],[31.334501,30.092005],[31.334515,30.091987],[31.334549,30.092007],[31.334565,30.091986],[31.334607,30.092011]]]}},{"type":"Feature","properties":{},"geometry":{"type":"Polygon","coordinates":[[[31.338961,30.105016],[31.338884,30.105154],[31.338586,30.105029],[31.338664,30.104891],[31.338961,30.105016]]]}},{"type":"Feature","properties":{},"geometry":{"type":"Polygon","coordinates":[[[31.339556,30.10423],[31.339618,30.10411],[31.339895,30.104218],[31.339833,30.104338],[31.339556,30.10423]]]}},{"type":"Feature","properties":{},"geometry":{"type":"Polygon","coordinates":[[[31.341114,30.093812],[31.341026,30.093909],[31.340969,30.09387],[31.340925,30.093919],[31.340853,30.093871],[31.340926,30.09379],[31.340915,30.093783],[31.340974,30.093717],[31.341114,30.093812]]]}},{"type":"Feature","properties":{},"geometry":{"type":"Polygon","coordinates":[[[31.341328,30.108241],[31.341318,30.108111],[31.341485,30.108104],[31.341492,30.108234],[31.341328,30.108241]]]}},{"type":"Feature","properties":{},"geometry":{"type":"Polygon","coordinates":[[[31.341584,30.093578],[31.341745,30.09357],[31.341756,30.093731],[31.341595,30.093739],[31.341584,30.093578]]]}},{"type":"Feature","properties":{},"geometry":{"type":"Polygon","coordinates":[[[31.342345,30.098598],[31.342333,30.098494],[31.3425,30.098479],[31.342527,30.098707],[31.342255,30.098731],[31.34224,30.098607],[31.342345,30.098598]]]}},{"type":"Feature","properties":{},"geometry":{"type":"Polygon","coordinates":[[[31.342711,30.106991],[31.342539,30.107054],[31.342453,30.106879],[31.342502,30.106861],[31.342549,30.106955],[31.342612,30.106932],[31.342581,30.106869],[31.342641,30.106847],[31.342711,30.106991]]]}},{"type":"Feature","properties":{},"geometry":{"type":"Polygon","coordinates":[[[31.345946,30.101188],[31.346134,30.100932],[31.34627,30.101007],[31.346082,30.101263],[31.345946,30.101188]]]}},{"type":"Feature","properties":{},"geometry":{"type":"Polygon","coordinates":[[[31.346816,30.091285],[31.346904,30.091189],[31.347057,30.091294],[31.346969,30.09139],[31.346816,30.091285]]]}},{"type":"Feature","properties":{},"geometry":{"type":"Polygon","coordinates":[[[31.348625,30.108898],[31.348681,30.108811],[31.348828,30.108883],[31.34875,30.109003],[31.348622,30.10894],[31.348643,30.108907],[31.348625,30.108898]]]}},{"type":"Feature","properties":{},"geometry":{"type":"Polygon","coordinates":[[[31.348719,30.099877],[31.348803,30.09973],[31.348931,30.099784],[31.348848,30.099932],[31.348719,30.099877]]]}},{"type":"Feature","properties":{},"geometry":{"type":"Polygon","coordinates":[[[31.349262,30.097955],[31.349292,30.097929],[31.349339,30.097856],[31.349268,30.097795],[31.349346,30.097833],[31.349389,30.09787],[31.349382,30.09788],[31.349472,30.097956],[31.349747,30.098089],[31.349688,30.098179],[31.349648,30.098159],[31.349542,30.098326],[31.349511,30.098353],[31.349359,30.09828],[31.34941,30.098201],[31.349484,30.098136],[31.34952,30.098079],[31.349262,30.097955]]]}},{"type":"Feature","properties":{},"geometry":{"type":"Polygon","coordinates":[[[31.349843,30.098148],[31.35006,30.09783],[31.350204,30.097903],[31.349986,30.098221],[31.349843,30.098148]]]}},{"type":"Feature","properties":{},"geometry":{"type":"Polygon","coordinates":[[[31.33096,30.098554],[31.33083,30.098663],[31.330743,30.098585],[31.330873,30.098476],[31.33096,30.098554]]]}},{"type":"Feature","properties":{},"geometry":{"type":"Polygon","coordinates":[[[31.333128,30.106843],[31.333249,30.106599],[31.333426,30.106664],[31.333305,30.106909],[31.333128,30.106843]]]}},{"type":"Feature","properties":{},"geometry":{"type":"Polygon","coordinates":[[[31.333433,30.097414],[31.333298,30.097388],[31.333315,30.097325],[31.33345,30.097351],[31.333433,30.097414]]]}},{"type":"Feature","properties":{},"geometry":{"type":"Polygon","coordinates":[[[31.335635,30.098087],[31.335718,30.097849],[31.335885,30.097893],[31.335802,30.098131],[31.335635,30.098087]]]}},{"type":"Feature","properties":{},"geometry":{"type":"Polygon","coordinates":[[[31.337395,30.091086],[31.337417,30.091048],[31.337386,30.091034],[31.337419,30.090979],[31.337543,30.091034],[31.337488,30.091128],[31.337395,30.091086]]]}},{"type":"Feature","properties":{},"geometry":{"type":"Polygon","coordinates":[[[31.339165,30.096672],[31.33932,30.096587],[31.339351,30.096628],[31.339402,30.0966],[31.339504,30.096739],[31.339399,30.096796],[31.339385,30.096777],[31.339282,30.096832],[31.339165,30.096672]]]}},{"type":"Feature","properties":{},"geometry":{"type":"Polygon","coordinates":[[[31.340692,30.093746],[31.340771,30.093631],[31.340892,30.093692],[31.340814,30.093808],[31.340692,30.093746]]]}},{"type":"Feature","properties":{},"geometry":{"type":"Polygon","coordinates":[[[31.341897,30.107122],[31.341683,30.107206],[31.341503,30.106861],[31.341716,30.106777],[31.341897,30.107122]]]}},{"type":"Feature","properties":{},"geometry":{"type":"Polygon","coordinates":[[[31.342765,30.108668],[31.34267,30.108831],[31.342542,30.108775],[31.342637,30.108612],[31.342765,30.108668]]]}},{"type":"Feature","properties":{},"geometry":{"type":"Polygon","coordinates":[[[31.343354,30.090985],[31.343237,30.091082],[31.343112,30.09097],[31.34323,30.090873],[31.343354,30.090985]]]}},{"type":"Feature","properties":{},"geometry":{"type":"Polygon","coordinates":[[[31.343632,30.106918],[31.343686,30.107093],[31.343543,30.107126],[31.343552,30.107154],[31.343592,30.107145],[31.343641,30.107305],[31.343513,30.107335],[31.343457,30.107152],[31.34342,30.107161],[31.343364,30.106979],[31.343632,30.106918]]]}},{"type":"Feature","properties":{},"geometry":{"type":"Polygon","coordinates":[[[31.331771,30.098943],[31.331842,30.099018],[31.331728,30.099098],[31.331601,30.098964],[31.331708,30.098888],[31.331764,30.098947],[31.331771,30.098943]]]}},{"type":"Feature","properties":{},"geometry":{"type":"Polygon","coordinates":[[[31.332543,30.092318],[31.332614,30.092268],[31.332677,30.092336],[31.332606,30.092386],[31.332543,30.092318]]]}},{"type":"Feature","properties":{},"geometry":{"type":"Polygon","coordinates":[[[31.33277,30.092735],[31.332676,30.09262],[31.332866,30.092505],[31.33296,30.092619],[31.33277,30.092735]]]}},{"type":"Feature","properties":{},"geometry":{"type":"Polygon","coordinates":[[[31.333813,30.101217],[31.333903,30.101158],[31.333939,30.1012],[31.333849,30.101258],[31.333813,30.101217]]]}},{"type":"Feature","properties":{},"geometry":{"type":"Polygon","coordinates":[[[31.333936,30.099798],[31.334085,30.099724],[31.334209,30.099911],[31.333997,30.100016],[31.333908,30.099881],[31.33397,30.09985],[31.333936,30.099798]]]}},{"type":"Feature","properties":{},"geometry":{"type":"Polygon","coordinates":[[[31.334451,30.093568],[31.334576,30.093696],[31.334445,30.093793],[31.334319,30.093665],[31.334451,30.093568]]]}},{"type":"Feature","properties":{},"geometry":{"type":"Polygon","coordinates":[[[31.334598,30.09892],[31.334568,30.099005],[31.334216,30.099184],[31.334109,30.099027],[31.334178,30.098992],[31.334224,30.099004],[31.334258,30.099055],[31.33431,30.099069],[31.334326,30.099023],[31.334321,30.099015],[31.334356,30.098913],[31.33433,30.098875],[31.334363,30.098859],[31.334598,30.09892]]]}},{"type":"Feature","properties":{},"geometry":{"type":"Polygon","coordinates":[[[31.334742,30.1087],[31.334867,30.108647],[31.335022,30.10892],[31.334897,30.108973],[31.334742,30.1087]]]}},{"type":"Feature","properties":{},"geometry":{"type":"Polygon","coordinates":[[[31.337912,30.100836],[31.337931,30.100698],[31.33804,30.100709],[31.338044,30.100677],[31.337974,30.10067],[31.337979,30.100631],[31.338102,30.100643],[31.338095,30.100698],[31.338137,30.100702],[31.338141,30.100674],[31.338162,30.100676],[31.338134,30.100883],[31.338007,30.10087],[31.33801,30.100846],[31.337912,30.100836]]]}},{"type":"Feature","properties":{},"geometry":{"type":"Polygon","coordinates":[[[31.337986,30.098506],[31.337944,30.098778],[31.337811,30.098846],[31.337616,30.098558],[31.337764,30.098482],[31.337775,30.098413],[31.337837,30.098381],[31.337906,30.098389],[31.337986,30.098506]]]}},{"type":"Feature","properties":{},"geometry":{"type":"Polygon","coordinates":[[[31.338394,30.106609],[31.338593,30.1066],[31.338613,30.10692],[31.338413,30.106929],[31.338394,30.106609]]]}},{"type":"Feature","properties":{},"geometry":{"type":"Polygon","coordinates":[[[31.338993,30.105713],[31.339008,30.1059],[31.338696,30.105919],[31.338681,30.105732],[31.338993,30.105713]]]}},{"type":"Feature","properties":{},"geometry":{"type":"Polygon","coordinates":[[[31.339383,30.097485],[31.339489,30.097388],[31.339559,30.097354],[31.339611,30.097397],[31.339655,30.097462],[31.339654,30.097478],[31.339675,30.097495],[31.339704,30.097539],[31.339704,30.097595],[31.339643,30.097595],[31.339602,30.097615],[31.339657,30.097616],[31.339675,30.097606],[31.339684,30.097614],[31.339871,30.097616],[31.339824,30.097639],[31.339823,30.097668],[31.339844,30.097699],[31.339747,30.097747],[31.339719,30.097773],[31.339668,30.097798],[31.339557,30.097632],[31.339383,30.097485]]]}},{"type":"Feature","properties":{},"geometry":{"type":"Polygon","coordinates":[[[31.340161,30.096054],[31.340021,30.096146],[31.339956,30.096074],[31.33994,30.096085],[31.339901,30.096041],[31.339924,30.096025],[31.339866,30.095959],[31.339983,30.095881],[31.340072,30.095972],[31.340083,30.095965],[31.340161,30.096054]]]}},{"type":"Feature","properties":{},"geometry":{"type":"Polygon","coordinates":[[[31.343515,30.106388],[31.34353,30.106447],[31.343593,30.106435],[31.343658,30.106685],[31.343464,30.106722],[31.343397,30.10646],[31.343414,30.106457],[31.343402,30.10641],[31.343515,30.106388]]]}},{"type":"Feature","properties":{},"geometry":{"type":"Polygon","coordinates":[[[31.346094,30.100658],[31.346278,30.100403],[31.346433,30.100487],[31.346249,30.100742],[31.346094,30.100658]]]}},{"type":"Feature","properties":{},"geometry":{"type":"Polygon","coordinates":[[[31.349735,30.103569],[31.349609,30.103728],[31.349109,30.103433],[31.349235,30.103274],[31.349735,30.103569]]]}},{"type":"Feature","properties":{},"geometry":{"type":"Polygon","coordinates":[[[31.331203,30.090459],[31.331242,30.090447],[31.331226,30.090405],[31.331305,30.090382],[31.331326,30.090435],[31.331352,30.090427],[31.3314,30.09055],[31.331306,30.090577],[31.331317,30.090604],[31.331265,30.090619],[31.331203,30.090459]]]}},{"type":"Feature","properties":{},"geometry":{"type":"Polygon","coordinates":[[[31.332382,30.09106],[31.3325,30.091129],[31.332411,30.091243],[31.332387,30.091229],[31.332352,30.091274],[31.332315,30.091253],[31.332345,30.091214],[31.332288,30.091181],[31.332382,30.09106]]]}},{"type":"Feature","properties":{},"geometry":{"type":"Polygon","coordinates":[[[31.333049,30.091541],[31.332878,30.09152],[31.33289,30.09145],[31.332851,30.091445],[31.332867,30.091352],[31.333076,30.091378],[31.333049,30.091541]]]}},{"type":"Feature","properties":{},"geometry":{"type":"Polygon","coordinates":[[[31.333555,30.10704],[31.333655,30.106847],[31.333702,30.106865],[31.333729,30.106814],[31.333824,30.106851],[31.333696,30.107096],[31.333555,30.10704]]]}},{"type":"Feature","properties":{},"geometry":{"type":"Polygon","coordinates":[[[31.334472,30.105494],[31.334371,30.105696],[31.334234,30.105645],[31.334335,30.105443],[31.334472,30.105494]]]}},{"type":"Feature","properties":{},"geometry":{"type":"Polygon","coordinates":[[[31.334562,30.099131],[31.334678,30.099299],[31.334637,30.09932],[31.334632,30.099313],[31.334538,30.099362],[31.334426,30.099202],[31.334562,30.099131]]]}},{"type":"Feature","properties":{},"geometry":{"type":"Polygon","coordinates":[[[31.334628,30.094157],[31.334745,30.094282],[31.334675,30.094331],[31.334671,30.094326],[31.334568,30.094397],[31.334696,30.094535],[31.334727,30.094513],[31.334842,30.094637],[31.334676,30.094753],[31.33444,30.094499],[31.334479,30.094472],[31.334341,30.094324],[31.334429,30.094263],[31.334448,30.094282],[31.334628,30.094157]]]}},{"type":"Feature","properties":{},"geometry":{"type":"Polygon","coordinates":[[[31.335053,30.103927],[31.334915,30.104049],[31.33464,30.103816],[31.334778,30.103694],[31.335053,30.103927]]]}},{"type":"Feature","properties":{},"geometry":{"type":"Polygon","coordinates":[[[31.335572,30.108664],[31.335441,30.108725],[31.335248,30.108414],[31.33534,30.108371],[31.335369,30.108418],[31.335408,30.108399],[31.335572,30.108664]]]}},{"type":"Feature","properties":{},"geometry":{"type":"Polygon","coordinates":[[[31.335941,30.097482],[31.335963,30.097422],[31.335999,30.097431],[31.33605,30.09729],[31.33603,30.097285],[31.336045,30.097245],[31.336373,30.097333],[31.336326,30.097464],[31.336238,30.09744],[31.336201,30.097551],[31.335941,30.097482]]]}},{"type":"Feature","properties":{},"geometry":{"type":"Polygon","coordinates":[[[31.337285,30.10296],[31.337245,30.102948],[31.337267,30.102895],[31.337306,30.102907],[31.337285,30.10296]]]}},{"type":"Feature","properties":{},"geometry":{"type":"Polygon","coordinates":[[[31.343836,30.109798],[31.343651,30.109733],[31.343758,30.109504],[31.343944,30.109568],[31.343836,30.109798]]]}},{"type":"Feature","properties":{},"geometry":{"type":"Polygon","coordinates":[[[31.346353,30.108264],[31.346378,30.108229],[31.34647,30.108277],[31.346445,30.108313],[31.346353,30.108264]]]}},{"type":"Feature","properties":{},"geometry":{"type":"Polygon","coordinates":[[[31.351746,30.106911],[31.351819,30.106813],[31.351872,30.106842],[31.351799,30.10694],[31.351746,30.106911]]]}},{"type":"Feature","properties":{},"geometry":{"type":"Polygon","coordinates":[[[31.330562,30.108782],[31.330436,30.108899],[31.330351,30.108831],[31.330476,30.108713],[31.330562,30.108782]]]}},{"type":"Feature","properties":{},"geometry":{"type":"Polygon","coordinates":[[[31.330619,30.100393],[31.330731,30.100304],[31.330917,30.10048],[31.330805,30.100569],[31.330619,30.100393]]]}},{"type":"Feature","properties":{},"geometry":{"type":"Polygon","coordinates":[[[31.33083,30.109637],[31.330646,30.109724],[31.330553,30.109576],[31.330737,30.109489],[31.33083,30.109637]]]}},{"type":"Feature","properties":{},"geometry":{"type":"Polygon","coordinates":[[[31.33131,30.107973],[31.331161,30.107851],[31.331244,30.107775],[31.331394,30.107898],[31.33131,30.107973]]]}},{"type":"Feature","properties":{},"geometry":{"type":"Polygon","coordinates":[[[31.332604,30.09685],[31.332511,30.0968],[31.332565,30.096725],[31.332766,30.096834],[31.332697,30.096928],[31.332645,30.0969],[31.332666,30.09687],[31.332611,30.09684],[31.332604,30.09685]]]}},{"type":"Feature","properties":{},"geometry":{"type":"Polygon","coordinates":[[[31.333237,30.093732],[31.333298,30.093683],[31.333399,30.093776],[31.333337,30.093825],[31.333237,30.093732]]]}},{"type":"Feature","properties":{},"geometry":{"type":"Polygon","coordinates":[[[31.33711,30.100764],[31.337113,30.100732],[31.337131,30.100693],[31.337096,30.100681],[31.337087,30.100782],[31.337012,30.100756],[31.336885,30.100748],[31.336891,30.100679],[31.33685,30.100665],[31.33686,30.10051],[31.336869,30.10049],[31.336872,30.100457],[31.336905,30.100459],[31.337136,30.100539],[31.337144,30.100523],[31.337429,30.100542],[31.337481,30.10056],[31.337469,30.100696],[31.337594,30.100739],[31.337589,30.100802],[31.337453,30.100793],[31.337453,30.100784],[31.33711,30.100764]]]}},{"type":"Feature","properties":{},"geometry":{"type":"Polygon","coordinates":[[[31.337445,30.09551],[31.337591,30.095663],[31.337493,30.095733],[31.337393,30.095628],[31.337417,30.095611],[31.337371,30.095563],[31.337445,30.09551]]]}},{"type":"Feature","properties":{},"geometry":{"type":"Polygon","coordinates":[[[31.337979,30.109813],[31.33803,30.109967],[31.337903,30.109998],[31.337894,30.109969],[31.337855,30.109979],[31.337819,30.109867],[31.33785,30.109859],[31.337845,30.109846],[31.337979,30.109813]]]}},{"type":"Feature","properties":{},"geometry":{"type":"Polygon","coordinates":[[[31.339893,30.106525],[31.339756,30.106579],[31.339609,30.106324],[31.339699,30.106285],[31.339724,30.106328],[31.339768,30.106309],[31.339893,30.106525]]]}},{"type":"Feature","properties":{},"geometry":{"type":"Polygon","coordinates":[[[31.3416,30.097096],[31.341861,30.097075],[31.341886,30.09731],[31.341626,30.097331],[31.3416,30.097096]]]}},{"type":"Feature","properties":{},"geometry":{"type":"Polygon","coordinates":[[[31.341953,30.102288],[31.341861,30.102432],[31.341692,30.102352],[31.341784,30.102207],[31.341953,30.102288]]]}},{"type":"Feature","properties":{},"geometry":{"type":"Polygon","coordinates":[[[31.342383,30.105796],[31.342189,30.105876],[31.342051,30.105629],[31.342245,30.105548],[31.342383,30.105796]]]}},{"type":"Feature","properties":{},"geometry":{"type":"Polygon","coordinates":[[[31.344677,30.09848],[31.344756,30.098647],[31.344662,30.09868],[31.344583,30.098513],[31.344677,30.09848]]]}},{"type":"Feature","properties":{},"geometry":{"type":"Polygon","coordinates":[[[31.347043,30.100827],[31.346868,30.101094],[31.346728,30.101025],[31.346903,30.100759],[31.347043,30.100827]]]}},{"type":"Feature","properties":{},"geometry":{"type":"Polygon","coordinates":[[[31.347644,30.091024],[31.3478,30.090874],[31.347897,30.090949],[31.347741,30.091099],[31.347644,30.091024]]]}},{"type":"Feature","properties":{},"geometry":{"type":"Polygon","coordinates":[[[31.348421,30.099509],[31.348578,30.099593],[31.348473,30.099739],[31.348316,30.099654],[31.348421,30.099509]]]}},{"type":"Feature","properties":{},"geometry":{"type":"Polygon","coordinates":[[[31.349585,30.104543],[31.349377,30.104783],[31.349117,30.104614],[31.349146,30.104581],[31.349151,30.104584],[31.349248,30.104473],[31.349209,30.104448],[31.349238,30.104414],[31.349265,30.104432],[31.349319,30.10437],[31.349585,30.104543]]]}},{"type":"Feature","properties":{},"geometry":{"type":"Polygon","coordinates":[[[31.349605,30.108724],[31.34964,30.108679],[31.349619,30.108668],[31.349759,30.108487],[31.349866,30.108548],[31.349691,30.108774],[31.349605,30.108724]]]}},{"type":"Feature","properties":{},"geometry":{"type":"Polygon","coordinates":[[[31.351208,30.098476],[31.351135,30.098573],[31.351056,30.098528],[31.351078,30.098499],[31.350989,30.098448],[31.35104,30.09838],[31.351208,30.098476]]]}},{"type":"Feature","properties":{},"geometry":{"type":"Polygon","coordinates":[[[31.330673,30.107908],[31.330751,30.107838],[31.330901,30.107963],[31.330824,30.108033],[31.330673,30.107908]]]}},{"type":"Feature","properties":{},"geometry":{"type":"Polygon","coordinates":[[[31.330936,30.099707],[31.330972,30.099744],[31.330929,30.099775],[31.330893,30.099737],[31.330936,30.099707]]]}},{"type":"Feature","properties":{},"geometry":{"type":"Polygon","coordinates":[[[31.331503,30.09172],[31.331456,30.09164],[31.331587,30.091583],[31.331677,30.091738],[31.331644,30.091752],[31.331649,30.09176],[31.331561,30.091798],[31.331513,30.091716],[31.331503,30.09172]]]}},{"type":"Feature","properties":{},"geometry":{"type":"Polygon","coordinates":[[[31.331774,30.109962],[31.331978,30.109849],[31.332026,30.109914],[31.331951,30.109956],[31.332027,30.110059],[31.331899,30.110131],[31.331774,30.109962]]]}},{"type":"Feature","properties":{},"geometry":{"type":"Polygon","coordinates":[[[31.331865,30.102976],[31.331839,30.103],[31.331771,30.102945],[31.331797,30.102921],[31.331865,30.102976]]]}},{"type":"Feature","properties":{},"geometry":{"type":"Polygon","coordinates":[[[31.334818,30.099552],[31.334702,30.099616],[31.3346,30.099478],[31.334716,30.099414],[31.334818,30.099552]]]}},{"type":"Feature","properties":{},"geometry":{"type":"Polygon","coordinates":[[[31.338105,30.096595],[31.338002,30.096664],[31.337947,30.096602],[31.33788,30.096647],[31.337817,30.096577],[31.337894,30.096525],[31.337845,30.09647],[31.337884,30.096444],[31.33786,30.096418],[31.337914,30.096382],[31.338105,30.096595]]]}},{"type":"Feature","properties":{},"geometry":{"type":"Polygon","coordinates":[[[31.341907,30.102793],[31.342062,30.102491],[31.342114,30.102511],[31.34216,30.102508],[31.342182,30.102838],[31.342059,30.102844],[31.342056,30.102791],[31.34203,30.10284],[31.341907,30.102793]]]}},{"type":"Feature","properties":{},"geometry":{"type":"Polygon","coordinates":[[[31.345405,30.109307],[31.345428,30.109236],[31.345537,30.109263],[31.345536,30.109258],[31.345667,30.109225],[31.345703,30.109332],[31.345636,30.109348],[31.345683,30.109487],[31.345584,30.109512],[31.345613,30.109599],[31.345695,30.109619],[31.345661,30.109521],[31.345756,30.109544],[31.345751,30.109559],[31.345772,30.109623],[31.345745,30.109629],[31.345792,30.109641],[31.345738,30.109654],[31.345724,30.109697],[31.345581,30.109733],[31.345545,30.109626],[31.345529,30.109677],[31.345405,30.109307]]]}},{"type":"Feature","properties":{},"geometry":{"type":"Polygon","coordinates":[[[31.348146,30.104013],[31.348025,30.104071],[31.347879,30.103843],[31.348,30.103785],[31.348146,30.104013]]]}},{"type":"Feature","properties":{},"geometry":{"type":"Polygon","coordinates":[[[31.331907,30.097375],[31.332,30.097296],[31.332053,30.097344],[31.332016,30.097375],[31.332151,30.097493],[31.332094,30.097541],[31.331907,30.097375]]]}},{"type":"Feature","properties":{},"geometry":{"type":"Polygon","coordinates":[[[31.333758,30.092891],[31.333645,30.092968],[31.333508,30.092818],[31.333621,30.092741],[31.333758,30.092891]]]}},{"type":"Feature","properties":{},"geometry":{"type":"Polygon","coordinates":[[[31.335683,30.10444],[31.335808,30.104338],[31.335982,30.104498],[31.335857,30.1046],[31.335683,30.10444]]]}},{"type":"Feature","properties":{},"geometry":{"type":"Polygon","coordinates":[[[31.336466,30.10459],[31.336602,30.104701],[31.336473,30.10482],[31.336337,30.104709],[31.336466,30.10459]]]}},{"type":"Feature","properties":{},"geometry":{"type":"Polygon","coordinates":[[[31.336563,30.109232],[31.336642,30.109397],[31.336434,30.109471],[31.336355,30.109307],[31.336563,30.109232]]]}},{"type":"Feature","properties":{},"geometry":{"type":"Polygon","coordinates":[[[31.337799,30.095246],[31.337911,30.095147],[31.338113,30.09532],[31.337996,30.095423],[31.337873,30.095318],[31.337879,30.095314],[31.337799,30.095246]]]}},{"type":"Feature","properties":{},"geometry":{"type":"Polygon","coordinates":[[[31.338683,30.093799],[31.338564,30.093964],[31.33841,30.093881],[31.338469,30.093798],[31.33849,30.09381],[31.338533,30.093752],[31.3386,30.093788],[31.338618,30.093764],[31.338683,30.093799]]]}},{"type":"Feature","properties":{},"geometry":{"type":"Polygon","coordinates":[[[31.340894,30.095407],[31.341002,30.095569],[31.340805,30.095668],[31.340697,30.095506],[31.340894,30.095407]]]}},{"type":"Feature","properties":{},"geometry":{"type":"Polygon","coordinates":[[[31.343044,30.098343],[31.343108,30.098335],[31.343122,30.098426],[31.343059,30.098434],[31.343044,30.098343]]]}},{"type":"Feature","properties":{},"geometry":{"type":"Polygon","coordinates":[[[31.346167,30.109124],[31.346282,30.109127],[31.346275,30.109339],[31.34616,30.109336],[31.346167,30.109124]]]}},{"type":"Feature","properties":{},"geometry":{"type":"Polygon","coordinates":[[[31.348213,30.102093],[31.348041,30.102343],[31.347909,30.102276],[31.348081,30.102025],[31.348213,30.102093]]]}},{"type":"Feature","properties":{},"geometry":{"type":"Polygon","coordinates":[[[31.348343,30.109264],[31.348427,30.109128],[31.348603,30.109209],[31.348519,30.109346],[31.348343,30.109264]]]}},{"type":"Feature","properties":{},"geometry":{"type":"Polygon","coordinates":[[[31.330087,30.09357],[31.330217,30.09346],[31.33035,30.093578],[31.33022,30.093688],[31.330087,30.09357]]]}},{"type":"Feature","properties":{},"geometry":{"type":"Polygon","coordinates":[[[31.330803,30.108163],[31.330959,30.108287],[31.33088,30.108361],[31.330724,30.108237],[31.330803,30.108163]]]}},{"type":"Feature","properties":{},"geometry":{"type":"Polygon","coordinates":[[[31.330933,30.10804],[31.331021,30.10796],[31.331138,30.108057],[31.33105,30.108137],[31.330933,30.10804]]]}},{"type":"Feature","properties":{},"geometry":{"type":"Polygon","coordinates":[[[31.331096,30.109331],[31.3312,30.109506],[31.331085,30.109557],[31.330981,30.109382],[31.331096,30.109331]]]}},{"type":"Feature","properties":{},"geometry":{"type":"Polygon","coordinates":[[[31.332305,30.108092],[31.332353,30.108093],[31.33235,30.108165],[31.332302,30.108164],[31.332305,30.108092]]]}},{"type":"Feature","properties":{},"geometry":{"type":"Polygon","coordinates":[[[31.332607,30.094531],[31.332453,30.094653],[31.332301,30.09451],[31.332456,30.094388],[31.332607,30.094531]]]}},{"type":"Feature","properties":{},"geometry":{"type":"Polygon","coordinates":[[[31.333529,30.10133],[31.333485,30.101288],[31.333516,30.101264],[31.333555,30.101301],[31.333672,30.101211],[31.333692,30.10123],[31.333466,30.101405],[31.333451,30.101391],[31.333529,30.10133]]]}},{"type":"Feature","properties":{},"geometry":{"type":"Polygon","coordinates":[[[31.333855,30.107731],[31.333996,30.107476],[31.334131,30.107532],[31.33399,30.107787],[31.333855,30.107731]]]}},{"type":"Feature","properties":{},"geometry":{"type":"Polygon","coordinates":[[[31.336109,30.095272],[31.336239,30.095381],[31.336121,30.095486],[31.335991,30.095377],[31.336109,30.095272]]]}},{"type":"Feature","properties":{},"geometry":{"type":"Polygon","coordinates":[[[31.33809,30.096571],[31.338236,30.096599],[31.338224,30.096647],[31.338308,30.096663],[31.338298,30.096705],[31.338221,30.09669],[31.338214,30.096716],[31.338086,30.096691],[31.338093,30.096664],[31.338068,30.096659],[31.33809,30.096571]]]}},{"type":"Feature","properties":{},"geometry":{"type":"Polygon","coordinates":[[[31.338223,30.100023],[31.338012,30.099998],[31.338037,30.09984],[31.338248,30.099864],[31.338223,30.100023]]]}},{"type":"Feature","properties":{},"geometry":{"type":"Polygon","coordinates":[[[31.340381,30.104915],[31.340314,30.105033],[31.340087,30.104937],[31.340154,30.104819],[31.340381,30.104915]]]}},{"type":"Feature","properties":{},"geometry":{"type":"Polygon","coordinates":[[[31.342895,30.090647],[31.342714,30.090779],[31.342662,30.090726],[31.342772,30.090646],[31.342516,30.090383],[31.342588,30.090331],[31.342895,30.090647]]]}},{"type":"Feature","properties":{},"geometry":{"type":"Polygon","coordinates":[[[31.344283,30.099695],[31.344058,30.099778],[31.343904,30.099463],[31.343835,30.099488],[31.343764,30.099344],[31.343874,30.099304],[31.343903,30.099364],[31.343952,30.099346],[31.343995,30.099435],[31.343977,30.099442],[31.344005,30.099499],[31.34416,30.099442],[31.344283,30.099695]]]}},{"type":"Feature","properties":{},"geometry":{"type":"Polygon","coordinates":[[[31.344727,30.107136],[31.344917,30.107098],[31.344962,30.107265],[31.345035,30.10725],[31.345055,30.107327],[31.34502,30.107334],[31.345199,30.107999],[31.345232,30.107993],[31.345307,30.108272],[31.345195,30.108295],[31.345199,30.108308],[31.345051,30.108338],[31.344727,30.107136]]]}},{"type":"Feature","properties":{},"geometry":{"type":"Polygon","coordinates":[[[31.345592,30.100385],[31.345675,30.100259],[31.345716,30.10028],[31.345743,30.10024],[31.345784,30.10026],[31.345844,30.100169],[31.346026,30.100259],[31.345857,30.100516],[31.345592,30.100385]]]}},{"type":"Feature","properties":{},"geometry":{"type":"Polygon","coordinates":[[[31.347779,30.100406],[31.347644,30.100341],[31.347734,30.100201],[31.34787,30.100266],[31.347779,30.100406]]]}},{"type":"Feature","properties":{},"geometry":{"type":"Polygon","coordinates":[[[31.35019,30.090072],[31.350122,30.090116],[31.350091,30.090081],[31.350159,30.090036],[31.35019,30.090072]]]}},{"type":"Feature","properties":{},"geometry":{"type":"Polygon","coordinates":[[[31.350648,30.093112],[31.350741,30.09323],[31.350647,30.093285],[31.350555,30.093167],[31.350648,30.093112]]]}},{"type":"Feature","properties":{},"geometry":{"type":"Polygon","coordinates":[[[31.351388,30.103124],[31.351228,30.103343],[31.351164,30.103308],[31.351323,30.103089],[31.351388,30.103124]]]}},{"type":"Feature","properties":{},"geometry":{"type":"Polygon","coordinates":[[[31.330488,30.092462],[31.330478,30.092431],[31.330602,30.092398],[31.330653,30.092546],[31.330496,30.092587],[31.330455,30.09247],[31.330488,30.092462]]]}},{"type":"Feature","properties":{},"geometry":{"type":"Polygon","coordinates":[[[31.331411,30.108483],[31.331329,30.108554],[31.331128,30.108381],[31.33121,30.10831],[31.331411,30.108483]]]}},{"type":"Feature","properties":{},"geometry":{"type":"Polygon","coordinates":[[[31.331923,30.107628],[31.332008,30.107696],[31.33185,30.107843],[31.331765,30.107774],[31.331923,30.107628]]]}},{"type":"Feature","properties":{},"geometry":{"type":"Polygon","coordinates":[[[31.336684,30.099583],[31.336819,30.099767],[31.336662,30.099853],[31.336527,30.099669],[31.336684,30.099583]]]}},{"type":"Feature","properties":{},"geometry":{"type":"Polygon","coordinates":[[[31.337313,30.102416],[31.337397,30.102447],[31.33733,30.102585],[31.337246,30.102554],[31.337313,30.102416]]]}},{"type":"Feature","properties":{},"geometry":{"type":"Polygon","coordinates":[[[31.33789,30.109414],[31.337837,30.109436],[31.337744,30.10927],[31.337857,30.109223],[31.337946,30.109381],[31.337885,30.109406],[31.33789,30.109414]]]}},{"type":"Feature","properties":{},"geometry":{"type":"Polygon","coordinates":[[[31.338289,30.096504],[31.338365,30.09646],[31.33839,30.096492],[31.338469,30.096446],[31.338555,30.096556],[31.338399,30.096646],[31.338289,30.096504]]]}},{"type":"Feature","properties":{},"geometry":{"type":"Polygon","coordinates":[[[31.34041,30.103827],[31.340485,30.103684],[31.340717,30.103775],[31.340642,30.103919],[31.34041,30.103827]]]}},{"type":"Feature","properties":{},"geometry":{"type":"Polygon","coordinates":[[[31.340491,30.108064],[31.340529,30.108075],[31.340546,30.108031],[31.340642,30.10806],[31.340578,30.108223],[31.34035,30.108155],[31.340376,30.108088],[31.340471,30.108116],[31.340491,30.108064]]]}},{"type":"Feature","properties":{},"geometry":{"type":"Polygon","coordinates":[[[31.342652,30.099411],[31.342459,30.099424],[31.342455,30.09938],[31.342344,30.099387],[31.342332,30.099244],[31.342429,30.099238],[31.342426,30.099201],[31.342392,30.099203],[31.342367,30.098919],[31.342311,30.098923],[31.342307,30.09887],[31.342603,30.09885],[31.342652,30.099411]]]}},{"type":"Feature","properties":{},"geometry":{"type":"Polygon","coordinates":[[[31.344415,30.090742],[31.344533,30.090938],[31.34439,30.091002],[31.344272,30.090807],[31.344415,30.090742]]]}},{"type":"Feature","properties":{},"geometry":{"type":"Polygon","coordinates":[[[31.34538,30.106584],[31.345553,30.106586],[31.345551,30.106699],[31.345378,30.106697],[31.34538,30.106584]]]}},{"type":"Feature","properties":{},"geometry":{"type":"Polygon","coordinates":[[[31.348982,30.108708],[31.348877,30.108852],[31.348642,30.108724],[31.348537,30.108869],[31.348332,30.108757],[31.348432,30.108619],[31.348576,30.108698],[31.348596,30.108671],[31.348404,30.108567],[31.348494,30.108442],[31.348982,30.108708]]]}},{"type":"Feature","properties":{},"geometry":{"type":"Polygon","coordinates":[[[31.349676,30.100152],[31.349771,30.100013],[31.34995,30.100105],[31.349855,30.100244],[31.349676,30.100152]]]}},{"type":"Feature","properties":{},"geometry":{"type":"Polygon","coordinates":[[[31.35243,30.10635],[31.352496,30.106256],[31.352549,30.106283],[31.352483,30.106377],[31.35243,30.10635]]]}},{"type":"Feature","properties":{},"geometry":{"type":"Polygon","coordinates":[[[31.330777,30.10735],[31.330862,30.107272],[31.331021,30.107402],[31.330937,30.10748],[31.330777,30.10735]]]}},{"type":"Feature","properties":{},"geometry":{"type":"Polygon","coordinates":[[[31.333371,30.09183],[31.333428,30.091793],[31.333534,30.091917],[31.333478,30.091953],[31.333371,30.09183]]]}},{"type":"Feature","properties":{},"geometry":{"type":"Polygon","coordinates":[[[31.33666,30.090702],[31.33663,30.090787],[31.336589,30.090777],[31.336618,30.090691],[31.33666,30.090702]]]}},{"type":"Feature","properties":{},"geometry":{"type":"Polygon","coordinates":[[[31.338476,30.095476],[31.338392,30.09554],[31.338254,30.095406],[31.33833,30.095347],[31.338411,30.095426],[31.338418,30.09542],[31.338476,30.095476]]]}},{"type":"Feature","properties":{},"geometry":{"type":"Polygon","coordinates":[[[31.340113,30.099199],[31.340294,30.099221],[31.340272,30.099358],[31.340091,30.099336],[31.340113,30.099199]]]}},{"type":"Feature","properties":{},"geometry":{"type":"Polygon","coordinates":[[[31.340853,30.091236],[31.340669,30.091387],[31.340393,30.091134],[31.340577,30.090984],[31.340853,30.091236]]]}},{"type":"Feature","properties":{},"geometry":{"type":"Polygon","coordinates":[[[31.343672,30.107801],[31.343605,30.107641],[31.343736,30.1076],[31.343803,30.10776],[31.343672,30.107801]]]}},{"type":"Feature","properties":{},"geometry":{"type":"Polygon","coordinates":[[[31.344456,30.094729],[31.344523,30.094686],[31.344638,30.094823],[31.344571,30.094865],[31.344456,30.094729]]]}},{"type":"Feature","properties":{},"geometry":{"type":"Polygon","coordinates":[[[31.344657,30.100142],[31.345002,30.100019],[31.345065,30.100152],[31.344918,30.100205],[31.344901,30.100169],[31.344704,30.100239],[31.344657,30.100142]]]}},{"type":"Feature","properties":{},"geometry":{"type":"Polygon","coordinates":[[[31.346312,30.100788],[31.346503,30.100536],[31.34666,30.100626],[31.34647,30.100877],[31.346312,30.100788]]]}},{"type":"Feature","properties":{},"geometry":{"type":"Polygon","coordinates":[[[31.347953,30.09965],[31.347851,30.099792],[31.347692,30.099707],[31.347794,30.099565],[31.347953,30.09965]]]}},{"type":"Feature","properties":{},"geometry":{"type":"Polygon","coordinates":[[[31.348108,30.103754],[31.348131,30.103745],[31.348118,30.103721],[31.348085,30.103735],[31.348046,30.103664],[31.348171,30.103612],[31.348258,30.103771],[31.348324,30.103744],[31.34836,30.103811],[31.348409,30.103791],[31.348398,30.103772],[31.348497,30.103732],[31.348536,30.103804],[31.348475,30.103829],[31.348527,30.103924],[31.348373,30.103988],[31.348475,30.104174],[31.348364,30.10422],[31.348108,30.103754]]]}},{"type":"Feature","properties":{},"geometry":{"type":"Polygon","coordinates":[[[31.348314,30.108801],[31.348538,30.108911],[31.348449,30.109047],[31.348225,30.108937],[31.348314,30.108801]]]}},{"type":"Feature","properties":{},"geometry":{"type":"Polygon","coordinates":[[[31.350984,30.109661],[31.350866,30.109804],[31.350675,30.109687],[31.35072,30.109633],[31.350629,30.109577],[31.350702,30.109488],[31.350984,30.109661]]]}},{"type":"Feature","properties":{},"geometry":{"type":"Polygon","coordinates":[[[31.351822,30.101262],[31.352187,30.101463],[31.352037,30.101666],[31.351989,30.10164],[31.352011,30.101609],[31.351695,30.101434],[31.351822,30.101262]]]}},{"type":"Feature","properties":{},"geometry":{"type":"Polygon","coordinates":[[[31.3303,30.107137],[31.330126,30.1073],[31.330025,30.107219],[31.330199,30.107056],[31.3303,30.107137]]]}},{"type":"Feature","properties":{},"geometry":{"type":"Polygon","coordinates":[[[31.332099,30.102242],[31.332023,30.102297],[31.331976,30.102249],[31.332052,30.102194],[31.332099,30.102242]]]}},{"type":"Feature","properties":{},"geometry":{"type":"Polygon","coordinates":[[[31.333193,30.096801],[31.333301,30.096837],[31.333253,30.096948],[31.333145,30.096913],[31.333193,30.096801]]]}},{"type":"Feature","properties":{},"geometry":{"type":"Polygon","coordinates":[[[31.334485,30.091332],[31.33441,30.091448],[31.334241,30.091366],[31.334217,30.091404],[31.334204,30.091398],[31.334194,30.091414],[31.334012,30.091326],[31.334121,30.091156],[31.334485,30.091332]]]}},{"type":"Feature","properties":{},"geometry":{"type":"Polygon","coordinates":[[[31.336875,30.104074],[31.336595,30.104276],[31.336254,30.103923],[31.336321,30.103875],[31.336338,30.103893],[31.336406,30.103844],[31.336376,30.103812],[31.336521,30.103707],[31.336875,30.104074]]]}},{"type":"Feature","properties":{},"geometry":{"type":"Polygon","coordinates":[[[31.338101,30.10916],[31.33811,30.109329],[31.33796,30.109334],[31.337952,30.109165],[31.338101,30.10916]]]}},{"type":"Feature","properties":{},"geometry":{"type":"Polygon","coordinates":[[[31.339363,30.106921],[31.339481,30.107137],[31.339418,30.107163],[31.339436,30.107196],[31.339228,30.107281],[31.339092,30.107033],[31.339363,30.106921]]]}},{"type":"Feature","properties":{},"geometry":{"type":"Polygon","coordinates":[[[31.341478,30.103593],[31.341548,30.103425],[31.341757,30.10349],[31.341687,30.103658],[31.341478,30.103593]]]}},{"type":"Feature","properties":{},"geometry":{"type":"Polygon","coordinates":[[[31.345147,30.090759],[31.345014,30.09085],[31.344712,30.090517],[31.344845,30.090426],[31.345147,30.090759]]]}},{"type":"Feature","properties":{},"geometry":{"type":"Polygon","coordinates":[[[31.345394,30.090742],[31.345285,30.090817],[31.34521,30.090735],[31.345319,30.09066],[31.345394,30.090742]]]}},{"type":"Feature","properties":{},"geometry":{"type":"Polygon","coordinates":[[[31.346526,30.100911],[31.346701,30.100658],[31.346865,30.100743],[31.34669,30.100996],[31.346526,30.100911]]]}},{"type":"Feature","properties":{},"geometry":{"type":"Polygon","coordinates":[[[31.350823,30.109466],[31.350961,30.109293],[31.351149,30.109405],[31.351011,30.109578],[31.350823,30.109466]]]}},{"type":"Feature","properties":{},"geometry":{"type":"Polygon","coordinates":[[[31.352307,30.106517],[31.352379,30.106424],[31.352426,30.106451],[31.352355,30.106545],[31.352307,30.106517]]]}},{"type":"Feature","properties":{},"geometry":{"type":"Polygon","coordinates":[[[31.353373,30.099354],[31.353539,30.099116],[31.353601,30.099148],[31.353435,30.099386],[31.353373,30.099354]]]}},{"type":"Feature","properties":{},"geometry":{"type":"Polygon","coordinates":[[[31.35486,30.109451],[31.354819,30.109486],[31.354762,30.109436],[31.354804,30.109401],[31.35486,30.109451]]]}},{"type":"Feature","properties":{},"geometry":{"type":"Polygon","coordinates":[[[31.333753,30.10314],[31.333796,30.1031],[31.333928,30.103205],[31.333885,30.103246],[31.333753,30.10314]]]}},{"type":"Feature","properties":{},"geometry":{"type":"Polygon","coordinates":[[[31.335523,30.108687],[31.335574,30.108778],[31.335431,30.108838],[31.33538,30.108747],[31.335523,30.108687]]]}},{"type":"Feature","properties":{},"geometry":{"type":"Polygon","coordinates":[[[31.339885,30.102932],[31.339959,30.102786],[31.340281,30.102908],[31.340207,30.103054],[31.339885,30.102932]]]}},{"type":"Feature","properties":{},"geometry":{"type":"Polygon","coordinates":[[[31.34045,30.101057],[31.340641,30.100987],[31.340665,30.101036],[31.340847,30.10097],[31.340932,30.101145],[31.340769,30.101205],[31.340726,30.101119],[31.340724,30.101171],[31.340782,30.10129],[31.340557,30.101373],[31.340547,30.101353],[31.340428,30.10135],[31.34045,30.101057]]]}},{"type":"Feature","properties":{},"geometry":{"type":"Polygon","coordinates":[[[31.340452,30.098253],[31.340545,30.098305],[31.340582,30.098255],[31.340641,30.098288],[31.340552,30.098406],[31.340401,30.098321],[31.340452,30.098253]]]}},{"type":"Feature","properties":{},"geometry":{"type":"Polygon","coordinates":[[[31.340567,30.106234],[31.340404,30.106301],[31.340246,30.106013],[31.340409,30.105946],[31.340567,30.106234]]]}},{"type":"Feature","properties":{},"geometry":{"type":"Polygon","coordinates":[[[31.341505,30.092264],[31.34141,30.092267],[31.341408,30.09222],[31.341315,30.092223],[31.341312,30.092158],[31.341358,30.092157],[31.341356,30.092109],[31.341424,30.092107],[31.341423,30.092079],[31.341496,30.092076],[31.341505,30.092264]]]}},{"type":"Feature","properties":{},"geometry":{"type":"Polygon","coordinates":[[[31.349809,30.100287],[31.34972,30.10041],[31.349655,30.100375],[31.349642,30.100393],[31.349556,30.100347],[31.349642,30.100229],[31.349697,30.100259],[31.349713,30.100235],[31.349809,30.100287]]]}},{"type":"Feature","properties":{},"geometry":{"type":"Polygon","coordinates":[[[31.350096,30.093002],[31.35031,30.09288],[31.350703,30.093398],[31.350489,30.093519],[31.350096,30.093002]]]}},{"type":"Feature","properties":{},"geometry":{"type":"Polygon","coordinates":[[[31.352244,30.106344],[31.352169,30.106439],[31.352117,30.106408],[31.352192,30.106314],[31.352244,30.106344]]]}},{"type":"Feature","properties":{},"geometry":{"type":"Polygon","coordinates":[[[31.352996,30.098863],[31.353187,30.098964],[31.353097,30.099091],[31.352906,30.098989],[31.352996,30.098863]]]}},{"type":"Feature","properties":{},"geometry":{"type":"Polygon","coordinates":[[[31.354162,30.098382],[31.354275,30.098428],[31.354239,30.098495],[31.354126,30.098449],[31.354162,30.098382]]]}},{"type":"Feature","properties":{},"geometry":{"type":"Polygon","coordinates":[[[31.331191,30.100486],[31.331501,30.100271],[31.331648,30.10043],[31.331338,30.100644],[31.331191,30.100486]]]}},{"type":"Feature","properties":{},"geometry":{"type":"Polygon","coordinates":[[[31.331668,30.093342],[31.331832,30.093482],[31.331675,30.093619],[31.331511,30.093479],[31.331668,30.093342]]]}},{"type":"Feature","properties":{},"geometry":{"type":"Polygon","coordinates":[[[31.333907,30.093624],[31.333947,30.093586],[31.334003,30.093629],[31.333963,30.093668],[31.333907,30.093624]]]}},{"type":"Feature","properties":{},"geometry":{"type":"Polygon","coordinates":[[[31.334122,30.094422],[31.334171,30.094395],[31.334206,30.094443],[31.334157,30.09447],[31.334122,30.094422]]]}},{"type":"Feature","properties":{},"geometry":{"type":"Polygon","coordinates":[[[31.334793,30.093025],[31.334941,30.092917],[31.33524,30.093222],[31.335091,30.093331],[31.334793,30.093025]]]}},{"type":"Feature","properties":{},"geometry":{"type":"Polygon","coordinates":[[[31.335948,30.103223],[31.335673,30.103456],[31.335368,30.103191],[31.335612,30.102983],[31.335781,30.103132],[31.335814,30.103104],[31.335948,30.103223]]]}},{"type":"Feature","properties":{},"geometry":{"type":"Polygon","coordinates":[[[31.337049,30.090698],[31.337161,30.090512],[31.337337,30.090591],[31.337225,30.090777],[31.337049,30.090698]]]}},{"type":"Feature","properties":{},"geometry":{"type":"Polygon","coordinates":[[[31.337325,30.102368],[31.337362,30.102296],[31.337428,30.102321],[31.337391,30.102393],[31.337325,30.102368]]]}},{"type":"Feature","properties":{},"geometry":{"type":"Polygon","coordinates":[[[31.338858,30.105953],[31.339014,30.105947],[31.339021,30.106086],[31.338866,30.106092],[31.338858,30.105953]]]}},{"type":"Feature","properties":{},"geometry":{"type":"Polygon","coordinates":[[[31.339593,30.105076],[31.339653,30.104964],[31.339878,30.105055],[31.339818,30.105167],[31.339593,30.105076]]]}},{"type":"Feature","properties":{},"geometry":{"type":"Polygon","coordinates":[[[31.340939,30.096997],[31.340998,30.096968],[31.340991,30.096958],[31.341051,30.096928],[31.341204,30.097164],[31.341086,30.097222],[31.340939,30.096997]]]}},{"type":"Feature","properties":{},"geometry":{"type":"Polygon","coordinates":[[[31.34394,30.09496],[31.343989,30.095079],[31.344009,30.094904],[31.344051,30.094942],[31.344009,30.094976],[31.344046,30.094965],[31.344056,30.094988],[31.344129,30.095056],[31.344094,30.095053],[31.34405,30.095089],[31.344139,30.095062],[31.344172,30.09514],[31.343855,30.095237],[31.343813,30.095602],[31.343771,30.095615],[31.343765,30.095664],[31.34379,30.095686],[31.343755,30.095715],[31.343703,30.09571],[31.343718,30.095588],[31.343654,30.095583],[31.343647,30.095642],[31.343613,30.09561],[31.343642,30.095358],[31.343591,30.095232],[31.343648,30.095237],[31.343649,30.09523],[31.343583,30.09507],[31.34394,30.09496]]]}},{"type":"Feature","properties":{},"geometry":{"type":"Polygon","coordinates":[[[31.343994,30.096921],[31.343995,30.096784],[31.344031,30.096784],[31.34403,30.096837],[31.344103,30.096838],[31.344101,30.096989],[31.344026,30.096989],[31.344027,30.096921],[31.343994,30.096921]]]}},{"type":"Feature","properties":{},"geometry":{"type":"Polygon","coordinates":[[[31.346428,30.09844],[31.346281,30.098494],[31.346136,30.098197],[31.346284,30.098144],[31.346428,30.09844]]]}},{"type":"Feature","properties":{},"geometry":{"type":"Polygon","coordinates":[[[31.348203,30.104045],[31.348304,30.104227],[31.348176,30.10428],[31.348075,30.104098],[31.348203,30.104045]]]}},{"type":"Feature","properties":{},"geometry":{"type":"Polygon","coordinates":[[[31.349371,30.108497],[31.349579,30.108614],[31.349445,30.108793],[31.349229,30.108672],[31.349275,30.108609],[31.349338,30.108645],[31.349385,30.108582],[31.349331,30.108551],[31.349371,30.108497]]]}},{"type":"Feature","properties":{},"geometry":{"type":"Polygon","coordinates":[[[31.350833,30.097712],[31.351,30.097802],[31.350985,30.097823],[31.351171,30.097924],[31.351103,30.098018],[31.351032,30.09798],[31.350963,30.098076],[31.350874,30.098028],[31.350941,30.097935],[31.350856,30.097889],[31.350821,30.097938],[31.350728,30.097888],[31.350767,30.097833],[31.350752,30.097824],[31.350833,30.097712]]]}},{"type":"Feature","properties":{},"geometry":{"type":"Polygon","coordinates":[[[31.350924,30.101618],[31.350971,30.101641],[31.350911,30.101735],[31.350863,30.101713],[31.350924,30.101618]]]}},{"type":"Feature","properties":{},"geometry":{"type":"Polygon","coordinates":[[[31.354197,30.108422],[31.354297,30.108295],[31.354691,30.108527],[31.354591,30.108654],[31.354197,30.108422]]]}},{"type":"Feature","properties":{},"geometry":{"type":"Polygon","coordinates":[[[31.331231,30.090608],[31.331059,30.09069],[31.330943,30.090506],[31.331115,30.090425],[31.331231,30.090608]]]}},{"type":"Feature","properties":{},"geometry":{"type":"Polygon","coordinates":[[[31.331316,30.108834],[31.331221,30.10888],[31.331118,30.108718],[31.331213,30.108672],[31.331316,30.108834]]]}},{"type":"Feature","properties":{},"geometry":{"type":"Polygon","coordinates":[[[31.331499,30.100618],[31.331586,30.100558],[31.331541,30.100509],[31.331663,30.100425],[31.331829,30.100606],[31.33162,30.100749],[31.331499,30.100618]]]}},{"type":"Feature","properties":{},"geometry":{"type":"Polygon","coordinates":[[[31.333817,30.093801],[31.333829,30.09381],[31.333801,30.093837],[31.333714,30.093769],[31.333861,30.09363],[31.333936,30.093689],[31.333817,30.093801]]]}},{"type":"Feature","properties":{},"geometry":{"type":"Polygon","coordinates":[[[31.334479,30.091777],[31.334708,30.09188],[31.334644,30.091988],[31.334414,30.091885],[31.334479,30.091777]]]}},{"type":"Feature","properties":{},"geometry":{"type":"Polygon","coordinates":[[[31.336495,30.09014],[31.336325,30.090393],[31.336179,30.090319],[31.336251,30.090212],[31.336054,30.090112],[31.336152,30.089967],[31.336495,30.09014]]]}},{"type":"Feature","properties":{},"geometry":{"type":"Polygon","coordinates":[[[31.336742,30.093633],[31.33675,30.093606],[31.336702,30.093553],[31.33663,30.093603],[31.336593,30.093563],[31.336603,30.093531],[31.336513,30.093444],[31.336609,30.093377],[31.336662,30.09339],[31.336698,30.093429],[31.336838,30.093462],[31.336865,30.093492],[31.336974,30.093518],[31.337035,30.093584],[31.336856,30.093708],[31.336799,30.093694],[31.336742,30.093633]]]}},{"type":"Feature","properties":{},"geometry":{"type":"Polygon","coordinates":[[[31.340242,30.098139],[31.340078,30.098005],[31.340181,30.09791],[31.340345,30.098043],[31.340242,30.098139]]]}},{"type":"Feature","properties":{},"geometry":{"type":"Polygon","coordinates":[[[31.340686,30.094894],[31.34062,30.09505],[31.340452,30.094997],[31.340515,30.094839],[31.340686,30.094894]]]}},{"type":"Feature","properties":{},"geometry":{"type":"Polygon","coordinates":[[[31.341312,30.102852],[31.34138,30.102723],[31.34161,30.102815],[31.341541,30.102944],[31.341312,30.102852]]]}},{"type":"Feature","properties":{},"geometry":{"type":"Polygon","coordinates":[[[31.342373,30.092796],[31.342318,30.092796],[31.342318,30.092751],[31.342373,30.09275],[31.342373,30.092796]]]}},{"type":"Feature","properties":{},"geometry":{"type":"Polygon","coordinates":[[[31.342742,30.096147],[31.34293,30.096118],[31.342966,30.096295],[31.342779,30.096324],[31.342742,30.096147]]]}},{"type":"Feature","properties":{},"geometry":{"type":"Polygon","coordinates":[[[31.343368,30.106562],[31.343462,30.106735],[31.343268,30.106814],[31.343174,30.10664],[31.343368,30.106562]]]}},{"type":"Feature","properties":{},"geometry":{"type":"Polygon","coordinates":[[[31.345565,30.103524],[31.345682,30.103747],[31.345514,30.103813],[31.34538,30.103557],[31.345497,30.103511],[31.345514,30.103544],[31.345565,30.103524]]]}},{"type":"Feature","properties":{},"geometry":{"type":"Polygon","coordinates":[[[31.347953,30.099905],[31.348102,30.099989],[31.348003,30.100121],[31.347854,30.100037],[31.347953,30.099905]]]}},{"type":"Feature","properties":{},"geometry":{"type":"Polygon","coordinates":[[[31.353811,30.10533],[31.353769,30.105384],[31.353716,30.105352],[31.353758,30.105299],[31.353811,30.10533]]]}},{"type":"Feature","properties":{},"geometry":{"type":"Polygon","coordinates":[[[31.330755,30.096379],[31.330699,30.096424],[31.330635,30.096364],[31.330691,30.096319],[31.330755,30.096379]]]}},{"type":"Feature","properties":{},"geometry":{"type":"Polygon","coordinates":[[[31.333158,30.10189],[31.333294,30.102005],[31.333144,30.102137],[31.333009,30.102022],[31.333158,30.10189]]]}},{"type":"Feature","properties":{},"geometry":{"type":"Polygon","coordinates":[[[31.339141,30.103122],[31.339243,30.103159],[31.339175,30.1033],[31.339072,30.103263],[31.339141,30.103122]]]}},{"type":"Feature","properties":{},"geometry":{"type":"Polygon","coordinates":[[[31.341125,30.102604],[31.341204,30.102435],[31.341437,30.102517],[31.341358,30.102685],[31.341125,30.102604]]]}},{"type":"Feature","properties":{},"geometry":{"type":"Polygon","coordinates":[[[31.343277,30.107559],[31.343138,30.10759],[31.343106,30.107479],[31.343169,30.107465],[31.343157,30.107426],[31.34319,30.107418],[31.343199,30.107451],[31.343242,30.107442],[31.343277,30.107559]]]}},{"type":"Feature","properties":{},"geometry":{"type":"Polygon","coordinates":[[[31.34364,30.107346],[31.3437,30.107491],[31.343567,30.107533],[31.343507,30.107387],[31.34364,30.107346]]]}},{"type":"Feature","properties":{},"geometry":{"type":"Polygon","coordinates":[[[31.347698,30.105607],[31.347549,30.105833],[31.347399,30.105759],[31.347548,30.105533],[31.347698,30.105607]]]}},{"type":"Feature","properties":{},"geometry":{"type":"Polygon","coordinates":[[[31.349487,30.100713],[31.349338,30.100637],[31.349439,30.100489],[31.349588,30.100566],[31.349487,30.100713]]]}},{"type":"Feature","properties":{},"geometry":{"type":"Polygon","coordinates":[[[31.337621,30.099001],[31.337756,30.099169],[31.337599,30.099263],[31.337464,30.099095],[31.337621,30.099001]]]}},{"type":"Feature","properties":{},"geometry":{"type":"Polygon","coordinates":[[[31.338376,30.105253],[31.338763,30.105388],[31.338695,30.105535],[31.338307,30.105399],[31.338376,30.105253]]]}},{"type":"Feature","properties":{},"geometry":{"type":"Polygon","coordinates":[[[31.338531,30.096387],[31.338484,30.096413],[31.338455,30.096374],[31.338502,30.096348],[31.338531,30.096387]]]}},{"type":"Feature","properties":{},"geometry":{"type":"Polygon","coordinates":[[[31.338572,30.099993],[31.338532,30.10026],[31.338392,30.100244],[31.33841,30.100123],[31.338439,30.100126],[31.338461,30.09998],[31.338572,30.099993]]]}},{"type":"Feature","properties":{},"geometry":{"type":"Polygon","coordinates":[[[31.338884,30.101655],[31.338912,30.101521],[31.338963,30.101529],[31.338969,30.101497],[31.33892,30.10149],[31.338948,30.101355],[31.339121,30.101382],[31.339091,30.101527],[31.339042,30.101519],[31.33901,30.101674],[31.338884,30.101655]]]}},{"type":"Feature","properties":{},"geometry":{"type":"Polygon","coordinates":[[[31.33966,30.091729],[31.339712,30.091692],[31.339728,30.091709],[31.339846,30.091626],[31.339957,30.091743],[31.339862,30.09181],[31.339829,30.091775],[31.339753,30.091828],[31.33966,30.091729]]]}},{"type":"Feature","properties":{},"geometry":{"type":"Polygon","coordinates":[[[31.347704,30.095713],[31.347887,30.095588],[31.347839,30.095535],[31.347969,30.095446],[31.348068,30.095554],[31.348142,30.095503],[31.348189,30.095554],[31.3482,30.095547],[31.348298,30.095654],[31.348228,30.095702],[31.348249,30.095725],[31.348123,30.095812],[31.348105,30.095793],[31.347904,30.095931],[31.347704,30.095713]]]}},{"type":"Feature","properties":{},"geometry":{"type":"Polygon","coordinates":[[[31.349347,30.1057],[31.349192,30.105914],[31.348963,30.105789],[31.349051,30.105668],[31.349001,30.105641],[31.349033,30.105596],[31.349013,30.105585],[31.349047,30.105538],[31.349347,30.1057]]]}},{"type":"Feature","properties":{},"geometry":{"type":"Polygon","coordinates":[[[31.351256,30.10117],[31.351321,30.101079],[31.351379,30.10111],[31.351315,30.101201],[31.351256,30.10117]]]}},{"type":"Feature","properties":{},"geometry":{"type":"Polygon","coordinates":[[[31.353954,30.098312],[31.354136,30.098416],[31.354092,30.098474],[31.35391,30.09837],[31.353954,30.098312]]]}},{"type":"Feature","properties":{},"geometry":{"type":"Polygon","coordinates":[[[31.354439,30.105462],[31.354503,30.105372],[31.354599,30.10539],[31.354655,30.105165],[31.354729,30.105061],[31.354788,30.105073],[31.354891,30.104928],[31.355,30.104948],[31.354864,30.104876],[31.354923,30.104792],[31.35511,30.104892],[31.354895,30.105194],[31.354996,30.105248],[31.355076,30.105136],[31.355108,30.105006],[31.355064,30.104982],[31.355121,30.104903],[31.355306,30.105002],[31.355103,30.105287],[31.355116,30.105294],[31.355242,30.105317],[31.355295,30.105107],[31.355274,30.105096],[31.355277,30.105084],[31.355325,30.105016],[31.355508,30.105114],[31.355043,30.105767],[31.354913,30.105743],[31.355136,30.105429],[31.355037,30.105376],[31.354829,30.105669],[31.354439,30.105462]]]}},{"type":"Feature","properties":{},"geometry":{"type":"Polygon","coordinates":[[[31.355699,30.104793],[31.355604,30.104969],[31.355476,30.104917],[31.355571,30.104741],[31.355699,30.104793]]]}},{"type":"Feature","properties":{},"geometry":{"type":"Polygon","coordinates":[[[31.330109,30.094564],[31.330139,30.094704],[31.330015,30.094724],[31.329985,30.094585],[31.330109,30.094564]]]}},{"type":"Feature","properties":{},"geometry":{"type":"Polygon","coordinates":[[[31.331127,30.097369],[31.331226,30.097461],[31.331092,30.097569],[31.331064,30.097543],[31.331047,30.097557],[31.330976,30.097491],[31.331127,30.097369]]]}},{"type":"Feature","properties":{},"geometry":{"type":"Polygon","coordinates":[[[31.333157,30.097937],[31.333188,30.09784],[31.333215,30.097846],[31.333269,30.097673],[31.33345,30.097715],[31.333415,30.097828],[31.333379,30.09782],[31.333356,30.097895],[31.333376,30.0979],[31.33335,30.097982],[31.333157,30.097937]]]}},{"type":"Feature","properties":{},"geometry":{"type":"Polygon","coordinates":[[[31.334014,30.107784],[31.334144,30.107537],[31.334275,30.107588],[31.334145,30.107835],[31.334014,30.107784]]]}},{"type":"Feature","properties":{},"geometry":{"type":"Polygon","coordinates":[[[31.334284,30.102666],[31.334199,30.102806],[31.334104,30.102763],[31.334189,30.102623],[31.334284,30.102666]]]}},{"type":"Feature","properties":{},"geometry":{"type":"Polygon","coordinates":[[[31.335267,30.093834],[31.335394,30.09374],[31.335643,30.093992],[31.335516,30.094086],[31.335267,30.093834]]]}},{"type":"Feature","properties":{},"geometry":{"type":"Polygon","coordinates":[[[31.335517,30.104603],[31.335653,30.104488],[31.335821,30.104637],[31.335684,30.104752],[31.335517,30.104603]]]}},{"type":"Feature","properties":{},"geometry":{"type":"Polygon","coordinates":[[[31.336982,30.095513],[31.337033,30.095483],[31.337073,30.095534],[31.337161,30.095482],[31.337306,30.095665],[31.337167,30.095748],[31.336982,30.095513]]]}},{"type":"Feature","properties":{},"geometry":{"type":"Polygon","coordinates":[[[31.337094,30.109434],[31.33695,30.109491],[31.336735,30.109083],[31.33688,30.109026],[31.337094,30.109434]]]}},{"type":"Feature","properties":{},"geometry":{"type":"Polygon","coordinates":[[[31.337396,30.102285],[31.337436,30.1022],[31.337477,30.102215],[31.337438,30.102299],[31.337396,30.102285]]]}},{"type":"Feature","properties":{},"geometry":{"type":"Polygon","coordinates":[[[31.339229,30.099871],[31.339199,30.100129],[31.339063,30.100117],[31.33907,30.100062],[31.338916,30.100048],[31.338933,30.099902],[31.33897,30.099906],[31.338981,30.099817],[31.338918,30.099812],[31.33892,30.099801],[31.339101,30.099818],[31.339096,30.099859],[31.339229,30.099871]]]}},{"type":"Feature","properties":{},"geometry":{"type":"Polygon","coordinates":[[[31.349301,30.10513],[31.34945,30.104878],[31.349592,30.104942],[31.349442,30.105193],[31.349301,30.10513]]]}},{"type":"Feature","properties":{},"geometry":{"type":"Polygon","coordinates":[[[31.349544,30.109383],[31.349663,30.109201],[31.349814,30.109274],[31.349695,30.109456],[31.349544,30.109383]]]}},{"type":"Feature","properties":{},"geometry":{"type":"Polygon","coordinates":[[[31.350194,30.097679],[31.350311,30.097726],[31.350224,30.097887],[31.350107,30.09784],[31.350194,30.097679]]]}},{"type":"Feature","properties":{},"geometry":{"type":"Polygon","coordinates":[[[31.33286,30.098868],[31.332928,30.098838],[31.332966,30.098902],[31.332898,30.098932],[31.33286,30.098868]]]}},{"type":"Feature","properties":{},"geometry":{"type":"Polygon","coordinates":[[[31.333102,30.094749],[31.332988,30.094837],[31.332834,30.094689],[31.332948,30.0946],[31.333102,30.094749]]]}},{"type":"Feature","properties":{},"geometry":{"type":"Polygon","coordinates":[[[31.335196,30.097689],[31.335316,30.097715],[31.335281,30.097832],[31.335162,30.097805],[31.335196,30.097689]]]}},{"type":"Feature","properties":{},"geometry":{"type":"Polygon","coordinates":[[[31.339088,30.095125],[31.33902,30.095178],[31.338833,30.094997],[31.338902,30.094944],[31.339088,30.095125]]]}},{"type":"Feature","properties":{},"geometry":{"type":"Polygon","coordinates":[[[31.339603,30.092636],[31.339702,30.092549],[31.339786,30.092619],[31.339687,30.092707],[31.339603,30.092636]]]}},{"type":"Feature","properties":{},"geometry":{"type":"Polygon","coordinates":[[[31.340231,30.102294],[31.340328,30.102112],[31.340622,30.10223],[31.340524,30.102411],[31.340231,30.102294]]]}},{"type":"Feature","properties":{},"geometry":{"type":"Polygon","coordinates":[[[31.340807,30.10146],[31.340908,30.101421],[31.340895,30.101396],[31.340957,30.101371],[31.341086,30.101618],[31.340922,30.101682],[31.340807,30.10146]]]}},{"type":"Feature","properties":{},"geometry":{"type":"Polygon","coordinates":[[[31.34232,30.099178],[31.342138,30.099189],[31.342127,30.099067],[31.342118,30.099068],[31.342104,30.098905],[31.342296,30.098893],[31.34232,30.099178]]]}},{"type":"Feature","properties":{},"geometry":{"type":"Polygon","coordinates":[[[31.344374,30.091141],[31.344517,30.090934],[31.344657,30.091006],[31.344623,30.091056],[31.344744,30.091118],[31.344636,30.091276],[31.344374,30.091141]]]}},{"type":"Feature","properties":{},"geometry":{"type":"Polygon","coordinates":[[[31.347041,30.103554],[31.346886,30.103617],[31.346718,30.103308],[31.346873,30.103245],[31.347041,30.103554]]]}},{"type":"Feature","properties":{},"geometry":{"type":"Polygon","coordinates":[[[31.348334,30.109531],[31.348238,30.109657],[31.347773,30.109393],[31.347869,30.109266],[31.348334,30.109531]]]}},{"type":"Feature","properties":{},"geometry":{"type":"Polygon","coordinates":[[[31.351234,30.10973],[31.351384,30.109554],[31.351535,30.10965],[31.351386,30.109826],[31.351234,30.10973]]]}},{"type":"Feature","properties":{},"geometry":{"type":"Polygon","coordinates":[[[31.351954,30.107723],[31.352026,30.107633],[31.352071,30.10766],[31.352162,30.107546],[31.352124,30.107523],[31.352205,30.107422],[31.352345,30.107506],[31.352317,30.107541],[31.352684,30.107761],[31.352697,30.107745],[31.352751,30.107778],[31.352726,30.107809],[31.352752,30.107824],[31.352548,30.108079],[31.351954,30.107723]]]}},{"type":"Feature","properties":{},"geometry":{"type":"Polygon","coordinates":[[[31.330641,30.103782],[31.330538,30.10399],[31.33039,30.103935],[31.330492,30.103727],[31.330641,30.103782]]]}},{"type":"Feature","properties":{},"geometry":{"type":"Polygon","coordinates":[[[31.333703,30.101187],[31.333756,30.101137],[31.333806,30.101177],[31.333754,30.101227],[31.333703,30.101187]]]}},{"type":"Feature","properties":{},"geometry":{"type":"Polygon","coordinates":[[[31.333971,30.09383],[31.334114,30.093967],[31.334044,30.094021],[31.334004,30.093983],[31.333963,30.094015],[31.333894,30.093949],[31.333963,30.093895],[31.33393,30.093863],[31.333971,30.09383]]]}},{"type":"Feature","properties":{},"geometry":{"type":"Polygon","coordinates":[[[31.334308,30.095198],[31.334413,30.095294],[31.334302,30.095384],[31.334197,30.095288],[31.334308,30.095198]]]}},{"type":"Feature","properties":{},"geometry":{"type":"Polygon","coordinates":[[[31.338112,30.091997],[31.338073,30.092041],[31.337975,30.091975],[31.338014,30.091931],[31.338112,30.091997]]]}},{"type":"Feature","properties":{},"geometry":{"type":"Polygon","coordinates":[[[31.339372,30.098885],[31.339306,30.098992],[31.339367,30.09902],[31.339382,30.098996],[31.339422,30.099014],[31.339356,30.099121],[31.339167,30.099034],[31.339195,30.098989],[31.339167,30.098976],[31.339256,30.098831],[31.339372,30.098885]]]}},{"type":"Feature","properties":{},"geometry":{"type":"Polygon","coordinates":[[[31.340206,30.108023],[31.340063,30.108067],[31.340027,30.107979],[31.34017,30.107936],[31.340206,30.108023]]]}},{"type":"Feature","properties":{},"geometry":{"type":"Polygon","coordinates":[[[31.345486,30.099737],[31.345593,30.099698],[31.345656,30.099827],[31.345549,30.099867],[31.345486,30.099737]]]}},{"type":"Feature","properties":{},"geometry":{"type":"Polygon","coordinates":[[[31.347081,30.09364],[31.347098,30.093591],[31.347023,30.093571],[31.347106,30.093333],[31.347203,30.093358],[31.347205,30.093354],[31.347795,30.093509],[31.347693,30.0938],[31.347081,30.09364]]]}},{"type":"Feature","properties":{},"geometry":{"type":"Polygon","coordinates":[[[31.351118,30.101349],[31.351176,30.101378],[31.351115,30.101471],[31.351057,30.101442],[31.351118,30.101349]]]}},{"type":"Feature","properties":{},"geometry":{"type":"Polygon","coordinates":[[[31.330233,30.091133],[31.330068,30.091197],[31.330026,30.091114],[31.32999,30.091128],[31.329875,30.090904],[31.330075,30.090827],[31.330233,30.091133]]]}},{"type":"Feature","properties":{},"geometry":{"type":"Polygon","coordinates":[[[31.330829,30.10813],[31.330906,30.108059],[31.331071,30.108191],[31.330995,30.108262],[31.330829,30.10813]]]}},{"type":"Feature","properties":{},"geometry":{"type":"Polygon","coordinates":[[[31.332233,30.099968],[31.332155,30.099948],[31.332153,30.099953],[31.331979,30.099911],[31.332019,30.099788],[31.33207,30.099801],[31.332094,30.09973],[31.332295,30.09978],[31.332233,30.099968]]]}},{"type":"Feature","properties":{},"geometry":{"type":"Polygon","coordinates":[[[31.335237,30.108502],[31.33534,30.108726],[31.335208,30.108771],[31.335105,30.108548],[31.335237,30.108502]]]}},{"type":"Feature","properties":{},"geometry":{"type":"Polygon","coordinates":[[[31.337056,30.09803],[31.337116,30.097994],[31.337083,30.097953],[31.337191,30.097888],[31.337319,30.098047],[31.337152,30.098148],[31.337056,30.09803]]]}},{"type":"Feature","properties":{},"geometry":{"type":"Polygon","coordinates":[[[31.337079,30.096711],[31.337116,30.096545],[31.337253,30.096568],[31.337216,30.096733],[31.337079,30.096711]]]}},{"type":"Feature","properties":{},"geometry":{"type":"Polygon","coordinates":[[[31.340927,30.091671],[31.340893,30.091699],[31.340839,30.091649],[31.340953,30.091557],[31.341095,30.091687],[31.341015,30.091752],[31.340927,30.091671]]]}},{"type":"Feature","properties":{},"geometry":{"type":"Polygon","coordinates":[[[31.34347,30.109364],[31.343361,30.109591],[31.343011,30.109464],[31.343121,30.109237],[31.34347,30.109364]]]}},{"type":"Feature","properties":{},"geometry":{"type":"Polygon","coordinates":[[[31.343717,30.092443],[31.343801,30.092472],[31.343774,30.092531],[31.34369,30.092503],[31.343717,30.092443]]]}},{"type":"Feature","properties":{},"geometry":{"type":"Polygon","coordinates":[[[31.346186,30.096516],[31.346265,30.096559],[31.346208,30.096637],[31.34613,30.096594],[31.346186,30.096516]]]}},{"type":"Feature","properties":{},"geometry":{"type":"Polygon","coordinates":[[[31.346189,30.096649],[31.346157,30.096692],[31.346102,30.096661],[31.346133,30.096618],[31.346189,30.096649]]]}},{"type":"Feature","properties":{},"geometry":{"type":"Polygon","coordinates":[[[31.34631,30.090353],[31.346265,30.090378],[31.346238,30.090343],[31.346199,30.090365],[31.346105,30.090242],[31.346239,30.090165],[31.346338,30.090295],[31.346288,30.090324],[31.34631,30.090353]]]}},{"type":"Feature","properties":{},"geometry":{"type":"Polygon","coordinates":[[[31.346648,30.095171],[31.346703,30.095224],[31.346339,30.095505],[31.346284,30.095452],[31.346648,30.095171]]]}},{"type":"Feature","properties":{},"geometry":{"type":"Polygon","coordinates":[[[31.347691,30.093117],[31.348056,30.092888],[31.348215,30.093077],[31.347852,30.093309],[31.347691,30.093117]]]}},{"type":"Feature","properties":{},"geometry":{"type":"Polygon","coordinates":[[[31.348931,30.104553],[31.349008,30.104591],[31.348973,30.104645],[31.349023,30.104669],[31.348885,30.104881],[31.348757,30.104818],[31.348931,30.104553]]]}},{"type":"Feature","properties":{},"geometry":{"type":"Polygon","coordinates":[[[31.330249,30.107801],[31.330163,30.10787],[31.330011,30.107728],[31.330096,30.107659],[31.330249,30.107801]]]}},{"type":"Feature","properties":{},"geometry":{"type":"Polygon","coordinates":[[[31.33062,30.096787],[31.330725,30.096716],[31.330817,30.096818],[31.330712,30.096889],[31.33062,30.096787]]]}},{"type":"Feature","properties":{},"geometry":{"type":"Polygon","coordinates":[[[31.331275,30.100246],[31.331199,30.100298],[31.331134,30.100228],[31.331162,30.100208],[31.331121,30.100164],[31.331082,30.100191],[31.331014,30.100117],[31.331101,30.100057],[31.331275,30.100246]]]}},{"type":"Feature","properties":{},"geometry":{"type":"Polygon","coordinates":[[[31.331759,30.10732],[31.331854,30.107243],[31.332,30.10738],[31.331861,30.107491],[31.331789,30.107423],[31.331832,30.107388],[31.331759,30.10732]]]}},{"type":"Feature","properties":{},"geometry":{"type":"Polygon","coordinates":[[[31.333951,30.094837],[31.333993,30.094807],[31.333966,30.094779],[31.333996,30.094757],[31.33391,30.094667],[31.333952,30.094638],[31.334111,30.094805],[31.333998,30.094886],[31.333951,30.094837]]]}},{"type":"Feature","properties":{},"geometry":{"type":"Polygon","coordinates":[[[31.337106,30.108898],[31.337229,30.108843],[31.337376,30.109087],[31.337253,30.109142],[31.337106,30.108898]]]}},{"type":"Feature","properties":{},"geometry":{"type":"Polygon","coordinates":[[[31.337454,30.104925],[31.337608,30.105053],[31.337528,30.105126],[31.337373,30.104998],[31.337454,30.104925]]]}},{"type":"Feature","properties":{},"geometry":{"type":"Polygon","coordinates":[[[31.338324,30.100368],[31.338289,30.100568],[31.338224,30.100559],[31.338234,30.100502],[31.338202,30.100498],[31.33821,30.100453],[31.338179,30.100449],[31.338163,30.100539],[31.338121,30.100534],[31.338103,30.100638],[31.337972,30.100621],[31.33802,30.100328],[31.338324,30.100368]]]}},{"type":"Feature","properties":{},"geometry":{"type":"Polygon","coordinates":[[[31.342563,30.101606],[31.342256,30.101622],[31.342246,30.101463],[31.342106,30.101356],[31.342102,30.101315],[31.342141,30.101312],[31.342179,30.101275],[31.342177,30.101247],[31.342218,30.101244],[31.342247,30.101216],[31.342275,30.101238],[31.342302,30.101211],[31.342434,30.101202],[31.342496,30.10125],[31.342504,30.101342],[31.34246,30.101385],[31.342511,30.101424],[31.342546,30.101422],[31.342563,30.101606]]]}},{"type":"Feature","properties":{},"geometry":{"type":"Polygon","coordinates":[[[31.342711,30.109409],[31.343066,30.109524],[31.342951,30.109788],[31.342596,30.109673],[31.342711,30.109409]]]}},{"type":"Feature","properties":{},"geometry":{"type":"Polygon","coordinates":[[[31.343902,30.108123],[31.343849,30.108134],[31.343863,30.108182],[31.343776,30.1082],[31.343746,30.108088],[31.343885,30.10806],[31.343902,30.108123]]]}},{"type":"Feature","properties":{},"geometry":{"type":"Polygon","coordinates":[[[31.344024,30.108481],[31.343887,30.108506],[31.343845,30.108328],[31.343981,30.108303],[31.344024,30.108481]]]}},{"type":"Feature","properties":{},"geometry":{"type":"Polygon","coordinates":[[[31.344426,30.108526],[31.344443,30.10858],[31.344406,30.108589],[31.344422,30.108638],[31.344297,30.108668],[31.344264,30.108565],[31.344426,30.108526]]]}},{"type":"Feature","properties":{},"geometry":{"type":"Polygon","coordinates":[[[31.345343,30.107185],[31.345136,30.107238],[31.345082,30.107079],[31.345289,30.107026],[31.345343,30.107185]]]}},{"type":"Feature","properties":{},"geometry":{"type":"Polygon","coordinates":[[[31.345879,30.107942],[31.34612,30.108075],[31.346062,30.108153],[31.345821,30.10802],[31.345879,30.107942]]]}},{"type":"Feature","properties":{},"geometry":{"type":"Polygon","coordinates":[[[31.330075,30.092366],[31.330092,30.092404],[31.330021,30.092428],[31.329937,30.092243],[31.33009,30.092191],[31.330156,30.092338],[31.330075,30.092366]]]}},{"type":"Feature","properties":{},"geometry":{"type":"Polygon","coordinates":[[[31.330549,30.091225],[31.330399,30.091283],[31.330288,30.091069],[31.330438,30.091011],[31.330549,30.091225]]]}},{"type":"Feature","properties":{},"geometry":{"type":"Polygon","coordinates":[[[31.331404,30.093765],[31.331115,30.094041],[31.330968,30.093925],[31.331257,30.09365],[31.331404,30.093765]]]}},{"type":"Feature","properties":{},"geometry":{"type":"Polygon","coordinates":[[[31.332722,30.100338],[31.332667,30.100478],[31.332609,30.100461],[31.332612,30.100453],[31.33251,30.100423],[31.332558,30.10029],[31.332722,30.100338]]]}},{"type":"Feature","properties":{},"geometry":{"type":"Polygon","coordinates":[[[31.332781,30.102302],[31.33284,30.10236],[31.332651,30.102504],[31.332685,30.102538],[31.332607,30.102597],[31.332514,30.102505],[31.332781,30.102302]]]}},{"type":"Feature","properties":{},"geometry":{"type":"Polygon","coordinates":[[[31.334051,30.106945],[31.333926,30.107195],[31.333757,30.107131],[31.333882,30.106881],[31.334051,30.106945]]]}},{"type":"Feature","properties":{},"geometry":{"type":"Polygon","coordinates":[[[31.336893,30.091571],[31.33715,30.091628],[31.337162,30.091589],[31.337277,30.091615],[31.337289,30.091577],[31.337318,30.091583],[31.33728,30.09171],[31.337244,30.091702],[31.337222,30.091776],[31.337197,30.09177],[31.337183,30.091816],[31.336826,30.091737],[31.336852,30.091647],[31.33687,30.091651],[31.336893,30.091571]]]}},{"type":"Feature","properties":{},"geometry":{"type":"Polygon","coordinates":[[[31.338628,30.094486],[31.33904,30.094697],[31.339073,30.094733],[31.33905,30.094766],[31.338798,30.094937],[31.33862,30.09474],[31.338646,30.094702],[31.338595,30.094645],[31.338615,30.094617],[31.338397,30.094501],[31.338393,30.094497],[31.338407,30.094478],[31.338386,30.094455],[31.338419,30.094406],[31.338461,30.094378],[31.338628,30.094486]]]}},{"type":"Feature","properties":{},"geometry":{"type":"Polygon","coordinates":[[[31.339102,30.098445],[31.339129,30.098377],[31.339256,30.098415],[31.339207,30.098535],[31.339174,30.098525],[31.339195,30.098473],[31.339102,30.098445]]]}},{"type":"Feature","properties":{},"geometry":{"type":"Polygon","coordinates":[[[31.341561,30.109216],[31.341695,30.108954],[31.342133,30.109121],[31.341999,30.109383],[31.341561,30.109216]]]}},{"type":"Feature","properties":{},"geometry":{"type":"Polygon","coordinates":[[[31.341963,30.100098],[31.341998,30.100165],[31.341912,30.1002],[31.341842,30.100068],[31.341981,30.100012],[31.342016,30.100077],[31.341963,30.100098]]]}},{"type":"Feature","properties":{},"geometry":{"type":"Polygon","coordinates":[[[31.344894,30.106658],[31.344802,30.10667],[31.344793,30.106614],[31.344885,30.106603],[31.344894,30.106658]]]}},{"type":"Feature","properties":{},"geometry":{"type":"Polygon","coordinates":[[[31.345369,30.097839],[31.345528,30.097622],[31.345671,30.097701],[31.345604,30.097792],[31.345585,30.097781],[31.345492,30.097906],[31.345369,30.097839]]]}},{"type":"Feature","properties":{},"geometry":{"type":"Polygon","coordinates":[[[31.350626,30.10768],[31.350669,30.107708],[31.350634,30.107748],[31.350591,30.10772],[31.350626,30.10768]]]}},{"type":"Feature","properties":{},"geometry":{"type":"Polygon","coordinates":[[[31.352306,30.097659],[31.352375,30.097715],[31.352336,30.097751],[31.352212,30.097649],[31.352262,30.097604],[31.352317,30.097649],[31.352306,30.097659]]]}},{"type":"Feature","properties":{},"geometry":{"type":"Polygon","coordinates":[[[31.353028,30.107111],[31.352953,30.107205],[31.352901,30.107173],[31.352975,30.10708],[31.353028,30.107111]]]}},{"type":"Feature","properties":{},"geometry":{"type":"Polygon","coordinates":[[[31.355494,30.102056],[31.355601,30.101896],[31.355951,30.102072],[31.355844,30.102232],[31.355494,30.102056]]]}},{"type":"Feature","properties":{},"geometry":{"type":"Polygon","coordinates":[[[31.330443,30.097234],[31.330586,30.097363],[31.330435,30.097489],[31.330292,30.09736],[31.330443,30.097234]]]}},{"type":"Feature","properties":{},"geometry":{"type":"Polygon","coordinates":[[[31.331724,30.107805],[31.331895,30.107937],[31.331818,30.108011],[31.331647,30.107879],[31.331724,30.107805]]]}},{"type":"Feature","properties":{},"geometry":{"type":"Polygon","coordinates":[[[31.332902,30.103037],[31.332677,30.103233],[31.332599,30.103166],[31.332785,30.103004],[31.33276,30.102982],[31.332816,30.102933],[31.332834,30.102948],[31.332878,30.10291],[31.333003,30.103018],[31.332941,30.103071],[31.332902,30.103037]]]}},{"type":"Feature","properties":{},"geometry":{"type":"Polygon","coordinates":[[[31.33342,30.106618],[31.33356,30.106348],[31.333732,30.106415],[31.333591,30.106685],[31.33342,30.106618]]]}},{"type":"Feature","properties":{},"geometry":{"type":"Polygon","coordinates":[[[31.336011,30.10021],[31.33602,30.100221],[31.335982,30.100244],[31.335926,30.100178],[31.335983,30.100143],[31.336029,30.100198],[31.336011,30.10021]]]}},{"type":"Feature","properties":{},"geometry":{"type":"Polygon","coordinates":[[[31.337759,30.09674],[31.337712,30.096876],[31.337694,30.096871],[31.337682,30.096905],[31.337514,30.096862],[31.337574,30.096691],[31.337759,30.09674]]]}},{"type":"Feature","properties":{},"geometry":{"type":"Polygon","coordinates":[[[31.337808,30.108816],[31.337759,30.108724],[31.337969,30.108641],[31.338017,30.108733],[31.337808,30.108816]]]}},{"type":"Feature","properties":{},"geometry":{"type":"Polygon","coordinates":[[[31.338591,30.103629],[31.338675,30.103465],[31.338985,30.103584],[31.338902,30.103748],[31.338591,30.103629]]]}},{"type":"Feature","properties":{},"geometry":{"type":"Polygon","coordinates":[[[31.340962,30.095316],[31.34089,30.095358],[31.340863,30.095323],[31.340935,30.095281],[31.340962,30.095316]]]}},{"type":"Feature","properties":{},"geometry":{"type":"Polygon","coordinates":[[[31.341644,30.094113],[31.341543,30.094249],[31.341433,30.094187],[31.341535,30.094052],[31.341644,30.094113]]]}},{"type":"Feature","properties":{},"geometry":{"type":"Polygon","coordinates":[[[31.33071,30.10521],[31.330753,30.105121],[31.331193,30.105283],[31.33115,30.105371],[31.33071,30.10521]]]}},{"type":"Feature","properties":{},"geometry":{"type":"Polygon","coordinates":[[[31.331857,30.108904],[31.331784,30.108787],[31.331857,30.108753],[31.33193,30.108869],[31.331857,30.108904]]]}},{"type":"Feature","properties":{},"geometry":{"type":"Polygon","coordinates":[[[31.333432,30.10982],[31.333543,30.109771],[31.333617,30.109897],[31.333505,30.109946],[31.333432,30.10982]]]}},{"type":"Feature","properties":{},"geometry":{"type":"Polygon","coordinates":[[[31.333694,30.105291],[31.333749,30.105169],[31.333865,30.105209],[31.333827,30.105293],[31.333841,30.105298],[31.333773,30.105446],[31.33361,30.105391],[31.333661,30.105279],[31.333694,30.105291]]]}},{"type":"Feature","properties":{},"geometry":{"type":"Polygon","coordinates":[[[31.33428,30.095443],[31.33441,30.095344],[31.334517,30.095449],[31.334616,30.095373],[31.334874,30.095629],[31.334644,30.095803],[31.33428,30.095443]]]}},{"type":"Feature","properties":{},"geometry":{"type":"Polygon","coordinates":[[[31.334469,30.09419],[31.334413,30.094127],[31.334548,30.094037],[31.334605,30.0941],[31.334469,30.09419]]]}},{"type":"Feature","properties":{},"geometry":{"type":"Polygon","coordinates":[[[31.337304,30.09678],[31.337366,30.09662],[31.337503,30.09666],[31.337442,30.096819],[31.337304,30.09678]]]}},{"type":"Feature","properties":{},"geometry":{"type":"Polygon","coordinates":[[[31.339578,30.104089],[31.339509,30.104226],[31.339182,30.104103],[31.339251,30.103966],[31.339578,30.104089]]]}},{"type":"Feature","properties":{},"geometry":{"type":"Polygon","coordinates":[[[31.342954,30.107256],[31.342757,30.107324],[31.342708,30.107216],[31.342789,30.107188],[31.342768,30.107144],[31.342884,30.107104],[31.342954,30.107256]]]}},{"type":"Feature","properties":{},"geometry":{"type":"Polygon","coordinates":[[[31.343534,30.096625],[31.343571,30.096572],[31.343604,30.096589],[31.343567,30.096642],[31.343534,30.096625]]]}},{"type":"Feature","properties":{},"geometry":{"type":"Polygon","coordinates":[[[31.343652,30.089956],[31.343701,30.090002],[31.343505,30.090161],[31.343455,30.090115],[31.343652,30.089956]]]}},{"type":"Feature","properties":{},"geometry":{"type":"Polygon","coordinates":[[[31.345216,30.107485],[31.345436,30.107443],[31.345473,30.107589],[31.345253,30.107631],[31.345216,30.107485]]]}},{"type":"Feature","properties":{},"geometry":{"type":"Polygon","coordinates":[[[31.330863,30.107753],[31.331037,30.10788],[31.330963,30.107956],[31.330789,30.107829],[31.330863,30.107753]]]}},{"type":"Feature","properties":{},"geometry":{"type":"Polygon","coordinates":[[[31.331986,30.104151],[31.332095,30.103963],[31.332223,30.104018],[31.332113,30.104207],[31.331986,30.104151]]]}},{"type":"Feature","properties":{},"geometry":{"type":"Polygon","coordinates":[[[31.334062,30.108546],[31.334046,30.108552],[31.334099,30.108658],[31.333921,30.108725],[31.333765,30.108414],[31.333897,30.108365],[31.333935,30.108441],[31.333997,30.108418],[31.334062,30.108546]]]}},{"type":"Feature","properties":{},"geometry":{"type":"Polygon","coordinates":[[[31.334973,30.104932],[31.335102,30.104985],[31.334993,30.105185],[31.334864,30.105133],[31.334973,30.104932]]]}},{"type":"Feature","properties":{},"geometry":{"type":"Polygon","coordinates":[[[31.336521,30.109888],[31.336607,30.109859],[31.336643,30.109941],[31.336683,30.109928],[31.336701,30.10997],[31.336575,30.110012],[31.336521,30.109888]]]}},{"type":"Feature","properties":{},"geometry":{"type":"Polygon","coordinates":[[[31.337815,30.109463],[31.337674,30.109529],[31.337558,30.109344],[31.337641,30.109305],[31.337681,30.109368],[31.337739,30.10934],[31.337815,30.109463]]]}},{"type":"Feature","properties":{},"geometry":{"type":"Polygon","coordinates":[[[31.338716,30.100304],[31.338745,30.100066],[31.338858,30.100076],[31.338853,30.100116],[31.338909,30.100122],[31.338884,30.10032],[31.338716,30.100304]]]}},{"type":"Feature","properties":{},"geometry":{"type":"Polygon","coordinates":[[[31.338963,30.099705],[31.339029,30.099543],[31.33896,30.099522],[31.338972,30.099493],[31.339287,30.099588],[31.339248,30.099687],[31.339207,30.099675],[31.339169,30.099768],[31.338963,30.099705]]]}},{"type":"Feature","properties":{},"geometry":{"type":"Polygon","coordinates":[[[31.341642,30.102303],[31.34153,30.10238],[31.341327,30.102158],[31.341438,30.102082],[31.341642,30.102303]]]}},{"type":"Feature","properties":{},"geometry":{"type":"Polygon","coordinates":[[[31.34285,30.10516],[31.342989,30.105251],[31.343023,30.105308],[31.343049,30.105279],[31.343141,30.10534],[31.34309,30.105398],[31.343001,30.105437],[31.342969,30.105478],[31.34289,30.105513],[31.342728,30.105235],[31.342753,30.105224],[31.342783,30.105189],[31.34285,30.10516]]]}},{"type":"Feature","properties":{},"geometry":{"type":"Polygon","coordinates":[[[31.347286,30.108166],[31.347256,30.108218],[31.347181,30.108185],[31.347211,30.108133],[31.347286,30.108166]]]}},{"type":"Feature","properties":{},"geometry":{"type":"Polygon","coordinates":[[[31.354866,30.100966],[31.354755,30.101114],[31.354608,30.101032],[31.354719,30.100884],[31.354866,30.100966]]]}},{"type":"Feature","properties":{},"geometry":{"type":"Polygon","coordinates":[[[31.331069,30.106758],[31.331154,30.106676],[31.331313,30.1068],[31.331229,30.106881],[31.331069,30.106758]]]}},{"type":"Feature","properties":{},"geometry":{"type":"Polygon","coordinates":[[[31.333007,30.104358],[31.33291,30.104555],[31.332737,30.104492],[31.332814,30.104333],[31.332853,30.104348],[31.332872,30.104309],[31.333007,30.104358]]]}},{"type":"Feature","properties":{},"geometry":{"type":"Polygon","coordinates":[[[31.333101,30.108307],[31.332956,30.108304],[31.332959,30.10822],[31.333103,30.108224],[31.333101,30.108307]]]}},{"type":"Feature","properties":{},"geometry":{"type":"Polygon","coordinates":[[[31.334121,30.094692],[31.334042,30.094734],[31.333982,30.09465],[31.334061,30.094608],[31.334121,30.094692]]]}},{"type":"Feature","properties":{},"geometry":{"type":"Polygon","coordinates":[[[31.338365,30.093899],[31.338533,30.093974],[31.338473,30.094075],[31.338424,30.094053],[31.338412,30.094073],[31.338293,30.09402],[31.338365,30.093899]]]}},{"type":"Feature","properties":{},"geometry":{"type":"Polygon","coordinates":[[[31.339407,30.105973],[31.339525,30.105925],[31.339636,30.10613],[31.339517,30.106178],[31.339407,30.105973]]]}},{"type":"Feature","properties":{},"geometry":{"type":"Polygon","coordinates":[[[31.341448,30.092324],[31.34157,30.092329],[31.341563,30.092449],[31.341441,30.092444],[31.341448,30.092324]]]}},{"type":"Feature","properties":{},"geometry":{"type":"Polygon","coordinates":[[[31.341556,30.104781],[31.341598,30.104675],[31.341802,30.104735],[31.341761,30.104841],[31.341556,30.104781]]]}},{"type":"Feature","properties":{},"geometry":{"type":"Polygon","coordinates":[[[31.34205,30.10451],[31.342053,30.104485],[31.342072,30.104444],[31.342078,30.104388],[31.342055,30.10438],[31.342077,30.104334],[31.342119,30.104349],[31.342102,30.104348],[31.342251,30.1044],[31.342247,30.104444],[31.342196,30.104553],[31.342163,30.10455],[31.34205,30.10451]]]}},{"type":"Feature","properties":{},"geometry":{"type":"Polygon","coordinates":[[[31.342777,30.106693],[31.342911,30.106931],[31.342799,30.106978],[31.342665,30.10674],[31.342777,30.106693]]]}},{"type":"Feature","properties":{},"geometry":{"type":"Polygon","coordinates":[[[31.343906,30.098043],[31.343987,30.097862],[31.343941,30.097846],[31.343972,30.097777],[31.344067,30.09781],[31.34404,30.097871],[31.343993,30.097855],[31.343985,30.097873],[31.344021,30.097885],[31.34398,30.097975],[31.344061,30.098002],[31.344025,30.098083],[31.343906,30.098043]]]}},{"type":"Feature","properties":{},"geometry":{"type":"Polygon","coordinates":[[[31.344383,30.091314],[31.344513,30.091378],[31.344376,30.091586],[31.344246,30.091522],[31.344383,30.091314]]]}},{"type":"Feature","properties":{},"geometry":{"type":"Polygon","coordinates":[[[31.345648,30.107531],[31.345691,30.107493],[31.345606,30.107422],[31.345729,30.107313],[31.345905,30.107461],[31.34574,30.107608],[31.345648,30.107531]]]}},{"type":"Feature","properties":{},"geometry":{"type":"Polygon","coordinates":[[[31.347081,30.100507],[31.347247,30.100592],[31.347098,30.10081],[31.346932,30.100725],[31.347081,30.100507]]]}},{"type":"Feature","properties":{},"geometry":{"type":"Polygon","coordinates":[[[31.349616,30.108971],[31.349734,30.108825],[31.35027,30.109146],[31.350137,30.109313],[31.349962,30.109208],[31.349978,30.109188],[31.349616,30.108971]]]}},{"type":"Feature","properties":{},"geometry":{"type":"Polygon","coordinates":[[[31.331574,30.104451],[31.331686,30.104252],[31.33182,30.104308],[31.331709,30.104507],[31.331574,30.104451]]]}},{"type":"Feature","properties":{},"geometry":{"type":"Polygon","coordinates":[[[31.333384,30.097561],[31.333382,30.097567],[31.333259,30.097539],[31.333301,30.0974],[31.333572,30.097461],[31.333532,30.097595],[31.333384,30.097561]]]}},{"type":"Feature","properties":{},"geometry":{"type":"Polygon","coordinates":[[[31.33376,30.097838],[31.333658,30.098103],[31.333382,30.098023],[31.33348,30.097757],[31.33376,30.097838]]]}},{"type":"Feature","properties":{},"geometry":{"type":"Polygon","coordinates":[[[31.334873,30.107287],[31.334956,30.107118],[31.334883,30.107091],[31.334925,30.107005],[31.334841,30.106974],[31.334865,30.106925],[31.335403,30.10712],[31.335254,30.107426],[31.334873,30.107287]]]}},{"type":"Feature","properties":{},"geometry":{"type":"Polygon","coordinates":[[[31.335476,30.097332],[31.335458,30.097434],[31.335332,30.097417],[31.335351,30.097315],[31.335476,30.097332]]]}},{"type":"Feature","properties":{},"geometry":{"type":"Polygon","coordinates":[[[31.338949,30.09246],[31.338908,30.092533],[31.338869,30.092516],[31.338819,30.092603],[31.338582,30.092501],[31.338632,30.092416],[31.338597,30.092401],[31.33864,30.092327],[31.338949,30.09246]]]}},{"type":"Feature","properties":{},"geometry":{"type":"Polygon","coordinates":[[[31.339549,30.102103],[31.339747,30.102109],[31.339808,30.102136],[31.339671,30.102367],[31.33964,30.102367],[31.339607,30.102424],[31.33955,30.102398],[31.339548,30.102437],[31.339499,30.102435],[31.339471,30.102423],[31.339474,30.102352],[31.339462,30.102347],[31.339484,30.10231],[31.339485,30.10228],[31.339534,30.102197],[31.339536,30.102162],[31.339518,30.102155],[31.339549,30.102103]]]}},{"type":"Feature","properties":{},"geometry":{"type":"Polygon","coordinates":[[[31.341023,30.095279],[31.341153,30.095426],[31.341025,30.095511],[31.340895,30.095364],[31.341023,30.095279]]]}},{"type":"Feature","properties":{},"geometry":{"type":"Polygon","coordinates":[[[31.341648,30.103704],[31.341572,30.103841],[31.341363,30.103753],[31.341439,30.103617],[31.341648,30.103704]]]}},{"type":"Feature","properties":{},"geometry":{"type":"Polygon","coordinates":[[[31.342778,30.090494],[31.34286,30.090439],[31.342897,30.09048],[31.342815,30.090535],[31.342778,30.090494]]]}},{"type":"Feature","properties":{},"geometry":{"type":"Polygon","coordinates":[[[31.342995,30.107844],[31.342992,30.107836],[31.342907,30.107857],[31.342871,30.107747],[31.343053,30.107703],[31.343091,30.107821],[31.342995,30.107844]]]}},{"type":"Feature","properties":{},"geometry":{"type":"Polygon","coordinates":[[[31.343079,30.090047],[31.343154,30.090121],[31.343085,30.090175],[31.343009,30.090101],[31.343079,30.090047]]]}},{"type":"Feature","properties":{},"geometry":{"type":"Polygon","coordinates":[[[31.349355,30.109558],[31.349459,30.109419],[31.349605,30.109501],[31.349501,30.10964],[31.349355,30.109558]]]}},{"type":"Feature","properties":{},"geometry":{"type":"Polygon","coordinates":[[[31.350181,30.109514],[31.350032,30.10969],[31.3499,30.109606],[31.350049,30.10943],[31.350181,30.109514]]]}},{"type":"Feature","properties":{},"geometry":{"type":"Polygon","coordinates":[[[31.352793,30.096055],[31.352768,30.096046],[31.352753,30.096078],[31.352143,30.095869],[31.352395,30.095317],[31.353031,30.095535],[31.352793,30.096055]]]}},{"type":"Feature","properties":{},"geometry":{"type":"Polygon","coordinates":[[[31.331914,30.098308],[31.331822,30.09838],[31.331692,30.098257],[31.331785,30.098185],[31.331914,30.098308]]]}},{"type":"Feature","properties":{},"geometry":{"type":"Polygon","coordinates":[[[31.332606,30.092401],[31.332635,30.092428],[31.332667,30.092403],[31.332791,30.092518],[31.332701,30.09259],[31.332548,30.092449],[31.332606,30.092401]]]}},{"type":"Feature","properties":{},"geometry":{"type":"Polygon","coordinates":[[[31.333174,30.094614],[31.333076,30.094523],[31.333151,30.094463],[31.333296,30.094598],[31.333245,30.094638],[31.333286,30.094676],[31.333167,30.09477],[31.33308,30.094689],[31.333174,30.094614]]]}},{"type":"Feature","properties":{},"geometry":{"type":"Polygon","coordinates":[[[31.337305,30.105315],[31.337167,30.105434],[31.337007,30.105296],[31.337145,30.105177],[31.337305,30.105315]]]}},{"type":"Feature","properties":{},"geometry":{"type":"Polygon","coordinates":[[[31.342045,30.109421],[31.342186,30.109147],[31.34262,30.109315],[31.342479,30.109589],[31.342045,30.109421]]]}},{"type":"Feature","properties":{},"geometry":{"type":"Polygon","coordinates":[[[31.342415,30.108502],[31.342347,30.108636],[31.342308,30.108622],[31.342287,30.108662],[31.342185,30.108623],[31.342273,30.108448],[31.342415,30.108502]]]}},{"type":"Feature","properties":{},"geometry":{"type":"Polygon","coordinates":[[[31.343083,30.103923],[31.343209,30.103925],[31.343211,30.103865],[31.343181,30.103803],[31.343183,30.103739],[31.343215,30.103727],[31.342994,30.103722],[31.342995,30.1037],[31.342941,30.103589],[31.342941,30.10358],[31.343003,30.103581],[31.342967,30.103594],[31.343148,30.103598],[31.343127,30.103555],[31.34317,30.10354],[31.343202,30.103604],[31.343325,30.103607],[31.343359,30.103677],[31.343352,30.103895],[31.343342,30.103899],[31.343337,30.104048],[31.343098,30.104043],[31.343081,30.104006],[31.343115,30.103994],[31.343083,30.103923]]]}},{"type":"Feature","properties":{},"geometry":{"type":"Polygon","coordinates":[[[31.34658,30.093321],[31.346529,30.09335],[31.346486,30.093293],[31.346537,30.093264],[31.34658,30.093321]]]}},{"type":"Feature","properties":{},"geometry":{"type":"Polygon","coordinates":[[[31.347609,30.105513],[31.347756,30.105305],[31.347883,30.105372],[31.347736,30.10558],[31.347609,30.105513]]]}},{"type":"Feature","properties":{},"geometry":{"type":"Polygon","coordinates":[[[31.350315,30.106624],[31.35039,30.10653],[31.350412,30.106543],[31.350442,30.106505],[31.350376,30.106466],[31.350436,30.106392],[31.350478,30.106417],[31.350527,30.106355],[31.351095,30.106694],[31.350939,30.106889],[31.350945,30.106893],[31.350886,30.106966],[31.350315,30.106624]]]}},{"type":"Feature","properties":{},"geometry":{"type":"Polygon","coordinates":[[[31.350785,30.101925],[31.350717,30.102048],[31.350673,30.10203],[31.350741,30.101907],[31.350785,30.101925]]]}},{"type":"Feature","properties":{},"geometry":{"type":"Polygon","coordinates":[[[31.330181,30.107507],[31.330256,30.107438],[31.330468,30.10761],[31.330394,30.107679],[31.330181,30.107507]]]}},{"type":"Feature","properties":{},"geometry":{"type":"Polygon","coordinates":[[[31.330255,30.092713],[31.330094,30.092736],[31.330063,30.092578],[31.330225,30.092555],[31.330255,30.092713]]]}},{"type":"Feature","properties":{},"geometry":{"type":"Polygon","coordinates":[[[31.330958,30.100539],[31.33125,30.100803],[31.331224,30.100825],[31.331298,30.100892],[31.331228,30.10095],[31.331149,30.100878],[31.331114,30.100907],[31.330827,30.100648],[31.330958,30.100539]]]}},{"type":"Feature","properties":{},"geometry":{"type":"Polygon","coordinates":[[[31.331746,30.10086],[31.332112,30.101256],[31.331932,30.101381],[31.331566,30.100984],[31.331746,30.10086]]]}},{"type":"Feature","properties":{},"geometry":{"type":"Polygon","coordinates":[[[31.332874,30.094506],[31.332912,30.094537],[31.332855,30.094588],[31.332818,30.094556],[31.332874,30.094506]]]}},{"type":"Feature","properties":{},"geometry":{"type":"Polygon","coordinates":[[[31.333319,30.094783],[31.33342,30.094712],[31.333582,30.094882],[31.333538,30.094914],[31.333564,30.094941],[31.333507,30.094982],[31.333319,30.094783]]]}},{"type":"Feature","properties":{},"geometry":{"type":"Polygon","coordinates":[[[31.341111,30.095567],[31.341221,30.095504],[31.341299,30.095606],[31.341188,30.095669],[31.341111,30.095567]]]}},{"type":"Feature","properties":{},"geometry":{"type":"Polygon","coordinates":[[[31.341783,30.103964],[31.341676,30.104109],[31.341504,30.104013],[31.341611,30.103869],[31.341783,30.103964]]]}},{"type":"Feature","properties":{},"geometry":{"type":"Polygon","coordinates":[[[31.34359,30.0967],[31.343459,30.096907],[31.343377,30.096868],[31.343398,30.096834],[31.343332,30.096803],[31.343318,30.096825],[31.343207,30.096772],[31.343351,30.096544],[31.343483,30.096606],[31.343462,30.096639],[31.34359,30.0967]]]}},{"type":"Feature","properties":{},"geometry":{"type":"Polygon","coordinates":[[[31.345922,30.101574],[31.345753,30.101479],[31.345941,30.101228],[31.34611,30.101322],[31.345922,30.101574]]]}},{"type":"Feature","properties":{},"geometry":{"type":"Polygon","coordinates":[[[31.346053,30.098655],[31.34587,30.098729],[31.345824,30.098645],[31.346006,30.09857],[31.346053,30.098655]]]}},{"type":"Feature","properties":{},"geometry":{"type":"Polygon","coordinates":[[[31.331299,30.091434],[31.331327,30.091476],[31.331277,30.091501],[31.331249,30.091459],[31.331299,30.091434]]]}},{"type":"Feature","properties":{},"geometry":{"type":"Polygon","coordinates":[[[31.334092,30.105878],[31.333991,30.105837],[31.334058,30.105713],[31.334094,30.105728],[31.334131,30.10566],[31.334196,30.105686],[31.334092,30.105878]]]}},{"type":"Feature","properties":{},"geometry":{"type":"Polygon","coordinates":[[[31.335585,30.107511],[31.335704,30.107284],[31.335873,30.107351],[31.335754,30.107578],[31.335585,30.107511]]]}},{"type":"Feature","properties":{},"geometry":{"type":"Polygon","coordinates":[[[31.335782,30.108489],[31.335964,30.108435],[31.336005,30.108538],[31.335823,30.108592],[31.335782,30.108489]]]}},{"type":"Feature","properties":{},"geometry":{"type":"Polygon","coordinates":[[[31.336338,30.098357],[31.336428,30.098291],[31.336591,30.098458],[31.336473,30.098544],[31.336431,30.098502],[31.336419,30.098511],[31.336334,30.098424],[31.336374,30.098394],[31.336338,30.098357]]]}},{"type":"Feature","properties":{},"geometry":{"type":"Polygon","coordinates":[[[31.337233,30.102792],[31.337256,30.102751],[31.337224,30.102738],[31.337254,30.102686],[31.337184,30.102657],[31.337229,30.102577],[31.337468,30.102677],[31.337371,30.10285],[31.337233,30.102792]]]}},{"type":"Feature","properties":{},"geometry":{"type":"Polygon","coordinates":[[[31.33862,30.104262],[31.338524,30.104462],[31.338349,30.1044],[31.338374,30.104348],[31.338254,30.104305],[31.338325,30.104157],[31.33862,30.104262]]]}},{"type":"Feature","properties":{},"geometry":{"type":"Polygon","coordinates":[[[31.339819,30.104739],[31.339888,30.104619],[31.340124,30.104721],[31.340055,30.104841],[31.339819,30.104739]]]}},{"type":"Feature","properties":{},"geometry":{"type":"Polygon","coordinates":[[[31.340649,30.091715],[31.340745,30.091641],[31.341004,30.091891],[31.340947,30.091935],[31.340902,30.091892],[31.340863,30.091921],[31.340649,30.091715]]]}},{"type":"Feature","properties":{},"geometry":{"type":"Polygon","coordinates":[[[31.340868,30.104562],[31.340946,30.104403],[31.341158,30.104481],[31.34108,30.10464],[31.340868,30.104562]]]}},{"type":"Feature","properties":{},"geometry":{"type":"Polygon","coordinates":[[[31.341836,30.096456],[31.341653,30.096209],[31.3418,30.096128],[31.341982,30.096375],[31.341836,30.096456]]]}},{"type":"Feature","properties":{},"geometry":{"type":"Polygon","coordinates":[[[31.342397,30.106923],[31.342512,30.107146],[31.342319,30.107221],[31.342204,30.106998],[31.342397,30.106923]]]}},{"type":"Feature","properties":{},"geometry":{"type":"Polygon","coordinates":[[[31.345276,30.105411],[31.345427,30.10535],[31.34553,30.105537],[31.345378,30.105599],[31.345276,30.105411]]]}},{"type":"Feature","properties":{},"geometry":{"type":"Polygon","coordinates":[[[31.348062,30.10104],[31.347911,30.10126],[31.347559,30.101079],[31.347709,30.100859],[31.348062,30.10104]]]}},{"type":"Feature","properties":{},"geometry":{"type":"Polygon","coordinates":[[[31.352439,30.105978],[31.352492,30.106011],[31.352414,30.106105],[31.352361,30.106072],[31.352439,30.105978]]]}},{"type":"Feature","properties":{},"geometry":{"type":"Polygon","coordinates":[[[31.353977,30.108084],[31.3542,30.108221],[31.354139,30.108295],[31.353917,30.108158],[31.353977,30.108084]]]}},{"type":"Feature","properties":{},"geometry":{"type":"Polygon","coordinates":[[[31.33088,30.102631],[31.331468,30.102379],[31.331496,30.102429],[31.331378,30.10248],[31.331407,30.10253],[31.331536,30.102475],[31.331613,30.102609],[31.33146,30.102674],[31.331446,30.10265],[31.331407,30.102667],[31.331425,30.102698],[31.331304,30.10275],[31.331212,30.102591],[31.330927,30.102713],[31.33088,30.102631]]]}},{"type":"Feature","properties":{},"geometry":{"type":"Polygon","coordinates":[[[31.331176,30.100132],[31.331091,30.100031],[31.331203,30.09996],[31.331288,30.100061],[31.331176,30.100132]]]}},{"type":"Feature","properties":{},"geometry":{"type":"Polygon","coordinates":[[[31.331354,30.108988],[31.331466,30.108944],[31.331545,30.109094],[31.331434,30.109138],[31.331354,30.108988]]]}},{"type":"Feature","properties":{},"geometry":{"type":"Polygon","coordinates":[[[31.331886,30.108707],[31.332033,30.108655],[31.332102,30.1088],[31.331955,30.108852],[31.331886,30.108707]]]}},{"type":"Feature","properties":{},"geometry":{"type":"Polygon","coordinates":[[[31.333362,30.102466],[31.333683,30.102673],[31.33351,30.102872],[31.333677,30.10298],[31.333551,30.103126],[31.333594,30.103154],[31.333557,30.103245],[31.333503,30.103228],[31.333461,30.103159],[31.333433,30.103229],[31.333488,30.103264],[31.333466,30.103291],[31.333409,30.103254],[31.333195,30.103501],[31.333214,30.103533],[31.333329,30.103607],[31.333213,30.103742],[31.333072,30.103651],[31.333112,30.103605],[31.333041,30.103559],[31.333066,30.10353],[31.333,30.103487],[31.333022,30.103431],[31.333091,30.1034],[31.333421,30.103018],[31.333357,30.103046],[31.333285,30.10313],[31.333068,30.10299],[31.332982,30.103089],[31.333017,30.103004],[31.332915,30.102938],[31.333297,30.102495],[31.333362,30.102466]]]}},{"type":"Feature","properties":{},"geometry":{"type":"Polygon","coordinates":[[[31.336176,30.109642],[31.336039,30.109691],[31.33593,30.109467],[31.336066,30.109417],[31.336176,30.109642]]]}},{"type":"Feature","properties":{},"geometry":{"type":"Polygon","coordinates":[[[31.336202,30.095554],[31.336132,30.095483],[31.336254,30.095392],[31.336378,30.095517],[31.336206,30.095646],[31.336152,30.095591],[31.336202,30.095554]]]}},{"type":"Feature","properties":{},"geometry":{"type":"Polygon","coordinates":[[[31.344746,30.095387],[31.344795,30.095474],[31.344668,30.095526],[31.34462,30.09544],[31.344746,30.095387]]]}},{"type":"Feature","properties":{},"geometry":{"type":"Polygon","coordinates":[[[31.34486,30.103847],[31.34501,30.103783],[31.345089,30.103923],[31.345083,30.103925],[31.345105,30.103965],[31.344962,30.104026],[31.34486,30.103847]]]}},{"type":"Feature","properties":{},"geometry":{"type":"Polygon","coordinates":[[[31.34643,30.101098],[31.346253,30.101351],[31.346126,30.101284],[31.346303,30.101031],[31.34643,30.101098]]]}},{"type":"Feature","properties":{},"geometry":{"type":"Polygon","coordinates":[[[31.347534,30.103344],[31.34732,30.103433],[31.347184,30.103188],[31.347235,30.103167],[31.347216,30.103133],[31.347379,30.103065],[31.347534,30.103344]]]}},{"type":"Feature","properties":{},"geometry":{"type":"Polygon","coordinates":[[[31.347771,30.104181],[31.347635,30.104234],[31.34748,30.10394],[31.347616,30.103887],[31.347771,30.104181]]]}},{"type":"Feature","properties":{},"geometry":{"type":"Polygon","coordinates":[[[31.351654,30.090368],[31.351463,30.090547],[31.351211,30.090346],[31.351403,30.090167],[31.351654,30.090368]]]}},{"type":"Feature","properties":{},"geometry":{"type":"Polygon","coordinates":[[[31.355737,30.101675],[31.355741,30.101668],[31.35558,30.101589],[31.355684,30.101429],[31.356015,30.101589],[31.355906,30.101757],[31.355737,30.101675]]]}},{"type":"Feature","properties":{},"geometry":{"type":"Polygon","coordinates":[[[31.332385,30.09323],[31.332556,30.093106],[31.332743,30.093301],[31.332702,30.09333],[31.332787,30.093418],[31.332679,30.093495],[31.332583,30.093396],[31.332561,30.093412],[31.332385,30.09323]]]}},{"type":"Feature","properties":{},"geometry":{"type":"Polygon","coordinates":[[[31.33381,30.10942],[31.333975,30.109341],[31.334051,30.109461],[31.333887,30.10954],[31.33381,30.10942]]]}},{"type":"Feature","properties":{},"geometry":{"type":"Polygon","coordinates":[[[31.334948,30.094257],[31.335054,30.094172],[31.33519,30.094299],[31.335084,30.094384],[31.334948,30.094257]]]}},{"type":"Feature","properties":{},"geometry":{"type":"Polygon","coordinates":[[[31.337495,30.094166],[31.337583,30.094064],[31.337619,30.094038],[31.337607,30.094054],[31.337719,30.093973],[31.338029,30.094147],[31.338002,30.094183],[31.338025,30.094207],[31.338004,30.094236],[31.337916,30.094299],[31.337846,30.09426],[31.33789,30.094201],[31.337824,30.094164],[31.337727,30.094234],[31.337781,30.09429],[31.337758,30.094306],[31.337716,30.094363],[31.337674,30.094393],[31.337601,30.094318],[31.337619,30.094294],[31.337495,30.094166]]]}},{"type":"Feature","properties":{},"geometry":{"type":"Polygon","coordinates":[[[31.338542,30.09135],[31.33836,30.091581],[31.338136,30.091448],[31.338319,30.091218],[31.338542,30.09135]]]}},{"type":"Feature","properties":{},"geometry":{"type":"Polygon","coordinates":[[[31.338999,30.091586],[31.33895,30.091626],[31.338998,30.09167],[31.338806,30.091831],[31.338555,30.091606],[31.338793,30.091402],[31.338999,30.091586]]]}},{"type":"Feature","properties":{},"geometry":{"type":"Polygon","coordinates":[[[31.339744,30.105456],[31.339977,30.10555],[31.339917,30.105662],[31.339683,30.105569],[31.339744,30.105456]]]}},{"type":"Feature","properties":{},"geometry":{"type":"Polygon","coordinates":[[[31.34196,30.103993],[31.342021,30.10388],[31.342164,30.103938],[31.342103,30.104051],[31.34196,30.103993]]]}},{"type":"Feature","properties":{},"geometry":{"type":"Polygon","coordinates":[[[31.345402,30.105292],[31.345232,30.10536],[31.345124,30.105159],[31.345294,30.105091],[31.345402,30.105292]]]}},{"type":"Feature","properties":{},"geometry":{"type":"Polygon","coordinates":[[[31.345951,30.102676],[31.345617,30.102515],[31.34577,30.102278],[31.346104,30.102439],[31.345951,30.102676]]]}},{"type":"Feature","properties":{},"geometry":{"type":"Polygon","coordinates":[[[31.347941,30.097623],[31.348,30.097657],[31.347966,30.097701],[31.347907,30.097667],[31.347941,30.097623]]]}},{"type":"Feature","properties":{},"geometry":{"type":"Polygon","coordinates":[[[31.348201,30.093881],[31.348147,30.09388],[31.348153,30.093625],[31.348207,30.093625],[31.348201,30.093881]]]}},{"type":"Feature","properties":{},"geometry":{"type":"Polygon","coordinates":[[[31.352049,30.103335],[31.351998,30.103401],[31.351893,30.103339],[31.351944,30.103274],[31.352049,30.103335]]]}},{"type":"Feature","properties":{},"geometry":{"type":"Polygon","coordinates":[[[31.330256,30.093885],[31.330369,30.093999],[31.330265,30.094076],[31.330199,30.094009],[31.330245,30.093975],[31.330199,30.093928],[31.330256,30.093885]]]}},{"type":"Feature","properties":{},"geometry":{"type":"Polygon","coordinates":[[[31.332322,30.107349],[31.332507,30.107181],[31.332605,30.107262],[31.33242,30.10743],[31.332322,30.107349]]]}},{"type":"Feature","properties":{},"geometry":{"type":"Polygon","coordinates":[[[31.332888,30.094045],[31.333027,30.093936],[31.333186,30.094087],[31.333047,30.094196],[31.332888,30.094045]]]}},{"type":"Feature","properties":{},"geometry":{"type":"Polygon","coordinates":[[[31.333751,30.1044],[31.333936,30.104479],[31.333969,30.104452],[31.334143,30.104526],[31.334051,30.104672],[31.333916,30.104615],[31.333893,30.104593],[31.33377,30.104541],[31.333482,30.104773],[31.333415,30.104745],[31.333337,30.104672],[31.333429,30.104598],[31.333468,30.104628],[31.333751,30.1044]]]}},{"type":"Feature","properties":{},"geometry":{"type":"Polygon","coordinates":[[[31.336325,30.097624],[31.336325,30.097638],[31.336256,30.097754],[31.336255,30.097775],[31.336213,30.097846],[31.336152,30.097844],[31.336006,30.097779],[31.336023,30.09775],[31.336026,30.097674],[31.33596,30.097785],[31.335796,30.097712],[31.3358,30.097615],[31.335969,30.097619],[31.335869,30.097575],[31.335889,30.097542],[31.336146,30.097656],[31.336102,30.097655],[31.336159,30.09768],[31.336174,30.097654],[31.336154,30.097645],[31.336156,30.097586],[31.336179,30.097596],[31.336196,30.097567],[31.336325,30.097624]]]}},{"type":"Feature","properties":{},"geometry":{"type":"Polygon","coordinates":[[[31.337212,30.104238],[31.337249,30.104209],[31.337364,30.104317],[31.337281,30.104384],[31.337098,30.104212],[31.337144,30.104175],[31.337212,30.104238]]]}},{"type":"Feature","properties":{},"geometry":{"type":"Polygon","coordinates":[[[31.337579,30.109779],[31.337412,30.109838],[31.337279,30.109559],[31.337299,30.109551],[31.337256,30.10946],[31.337402,30.109408],[31.337579,30.109779]]]}},{"type":"Feature","properties":{},"geometry":{"type":"Polygon","coordinates":[[[31.338674,30.103131],[31.3387,30.103084],[31.338819,30.103131],[31.338794,30.103179],[31.338674,30.103131]]]}},{"type":"Feature","properties":{},"geometry":{"type":"Polygon","coordinates":[[[31.341015,30.108925],[31.34107,30.108818],[31.341321,30.108914],[31.341368,30.108823],[31.341133,30.108734],[31.341185,30.108633],[31.341583,30.108785],[31.341544,30.108861],[31.341605,30.108884],[31.341513,30.109064],[31.341434,30.109034],[31.341377,30.109147],[31.341325,30.109127],[31.341361,30.109057],[31.341015,30.108925]]]}},{"type":"Feature","properties":{},"geometry":{"type":"Polygon","coordinates":[[[31.341924,30.105256],[31.342054,30.105201],[31.342195,30.105451],[31.342065,30.105506],[31.341924,30.105256]]]}},{"type":"Feature","properties":{},"geometry":{"type":"Polygon","coordinates":[[[31.342246,30.10724],[31.342084,30.107313],[31.341972,30.107127],[31.342025,30.107103],[31.342056,30.107154],[31.342112,30.107128],[31.34208,30.107076],[31.342099,30.107067],[31.342114,30.107091],[31.342148,30.107076],[31.342246,30.10724]]]}},{"type":"Feature","properties":{},"geometry":{"type":"Polygon","coordinates":[[[31.344032,30.093231],[31.344075,30.093146],[31.344152,30.093175],[31.344109,30.09326],[31.344032,30.093231]]]}},{"type":"Feature","properties":{},"geometry":{"type":"Polygon","coordinates":[[[31.345357,30.094238],[31.345683,30.094074],[31.345711,30.094115],[31.345386,30.09428],[31.345357,30.094238]]]}},{"type":"Feature","properties":{},"geometry":{"type":"Polygon","coordinates":[[[31.346179,30.091424],[31.346173,30.091414],[31.346239,30.091386],[31.346308,30.091511],[31.34623,30.091543],[31.346206,30.091501],[31.346166,30.091518],[31.346126,30.091446],[31.346179,30.091424]]]}},{"type":"Feature","properties":{},"geometry":{"type":"Polygon","coordinates":[[[31.346551,30.105705],[31.346466,30.105825],[31.346247,30.10571],[31.346274,30.105673],[31.346303,30.105688],[31.346361,30.105605],[31.346551,30.105705]]]}},{"type":"Feature","properties":{},"geometry":{"type":"Polygon","coordinates":[[[31.34701,30.107826],[31.347062,30.107851],[31.347037,30.107889],[31.346985,30.107864],[31.34701,30.107826]]]}},{"type":"Feature","properties":{},"geometry":{"type":"Polygon","coordinates":[[[31.347957,30.106619],[31.348111,30.106355],[31.34824,30.106412],[31.348086,30.106675],[31.347957,30.106619]]]}},{"type":"Feature","properties":{},"geometry":{"type":"Polygon","coordinates":[[[31.348853,30.09344],[31.349368,30.093444],[31.349362,30.09395],[31.348969,30.093947],[31.348971,30.093759],[31.348951,30.093759],[31.348949,30.09393],[31.348847,30.093929],[31.348853,30.09344]]]}},{"type":"Feature","properties":{},"geometry":{"type":"Polygon","coordinates":[[[31.354696,30.108542],[31.354829,30.108636],[31.354716,30.108756],[31.354583,30.108662],[31.354696,30.108542]]]}},{"type":"Feature","properties":{},"geometry":{"type":"Polygon","coordinates":[[[31.355373,30.109831],[31.355518,30.109947],[31.355471,30.109992],[31.355326,30.109876],[31.355373,30.109831]]]}},{"type":"Feature","properties":{},"geometry":{"type":"Polygon","coordinates":[[[31.330422,30.102204],[31.330239,30.102038],[31.33038,30.101921],[31.330563,30.102087],[31.330422,30.102204]]]}},{"type":"Feature","properties":{},"geometry":{"type":"Polygon","coordinates":[[[31.332288,30.094461],[31.332339,30.094421],[31.33237,30.09445],[31.332318,30.09449],[31.332288,30.094461]]]}},{"type":"Feature","properties":{},"geometry":{"type":"Polygon","coordinates":[[[31.333254,30.10633],[31.333382,30.106386],[31.333302,30.106523],[31.333174,30.106467],[31.333254,30.10633]]]}},{"type":"Feature","properties":{},"geometry":{"type":"Polygon","coordinates":[[[31.334534,30.100634],[31.334761,30.100659],[31.334731,30.100864],[31.33464,30.100854],[31.334651,30.100779],[31.334613,30.100775],[31.334604,30.100839],[31.334506,30.100828],[31.334534,30.100634]]]}},{"type":"Feature","properties":{},"geometry":{"type":"Polygon","coordinates":[[[31.334617,30.104144],[31.334593,30.104166],[31.334626,30.104193],[31.334498,30.104311],[31.334288,30.104141],[31.334422,30.104017],[31.334542,30.104114],[31.334559,30.104098],[31.334617,30.104144]]]}},{"type":"Feature","properties":{},"geometry":{"type":"Polygon","coordinates":[[[31.336616,30.101155],[31.336653,30.100992],[31.336781,30.101014],[31.336744,30.101177],[31.336616,30.101155]]]}},{"type":"Feature","properties":{},"geometry":{"type":"Polygon","coordinates":[[[31.33884,30.106126],[31.338843,30.106205],[31.338798,30.106206],[31.338803,30.106348],[31.338712,30.10635],[31.338703,30.10613],[31.33884,30.106126]]]}},{"type":"Feature","properties":{},"geometry":{"type":"Polygon","coordinates":[[[31.338956,30.102282],[31.338875,30.102271],[31.338963,30.101816],[31.339044,30.101828],[31.338956,30.102282]]]}},{"type":"Feature","properties":{},"geometry":{"type":"Polygon","coordinates":[[[31.339616,30.105547],[31.339388,30.10545],[31.339482,30.105284],[31.33971,30.105381],[31.339616,30.105547]]]}},{"type":"Feature","properties":{},"geometry":{"type":"Polygon","coordinates":[[[31.340132,30.109251],[31.340031,30.109448],[31.339549,30.109262],[31.33965,30.109065],[31.340132,30.109251]]]}},{"type":"Feature","properties":{},"geometry":{"type":"Polygon","coordinates":[[[31.340246,30.093481],[31.340285,30.093429],[31.340232,30.093399],[31.340295,30.093316],[31.340377,30.093363],[31.34036,30.093386],[31.340514,30.093474],[31.340429,30.093585],[31.340246,30.093481]]]}},{"type":"Feature","properties":{},"geometry":{"type":"Polygon","coordinates":[[[31.341336,30.102735],[31.341265,30.102865],[31.341028,30.102766],[31.3411,30.102637],[31.341336,30.102735]]]}},{"type":"Feature","properties":{},"geometry":{"type":"Polygon","coordinates":[[[31.343406,30.099363],[31.343416,30.099443],[31.34327,30.099456],[31.343246,30.099259],[31.343203,30.099263],[31.343201,30.099245],[31.34358,30.09921],[31.343588,30.099272],[31.343642,30.099267],[31.343651,30.09934],[31.343406,30.099363]]]}},{"type":"Feature","properties":{},"geometry":{"type":"Polygon","coordinates":[[[31.345777,30.105587],[31.345876,30.105746],[31.345855,30.105806],[31.345821,30.105821],[31.3458,30.105881],[31.345774,30.105893],[31.345522,30.105826],[31.345534,30.105792],[31.345503,30.105785],[31.345496,30.105773],[31.34552,30.105706],[31.345777,30.105587]]]}},{"type":"Feature","properties":{},"geometry":{"type":"Polygon","coordinates":[[[31.347128,30.105035],[31.347202,30.105186],[31.347158,30.105202],[31.347176,30.105238],[31.34712,30.105259],[31.347089,30.105196],[31.347026,30.105219],[31.346963,30.105091],[31.347037,30.105064],[31.347024,30.105037],[31.347089,30.105014],[31.347104,30.105044],[31.347128,30.105035]]]}},{"type":"Feature","properties":{},"geometry":{"type":"Polygon","coordinates":[[[31.347169,30.10311],[31.346957,30.103199],[31.346896,30.10309],[31.34685,30.103109],[31.346768,30.102963],[31.346897,30.102909],[31.34693,30.102969],[31.346974,30.102951],[31.347,30.102998],[31.347038,30.102982],[31.347057,30.103015],[31.347081,30.103005],[31.347103,30.103045],[31.347127,30.103035],[31.347169,30.10311]]]}},{"type":"Feature","properties":{},"geometry":{"type":"Polygon","coordinates":[[[31.347316,30.099602],[31.347365,30.099628],[31.347394,30.099588],[31.347515,30.099653],[31.347411,30.099799],[31.34724,30.099707],[31.347316,30.099602]]]}},{"type":"Feature","properties":{},"geometry":{"type":"Polygon","coordinates":[[[31.349235,30.099912],[31.349339,30.099761],[31.349506,30.099847],[31.349403,30.099998],[31.349235,30.099912]]]}},{"type":"Feature","properties":{},"geometry":{"type":"Polygon","coordinates":[[[31.35148,30.104946],[31.351483,30.104997],[31.351435,30.104999],[31.351432,30.104948],[31.35148,30.104946]]]}},{"type":"Feature","properties":{},"geometry":{"type":"Polygon","coordinates":[[[31.353561,30.106845],[31.353641,30.106741],[31.353678,30.106763],[31.353581,30.106889],[31.353606,30.106904],[31.353564,30.106958],[31.352972,30.106615],[31.353054,30.10651],[31.352909,30.106426],[31.352994,30.106317],[31.353126,30.106394],[31.353182,30.106322],[31.353317,30.1064],[31.353233,30.106509],[31.353272,30.106532],[31.353194,30.106632],[31.353561,30.106845]]]}},{"type":"Feature","properties":{},"geometry":{"type":"Polygon","coordinates":[[[31.331222,30.107431],[31.331304,30.107358],[31.331464,30.107493],[31.331382,30.107566],[31.331222,30.107431]]]}},{"type":"Feature","properties":{},"geometry":{"type":"Polygon","coordinates":[[[31.333419,30.108812],[31.333339,30.108647],[31.333526,30.10858],[31.333619,30.108774],[31.333607,30.108778],[31.333655,30.10888],[31.333502,30.108935],[31.333439,30.108805],[31.333419,30.108812]]]}},{"type":"Feature","properties":{},"geometry":{"type":"Polygon","coordinates":[[[31.335287,30.097905],[31.335242,30.098018],[31.335264,30.098025],[31.335241,30.098081],[31.335232,30.098078],[31.335164,30.098249],[31.334991,30.098197],[31.335026,30.098109],[31.335098,30.098131],[31.335153,30.097992],[31.335096,30.097975],[31.335141,30.097861],[31.335287,30.097905]]]}},{"type":"Feature","properties":{},"geometry":{"type":"Polygon","coordinates":[[[31.335366,30.095252],[31.335352,30.095235],[31.335271,30.095288],[31.335158,30.095157],[31.335231,30.09511],[31.335265,30.09515],[31.335338,30.095103],[31.33543,30.095211],[31.335366,30.095252]]]}},{"type":"Feature","properties":{},"geometry":{"type":"Polygon","coordinates":[[[31.337962,30.095654],[31.33831,30.09601],[31.338141,30.096134],[31.33803,30.09602],[31.338082,30.095982],[31.338043,30.095943],[31.33807,30.095923],[31.338043,30.095896],[31.337974,30.095946],[31.337803,30.095771],[31.337962,30.095654]]]}},{"type":"Feature","properties":{},"geometry":{"type":"Polygon","coordinates":[[[31.340013,30.098211],[31.339953,30.098124],[31.340102,30.098046],[31.340163,30.098134],[31.340013,30.098211]]]}},{"type":"Feature","properties":{},"geometry":{"type":"Polygon","coordinates":[[[31.340058,30.091292],[31.340251,30.091162],[31.340545,30.091492],[31.340352,30.091621],[31.340058,30.091292]]]}},{"type":"Feature","properties":{},"geometry":{"type":"Polygon","coordinates":[[[31.34392,30.096684],[31.343798,30.096841],[31.343749,30.096812],[31.34387,30.096655],[31.34392,30.096684]]]}},{"type":"Feature","properties":{},"geometry":{"type":"Polygon","coordinates":[[[31.344961,30.097874],[31.345005,30.097808],[31.345174,30.097891],[31.345112,30.097985],[31.344983,30.097922],[31.345002,30.097894],[31.344961,30.097874]]]}},{"type":"Feature","properties":{},"geometry":{"type":"Polygon","coordinates":[[[31.34508,30.09938],[31.34489,30.099442],[31.344784,30.099198],[31.344941,30.099147],[31.344968,30.099209],[31.345001,30.099198],[31.34508,30.09938]]]}},{"type":"Feature","properties":{},"geometry":{"type":"Polygon","coordinates":[[[31.345581,30.093922],[31.345532,30.093944],[31.345507,30.093904],[31.345555,30.093881],[31.345581,30.093922]]]}},{"type":"Feature","properties":{},"geometry":{"type":"Polygon","coordinates":[[[31.347915,30.099848],[31.348014,30.099695],[31.34814,30.099755],[31.348041,30.099909],[31.347915,30.099848]]]}},{"type":"Feature","properties":{},"geometry":{"type":"Polygon","coordinates":[[[31.347931,30.106655],[31.348061,30.106725],[31.347878,30.106977],[31.347749,30.106906],[31.347931,30.106655]]]}},{"type":"Feature","properties":{},"geometry":{"type":"Polygon","coordinates":[[[31.34812,30.104339],[31.347981,30.104394],[31.347718,30.103897],[31.347857,30.103842],[31.34812,30.104339]]]}},{"type":"Feature","properties":{},"geometry":{"type":"Polygon","coordinates":[[[31.349814,30.107858],[31.349897,30.107742],[31.349943,30.107767],[31.34986,30.107882],[31.349814,30.107858]]]}},{"type":"Feature","properties":{},"geometry":{"type":"Polygon","coordinates":[[[31.355616,30.104061],[31.355678,30.10408],[31.355646,30.104158],[31.355584,30.10414],[31.355616,30.104061]]]}},{"type":"Feature","properties":{},"geometry":{"type":"Polygon","coordinates":[[[31.355799,30.108115],[31.355863,30.108147],[31.355833,30.108193],[31.355768,30.108161],[31.355799,30.108115]]]}},{"type":"Feature","properties":{},"geometry":{"type":"Polygon","coordinates":[[[31.332036,30.099316],[31.331975,30.099358],[31.331907,30.099284],[31.332034,30.099197],[31.332109,30.099278],[31.332042,30.099323],[31.332036,30.099316]]]}},{"type":"Feature","properties":{},"geometry":{"type":"Polygon","coordinates":[[[31.333988,30.093332],[31.333963,30.093351],[31.333922,30.093312],[31.333948,30.093291],[31.333895,30.09324],[31.333976,30.093176],[31.334111,30.093305],[31.334028,30.09337],[31.333988,30.093332]]]}},{"type":"Feature","properties":{},"geometry":{"type":"Polygon","coordinates":[[[31.334816,30.093778],[31.334743,30.093696],[31.334879,30.093606],[31.334963,30.093701],[31.335009,30.09367],[31.335077,30.093747],[31.334927,30.093846],[31.334848,30.093757],[31.334816,30.093778]]]}},{"type":"Feature","properties":{},"geometry":{"type":"Polygon","coordinates":[[[31.33612,30.107474],[31.336273,30.107534],[31.336147,30.10777],[31.335995,30.107709],[31.33612,30.107474]]]}},{"type":"Feature","properties":{},"geometry":{"type":"Polygon","coordinates":[[[31.336153,30.105069],[31.336023,30.105184],[31.335884,30.105066],[31.336014,30.104952],[31.336153,30.105069]]]}},{"type":"Feature","properties":{},"geometry":{"type":"Polygon","coordinates":[[[31.337057,30.094519],[31.337212,30.094393],[31.337426,30.094589],[31.337271,30.094715],[31.337057,30.094519]]]}},{"type":"Feature","properties":{},"geometry":{"type":"Polygon","coordinates":[[[31.337716,30.090146],[31.337856,30.09023],[31.337776,30.090329],[31.337636,30.090245],[31.337716,30.090146]]]}},{"type":"Feature","properties":{},"geometry":{"type":"Polygon","coordinates":[[[31.341906,30.108241],[31.341955,30.108144],[31.342018,30.108167],[31.342054,30.108096],[31.34244,30.10824],[31.342357,30.108408],[31.341906,30.108241]]]}},{"type":"Feature","properties":{},"geometry":{"type":"Polygon","coordinates":[[[31.342643,30.092674],[31.3428,30.092312],[31.342988,30.092373],[31.342755,30.092911],[31.342543,30.092842],[31.342614,30.092679],[31.342676,30.092699],[31.342682,30.092687],[31.342643,30.092674]]]}},{"type":"Feature","properties":{},"geometry":{"type":"Polygon","coordinates":[[[31.347759,30.106149],[31.347886,30.106204],[31.347729,30.106475],[31.347602,30.10642],[31.347759,30.106149]]]}},{"type":"Feature","properties":{},"geometry":{"type":"Polygon","coordinates":[[[31.348554,30.10066],[31.348633,30.100704],[31.348595,30.100755],[31.34861,30.100763],[31.348539,30.10086],[31.348409,30.100788],[31.348499,30.100666],[31.348535,30.100686],[31.348554,30.10066]]]}},{"type":"Feature","properties":{},"geometry":{"type":"Polygon","coordinates":[[[31.330887,30.096882],[31.331024,30.097009],[31.330946,30.097072],[31.330809,30.096945],[31.330887,30.096882]]]}},{"type":"Feature","properties":{},"geometry":{"type":"Polygon","coordinates":[[[31.331125,30.101472],[31.330989,30.101316],[31.331187,30.101187],[31.331323,30.101343],[31.331125,30.101472]]]}},{"type":"Feature","properties":{},"geometry":{"type":"Polygon","coordinates":[[[31.331719,30.108807],[31.331795,30.108947],[31.331693,30.108989],[31.331617,30.108848],[31.331719,30.108807]]]}},{"type":"Feature","properties":{},"geometry":{"type":"Polygon","coordinates":[[[31.33579,30.107588],[31.335899,30.10738],[31.336046,30.107437],[31.335938,30.107646],[31.33579,30.107588]]]}},{"type":"Feature","properties":{},"geometry":{"type":"Polygon","coordinates":[[[31.335994,30.096431],[31.336089,30.096206],[31.336277,30.096266],[31.336258,30.096311],[31.336279,30.096318],[31.336263,30.096356],[31.33622,30.096343],[31.336194,30.096404],[31.336222,30.096413],[31.336189,30.096493],[31.335994,30.096431]]]}},{"type":"Feature","properties":{},"geometry":{"type":"Polygon","coordinates":[[[31.337706,30.108614],[31.337831,30.108567],[31.337861,30.108627],[31.337735,30.108673],[31.337706,30.108614]]]}},{"type":"Feature","properties":{},"geometry":{"type":"Polygon","coordinates":[[[31.338943,30.100929],[31.338932,30.100993],[31.338892,30.100987],[31.338884,30.10103],[31.338816,30.101021],[31.338813,30.101039],[31.338698,30.101023],[31.338723,30.100889],[31.33882,30.100903],[31.338818,30.100912],[31.338943,30.100929]]]}},{"type":"Feature","properties":{},"geometry":{"type":"Polygon","coordinates":[[[31.339636,30.109026],[31.339544,30.109206],[31.339403,30.109152],[31.339495,30.108972],[31.339636,30.109026]]]}},{"type":"Feature","properties":{},"geometry":{"type":"Polygon","coordinates":[[[31.343678,30.090476],[31.343777,30.090567],[31.343726,30.090608],[31.343628,30.090517],[31.343678,30.090476]]]}},{"type":"Feature","properties":{},"geometry":{"type":"Polygon","coordinates":[[[31.344591,30.098719],[31.344453,30.098759],[31.344411,30.098648],[31.344462,30.098633],[31.34444,30.098574],[31.344527,30.09855],[31.344591,30.098719]]]}},{"type":"Feature","properties":{},"geometry":{"type":"Polygon","coordinates":[[[31.346704,30.090337],[31.346537,30.090372],[31.346492,30.09021],[31.346659,30.090175],[31.346704,30.090337]]]}},{"type":"Feature","properties":{},"geometry":{"type":"Polygon","coordinates":[[[31.349402,30.104835],[31.349227,30.105076],[31.349102,30.105008],[31.349277,30.104767],[31.349402,30.104835]]]}},{"type":"Feature","properties":{},"geometry":{"type":"Polygon","coordinates":[[[31.355633,30.101346],[31.355745,30.10118],[31.355893,30.101255],[31.355781,30.101421],[31.355633,30.101346]]]}},{"type":"Feature","properties":{},"geometry":{"type":"Polygon","coordinates":[[[31.33145,30.098039],[31.331515,30.098119],[31.331699,30.098006],[31.331759,30.09808],[31.331853,30.098022],[31.331883,30.098059],[31.331621,30.098221],[31.331648,30.098253],[31.331505,30.098341],[31.331325,30.098116],[31.33145,30.098039]]]}},{"type":"Feature","properties":{},"geometry":{"type":"Polygon","coordinates":[[[31.334177,30.095482],[31.333926,30.095678],[31.333992,30.095741],[31.333786,30.095902],[31.333581,30.095706],[31.333624,30.095672],[31.333592,30.095641],[31.333749,30.095519],[31.333825,30.095592],[31.334015,30.095439],[31.334,30.095425],[31.334065,30.095375],[31.334177,30.095482]]]}},{"type":"Feature","properties":{},"geometry":{"type":"Polygon","coordinates":[[[31.334896,30.097897],[31.33494,30.097912],[31.33495,30.09789],[31.335078,30.097932],[31.335046,30.098005],[31.334873,30.097949],[31.334896,30.097897]]]}},{"type":"Feature","properties":{},"geometry":{"type":"Polygon","coordinates":[[[31.336783,30.098197],[31.336665,30.098271],[31.336587,30.098178],[31.336675,30.098123],[31.336702,30.098155],[31.336732,30.098136],[31.336783,30.098197]]]}},{"type":"Feature","properties":{},"geometry":{"type":"Polygon","coordinates":[[[31.33685,30.108435],[31.336654,30.108499],[31.336534,30.108247],[31.336564,30.108236],[31.336552,30.10821],[31.336605,30.108191],[31.336589,30.10816],[31.336701,30.10812],[31.33685,30.108435]]]}},{"type":"Feature","properties":{},"geometry":{"type":"Polygon","coordinates":[[[31.338265,30.100962],[31.338251,30.100766],[31.338649,30.100745],[31.338663,30.10094],[31.338265,30.100962]]]}},{"type":"Feature","properties":{},"geometry":{"type":"Polygon","coordinates":[[[31.338769,30.099744],[31.338677,30.099939],[31.338635,30.099935],[31.338547,30.099903],[31.338556,30.099836],[31.33852,30.099909],[31.338484,30.099905],[31.338419,30.099882],[31.338435,30.099753],[31.338407,30.09981],[31.338294,30.099769],[31.338307,30.099666],[31.338343,30.099592],[31.338484,30.09964],[31.338505,30.099642],[31.338557,30.099661],[31.338536,30.099659],[31.338769,30.099744]]]}},{"type":"Feature","properties":{},"geometry":{"type":"Polygon","coordinates":[[[31.339687,30.100888],[31.339745,30.100635],[31.339928,30.100666],[31.339871,30.100919],[31.339687,30.100888]]]}},{"type":"Feature","properties":{},"geometry":{"type":"Polygon","coordinates":[[[31.341817,30.104415],[31.341893,30.104246],[31.342078,30.104308],[31.342002,30.104478],[31.341817,30.104415]]]}},{"type":"Feature","properties":{},"geometry":{"type":"Polygon","coordinates":[[[31.342404,30.106866],[31.342195,30.106946],[31.342018,30.106604],[31.342228,30.106523],[31.342404,30.106866]]]}},{"type":"Feature","properties":{},"geometry":{"type":"Polygon","coordinates":[[[31.343434,30.109643],[31.343559,30.109416],[31.343741,30.109491],[31.343616,30.109718],[31.343434,30.109643]]]}},{"type":"Feature","properties":{},"geometry":{"type":"Polygon","coordinates":[[[31.344689,30.091301],[31.344747,30.091197],[31.344879,30.091252],[31.344821,30.091356],[31.344689,30.091301]]]}},{"type":"Feature","properties":{},"geometry":{"type":"Polygon","coordinates":[[[31.348326,30.097067],[31.348336,30.097127],[31.348458,30.09715],[31.348484,30.097294],[31.348469,30.097355],[31.34838,30.097367],[31.348345,30.097507],[31.348342,30.097488],[31.348332,30.097527],[31.348313,30.09753],[31.348319,30.097565],[31.348366,30.097574],[31.348363,30.097586],[31.347953,30.097641],[31.347935,30.097537],[31.347876,30.097526],[31.347852,30.097388],[31.347864,30.097339],[31.347925,30.097331],[31.347947,30.097245],[31.348027,30.097257],[31.34806,30.097125],[31.34806,30.09709],[31.348091,30.097095],[31.348326,30.097067]]]}},{"type":"Feature","properties":{},"geometry":{"type":"Polygon","coordinates":[[[31.350289,30.097904],[31.350696,30.098307],[31.350526,30.098555],[31.350962,30.098779],[31.350763,30.099071],[31.350381,30.098876],[31.350356,30.098912],[31.350404,30.09896],[31.350333,30.099064],[31.350545,30.099173],[31.350503,30.099235],[31.350233,30.099097],[31.350275,30.099035],[31.35018,30.098986],[31.350087,30.099122],[31.349916,30.099035],[31.349992,30.098923],[31.350128,30.098946],[31.349832,30.098794],[31.349898,30.098697],[31.350096,30.09873],[31.350088,30.098762],[31.350139,30.098724],[31.349684,30.098492],[31.349806,30.098314],[31.350199,30.098516],[31.350297,30.098442],[31.350269,30.098415],[31.35023,30.098473],[31.350104,30.098409],[31.35034,30.098065],[31.350244,30.09797],[31.350289,30.097904]]]}},{"type":"Feature","properties":{},"geometry":{"type":"Polygon","coordinates":[[[31.354608,30.101822],[31.3547,30.10165],[31.354844,30.101707],[31.354752,30.101879],[31.354608,30.101822]]]}},{"type":"Feature","properties":{},"geometry":{"type":"Polygon","coordinates":[[[31.354956,30.100975],[31.355074,30.100819],[31.355229,30.100907],[31.355111,30.101063],[31.354956,30.100975]]]}},{"type":"Feature","properties":{},"geometry":{"type":"Polygon","coordinates":[[[31.355044,30.105978],[31.355109,30.106006],[31.355076,30.106061],[31.355012,30.106033],[31.355044,30.105978]]]}},{"type":"Feature","properties":{},"geometry":{"type":"Polygon","coordinates":[[[31.330662,30.092569],[31.330711,30.092553],[31.330742,30.092621],[31.330693,30.092638],[31.330662,30.092569]]]}},{"type":"Feature","properties":{},"geometry":{"type":"Polygon","coordinates":[[[31.330768,30.101705],[31.330877,30.101888],[31.330806,30.10192],[31.330835,30.101968],[31.330712,30.102022],[31.330637,30.101896],[31.330675,30.101879],[31.330612,30.101775],[31.330768,30.101705]]]}},{"type":"Feature","properties":{},"geometry":{"type":"Polygon","coordinates":[[[31.331823,30.094195],[31.331722,30.094286],[31.33159,30.094177],[31.331692,30.094086],[31.331823,30.094195]]]}},{"type":"Feature","properties":{},"geometry":{"type":"Polygon","coordinates":[[[31.33538,30.107861],[31.335511,30.107608],[31.335684,30.107676],[31.335553,30.107928],[31.33538,30.107861]]]}},{"type":"Feature","properties":{},"geometry":{"type":"Polygon","coordinates":[[[31.338247,30.109756],[31.338272,30.109927],[31.338075,30.109948],[31.338046,30.109745],[31.338191,30.109729],[31.338195,30.109761],[31.338247,30.109756]]]}},{"type":"Feature","properties":{},"geometry":{"type":"Polygon","coordinates":[[[31.338695,30.090411],[31.338608,30.090531],[31.338645,30.090551],[31.338567,30.090659],[31.338356,30.090545],[31.338516,30.090315],[31.338695,30.090411]]]}},{"type":"Feature","properties":{},"geometry":{"type":"Polygon","coordinates":[[[31.339117,30.104893],[31.33918,30.104772],[31.339447,30.104877],[31.339383,30.104998],[31.339117,30.104893]]]}},{"type":"Feature","properties":{},"geometry":{"type":"Polygon","coordinates":[[[31.342396,30.098402],[31.342396,30.098483],[31.34227,30.098483],[31.34227,30.098376],[31.342377,30.098376],[31.342377,30.098335],[31.34249,30.098335],[31.34249,30.098402],[31.342396,30.098402]]]}},{"type":"Feature","properties":{},"geometry":{"type":"Polygon","coordinates":[[[31.343407,30.10969],[31.343587,30.109762],[31.343441,30.110033],[31.343262,30.109961],[31.343407,30.10969]]]}},{"type":"Feature","properties":{},"geometry":{"type":"Polygon","coordinates":[[[31.343415,30.100971],[31.343529,30.100955],[31.343537,30.100998],[31.343639,30.101093],[31.343675,30.10128],[31.34377,30.101369],[31.343797,30.101513],[31.343664,30.101532],[31.343651,30.101465],[31.343627,30.101441],[31.343652,30.101574],[31.34368,30.1016],[31.343673,30.101561],[31.343829,30.101539],[31.34385,30.101647],[31.343695,30.101669],[31.343664,30.10164],[31.343646,30.101654],[31.34372,30.101722],[31.343729,30.101769],[31.343836,30.101754],[31.343922,30.101835],[31.343933,30.101887],[31.343711,30.101919],[31.343722,30.101979],[31.343829,30.102079],[31.343836,30.102115],[31.343641,30.102143],[31.343415,30.100971]]]}},{"type":"Feature","properties":{},"geometry":{"type":"Polygon","coordinates":[[[31.343535,30.106279],[31.343336,30.106361],[31.343179,30.106075],[31.343379,30.105993],[31.343535,30.106279]]]}},{"type":"Feature","properties":{},"geometry":{"type":"Polygon","coordinates":[[[31.344073,30.098818],[31.344075,30.098873],[31.344111,30.098872],[31.344113,30.098942],[31.344206,30.09894],[31.344209,30.099025],[31.344055,30.099029],[31.344047,30.098818],[31.344073,30.098818]]]}},{"type":"Feature","properties":{},"geometry":{"type":"Polygon","coordinates":[[[31.345699,30.098351],[31.345762,30.098327],[31.345776,30.098355],[31.345864,30.098321],[31.345971,30.098535],[31.34582,30.098592],[31.345699,30.098351]]]}},{"type":"Feature","properties":{},"geometry":{"type":"Polygon","coordinates":[[[31.346317,30.101405],[31.34639,30.101284],[31.346377,30.101279],[31.346468,30.101129],[31.346629,30.101202],[31.346465,30.101472],[31.346317,30.101405]]]}},{"type":"Feature","properties":{},"geometry":{"type":"Polygon","coordinates":[[[31.346947,30.091202],[31.346988,30.091073],[31.347139,30.09111],[31.347097,30.091239],[31.346947,30.091202]]]}},{"type":"Feature","properties":{},"geometry":{"type":"Polygon","coordinates":[[[31.3527,30.10173],[31.352751,30.101679],[31.352791,30.101708],[31.352739,30.10176],[31.3527,30.10173]]]}},{"type":"Feature","properties":{},"geometry":{"type":"Polygon","coordinates":[[[31.355931,30.104751],[31.355949,30.104712],[31.356059,30.104752],[31.356041,30.10479],[31.355931,30.104751]]]}},{"type":"Feature","properties":{},"geometry":{"type":"Polygon","coordinates":[[[31.330015,30.108795],[31.330115,30.108737],[31.330128,30.108753],[31.330179,30.108723],[31.330227,30.108784],[31.330076,30.108872],[31.330015,30.108795]]]}},{"type":"Feature","properties":{},"geometry":{"type":"Polygon","coordinates":[[[31.331431,30.109321],[31.331322,30.109361],[31.331261,30.109239],[31.33137,30.109198],[31.331431,30.109321]]]}},{"type":"Feature","properties":{},"geometry":{"type":"Polygon","coordinates":[[[31.333279,30.094168],[31.333241,30.094196],[31.333285,30.09424],[31.333193,30.09431],[31.333101,30.09422],[31.333232,30.094121],[31.333279,30.094168]]]}},{"type":"Feature","properties":{},"geometry":{"type":"Polygon","coordinates":[[[31.336398,30.101252],[31.336452,30.100877],[31.336494,30.100882],[31.336488,30.100925],[31.33662,30.10094],[31.336572,30.101271],[31.336398,30.101252]]]}},{"type":"Feature","properties":{},"geometry":{"type":"Polygon","coordinates":[[[31.336486,30.090707],[31.336377,30.090846],[31.336251,30.090772],[31.336328,30.090674],[31.336305,30.09066],[31.336337,30.09062],[31.336486,30.090707]]]}},{"type":"Feature","properties":{},"geometry":{"type":"Polygon","coordinates":[[[31.337563,30.099835],[31.337305,30.099828],[31.337314,30.099577],[31.337462,30.099581],[31.33746,30.099614],[31.33753,30.099616],[31.337526,30.099727],[31.337566,30.099728],[31.337563,30.099835]]]}},{"type":"Feature","properties":{},"geometry":{"type":"Polygon","coordinates":[[[31.337715,30.096961],[31.337729,30.096926],[31.3377,30.096918],[31.337717,30.096876],[31.337901,30.096931],[31.337858,30.09704],[31.337743,30.097006],[31.337756,30.096974],[31.337715,30.096961]]]}},{"type":"Feature","properties":{},"geometry":{"type":"Polygon","coordinates":[[[31.338485,30.099102],[31.338599,30.098935],[31.338785,30.09903],[31.338656,30.099219],[31.338531,30.099155],[31.338546,30.099133],[31.338485,30.099102]]]}},{"type":"Feature","properties":{},"geometry":{"type":"Polygon","coordinates":[[[31.339008,30.097883],[31.338964,30.09782],[31.33894,30.097808],[31.338925,30.097787],[31.338954,30.097742],[31.339161,30.097634],[31.339207,30.097656],[31.339295,30.097783],[31.339253,30.097848],[31.339395,30.097916],[31.339479,30.097873],[31.33944,30.097933],[31.339468,30.097973],[31.339448,30.098003],[31.33951,30.098033],[31.339532,30.098065],[31.339498,30.098119],[31.339008,30.097883]]]}},{"type":"Feature","properties":{},"geometry":{"type":"Polygon","coordinates":[[[31.340024,30.107594],[31.340183,30.107881],[31.339979,30.107966],[31.33982,30.107678],[31.340024,30.107594]]]}},{"type":"Feature","properties":{},"geometry":{"type":"Polygon","coordinates":[[[31.340972,30.09867],[31.341031,30.098578],[31.341015,30.098559],[31.34112,30.098396],[31.341206,30.098437],[31.341152,30.098369],[31.341196,30.098299],[31.341176,30.098274],[31.341195,30.098246],[31.341256,30.098209],[31.341394,30.098383],[31.341428,30.0984],[31.341486,30.098472],[31.341375,30.098538],[31.341293,30.098666],[31.341215,30.098629],[31.341224,30.098614],[31.341139,30.098573],[31.341179,30.098624],[31.341209,30.098638],[31.34116,30.098714],[31.341117,30.09874],[31.340972,30.09867]]]}},{"type":"Feature","properties":{},"geometry":{"type":"Polygon","coordinates":[[[31.341842,30.097004],[31.342157,30.096817],[31.342131,30.09682],[31.342162,30.096802],[31.342222,30.096794],[31.342268,30.096852],[31.342308,30.097075],[31.342276,30.097094],[31.342236,30.097099],[31.34221,30.097066],[31.342174,30.09707],[31.342141,30.097028],[31.342084,30.097036],[31.341995,30.096924],[31.342003,30.096967],[31.342035,30.097007],[31.341951,30.097057],[31.342001,30.097121],[31.342005,30.097139],[31.341966,30.097161],[31.341842,30.097004]]]}},{"type":"Feature","properties":{},"geometry":{"type":"Polygon","coordinates":[[[31.342138,30.106969],[31.341922,30.107058],[31.341755,30.106757],[31.341972,30.106668],[31.342138,30.106969]]]}},{"type":"Feature","properties":{},"geometry":{"type":"Polygon","coordinates":[[[31.344186,30.103042],[31.344027,30.103061],[31.344002,30.102908],[31.344161,30.102889],[31.344186,30.103042]]]}},{"type":"Feature","properties":{},"geometry":{"type":"Polygon","coordinates":[[[31.344231,30.108426],[31.344246,30.108515],[31.34413,30.108529],[31.344116,30.10844],[31.344231,30.108426]]]}},{"type":"Feature","properties":{},"geometry":{"type":"Polygon","coordinates":[[[31.345578,30.107044],[31.345503,30.107062],[31.345414,30.106777],[31.345583,30.106737],[31.345734,30.106812],[31.345578,30.107044]]]}},{"type":"Feature","properties":{},"geometry":{"type":"Polygon","coordinates":[[[31.348383,30.101401],[31.348401,30.10141],[31.348463,30.101318],[31.348531,30.101353],[31.348406,30.101537],[31.34832,30.101493],[31.348383,30.101401]]]}},{"type":"Feature","properties":{},"geometry":{"type":"Polygon","coordinates":[[[31.351363,30.103059],[31.351413,30.102991],[31.351461,30.103018],[31.351411,30.103085],[31.351363,30.103059]]]}},{"type":"Feature","properties":{},"geometry":{"type":"Polygon","coordinates":[[[31.351871,30.106745],[31.351945,30.106648],[31.351997,30.106678],[31.351923,30.106775],[31.351871,30.106745]]]}},{"type":"Feature","properties":{},"geometry":{"type":"Polygon","coordinates":[[[31.352636,30.102362],[31.352278,30.102865],[31.352588,30.10303],[31.352556,30.103075],[31.352599,30.103098],[31.352518,30.103212],[31.351953,30.102911],[31.352237,30.102512],[31.352298,30.102544],[31.352489,30.102276],[31.352424,30.102241],[31.352508,30.102124],[31.353085,30.102432],[31.352998,30.102555],[31.352636,30.102362]]]}},{"type":"Feature","properties":{},"geometry":{"type":"Polygon","coordinates":[[[31.35291,30.107555],[31.352963,30.107584],[31.352891,30.107681],[31.352838,30.107651],[31.35291,30.107555]]]}},{"type":"Feature","properties":{},"geometry":{"type":"Polygon","coordinates":[[[31.330656,30.094554],[31.330892,30.094806],[31.330724,30.094924],[31.330699,30.094897],[31.330638,30.09494],[31.330427,30.094716],[31.330656,30.094554]]]}},{"type":"Feature","properties":{},"geometry":{"type":"Polygon","coordinates":[[[31.330909,30.105734],[31.330878,30.105797],[31.330823,30.105776],[31.330855,30.105714],[31.330909,30.105734]]]}},{"type":"Feature","properties":{},"geometry":{"type":"Polygon","coordinates":[[[31.332252,30.092536],[31.332358,30.092456],[31.332436,30.092533],[31.33233,30.092613],[31.332252,30.092536]]]}},{"type":"Feature","properties":{},"geometry":{"type":"Polygon","coordinates":[[[31.332651,30.106969],[31.332624,30.107029],[31.332575,30.107012],[31.332603,30.106952],[31.332651,30.106969]]]}},{"type":"Feature","properties":{},"geometry":{"type":"Polygon","coordinates":[[[31.333352,30.094425],[31.333318,30.094449],[31.333262,30.094389],[31.333395,30.094295],[31.33354,30.094451],[31.333419,30.094536],[31.333361,30.094474],[31.333384,30.094458],[31.333352,30.094425]]]}},{"type":"Feature","properties":{},"geometry":{"type":"Polygon","coordinates":[[[31.333388,30.100023],[31.333438,30.099983],[31.333391,30.09994],[31.333509,30.099843],[31.333644,30.099968],[31.333579,30.100021],[31.333599,30.100039],[31.333509,30.100112],[31.333485,30.10009],[31.333512,30.100068],[31.333485,30.100044],[31.333445,30.100076],[31.333388,30.100023]]]}},{"type":"Feature","properties":{},"geometry":{"type":"Polygon","coordinates":[[[31.335509,30.098547],[31.335661,30.098691],[31.335565,30.098766],[31.335414,30.098622],[31.335509,30.098547]]]}},{"type":"Feature","properties":{},"geometry":{"type":"Polygon","coordinates":[[[31.337063,30.09635],[31.337112,30.096227],[31.337354,30.096299],[31.337305,30.096422],[31.337063,30.09635]]]}},{"type":"Feature","properties":{},"geometry":{"type":"Polygon","coordinates":[[[31.337537,30.108771],[31.337687,30.108707],[31.337791,30.108888],[31.337641,30.108952],[31.337537,30.108771]]]}},{"type":"Feature","properties":{},"geometry":{"type":"Polygon","coordinates":[[[31.337652,30.094526],[31.337792,30.094433],[31.337933,30.094592],[31.337793,30.094684],[31.337652,30.094526]]]}},{"type":"Feature","properties":{},"geometry":{"type":"Polygon","coordinates":[[[31.338097,30.101533],[31.338149,30.101224],[31.338389,30.101254],[31.338363,30.101411],[31.338299,30.101403],[31.338295,30.101424],[31.338345,30.101431],[31.338323,30.101561],[31.338097,30.101533]]]}},{"type":"Feature","properties":{},"geometry":{"type":"Polygon","coordinates":[[[31.339829,30.106655],[31.340031,30.106564],[31.340178,30.106808],[31.339976,30.106899],[31.339829,30.106655]]]}},{"type":"Feature","properties":{},"geometry":{"type":"Polygon","coordinates":[[[31.344085,30.090154],[31.344145,30.09011],[31.344233,30.0902],[31.344173,30.090244],[31.344085,30.090154]]]}},{"type":"Feature","properties":{},"geometry":{"type":"Polygon","coordinates":[[[31.344331,30.105732],[31.344399,30.105713],[31.344518,30.105775],[31.344512,30.105785],[31.344708,30.105888],[31.344693,30.105953],[31.344703,30.10598],[31.344894,30.105925],[31.344929,30.106015],[31.344767,30.106062],[31.344867,30.106078],[31.344902,30.106029],[31.344919,30.106073],[31.34495,30.106064],[31.344986,30.106156],[31.344848,30.106196],[31.344829,30.106146],[31.344817,30.106198],[31.344781,30.106209],[31.344708,30.106021],[31.344665,30.106083],[31.344636,30.106009],[31.344361,30.105963],[31.344365,30.105973],[31.34444,30.105985],[31.344452,30.106017],[31.34441,30.106076],[31.344402,30.106114],[31.344345,30.10613],[31.34427,30.105934],[31.344395,30.105897],[31.344331,30.105732]]]}},{"type":"Feature","properties":{},"geometry":{"type":"Polygon","coordinates":[[[31.34579,30.108567],[31.345572,30.10862],[31.345506,30.108419],[31.345724,30.108365],[31.34579,30.108567]]]}},{"type":"Feature","properties":{},"geometry":{"type":"Polygon","coordinates":[[[31.34688,30.106422],[31.347043,30.106155],[31.347194,30.106224],[31.347186,30.106237],[31.347331,30.106303],[31.347176,30.106557],[31.34688,30.106422]]]}},{"type":"Feature","properties":{},"geometry":{"type":"Polygon","coordinates":[[[31.349059,30.109146],[31.348958,30.109281],[31.348804,30.109195],[31.348905,30.10906],[31.349059,30.109146]]]}},{"type":"Feature","properties":{},"geometry":{"type":"Polygon","coordinates":[[[31.331824,30.097255],[31.331693,30.097355],[31.331465,30.097132],[31.331713,30.096943],[31.331916,30.097143],[31.3318,30.097231],[31.331824,30.097255]]]}},{"type":"Feature","properties":{},"geometry":{"type":"Polygon","coordinates":[[[31.332242,30.096859],[31.332176,30.096951],[31.331989,30.096845],[31.33196,30.096885],[31.332024,30.096919],[31.331982,30.096978],[31.331942,30.09701],[31.331905,30.09699],[31.331827,30.096917],[31.331929,30.096779],[31.331914,30.096766],[31.331971,30.096716],[31.331995,30.096681],[31.332109,30.096742],[31.332242,30.096859]]]}},{"type":"Feature","properties":{},"geometry":{"type":"Polygon","coordinates":[[[31.332497,30.103184],[31.332452,30.103219],[31.332384,30.103156],[31.332429,30.10312],[31.332497,30.103184]]]}},{"type":"Feature","properties":{},"geometry":{"type":"Polygon","coordinates":[[[31.333492,30.103363],[31.333558,30.103276],[31.334013,30.103537],[31.334082,30.103446],[31.334174,30.103499],[31.334035,30.103681],[31.334197,30.103774],[31.33431,30.103626],[31.334385,30.103668],[31.334209,30.103898],[31.3338,30.103664],[31.333866,30.103577],[31.333492,30.103363]]]}},{"type":"Feature","properties":{},"geometry":{"type":"Polygon","coordinates":[[[31.334336,30.104939],[31.334229,30.105143],[31.334125,30.105102],[31.334118,30.105116],[31.333984,30.105063],[31.334031,30.104973],[31.333946,30.10494],[31.334013,30.104813],[31.334336,30.104939]]]}},{"type":"Feature","properties":{},"geometry":{"type":"Polygon","coordinates":[[[31.336098,30.103349],[31.336018,30.103417],[31.335884,30.1033],[31.335964,30.103231],[31.336098,30.103349]]]}},{"type":"Feature","properties":{},"geometry":{"type":"Polygon","coordinates":[[[31.336117,30.090353],[31.336087,30.090336],[31.33606,30.090372],[31.33595,30.090309],[31.336073,30.090147],[31.336213,30.090227],[31.336117,30.090353]]]}},{"type":"Feature","properties":{},"geometry":{"type":"Polygon","coordinates":[[[31.336788,30.106378],[31.337267,30.105526],[31.337394,30.10558],[31.337464,30.105556],[31.337622,30.105623],[31.337614,30.105798],[31.33767,30.105922],[31.337454,30.105914],[31.337425,30.105966],[31.337337,30.105929],[31.337341,30.105844],[31.337282,30.105819],[31.33711,30.106125],[31.337314,30.106211],[31.337437,30.105993],[31.337455,30.105993],[31.337592,30.106051],[31.3374,30.106391],[31.337728,30.106529],[31.337642,30.106682],[31.337739,30.106723],[31.337596,30.106977],[31.337674,30.10701],[31.337611,30.107121],[31.337044,30.106882],[31.337033,30.106902],[31.337134,30.107125],[31.336666,30.106928],[31.336627,30.10684],[31.336872,30.106849],[31.33707,30.106497],[31.336788,30.106378]]]}},{"type":"Feature","properties":{},"geometry":{"type":"Polygon","coordinates":[[[31.337786,30.109494],[31.337808,30.109533],[31.337781,30.109545],[31.337808,30.109591],[31.337767,30.109609],[31.337781,30.109633],[31.337727,30.109656],[31.337664,30.109546],[31.337786,30.109494]]]}},{"type":"Feature","properties":{},"geometry":{"type":"Polygon","coordinates":[[[31.34328,30.109081],[31.343343,30.108926],[31.34346,30.108962],[31.343397,30.109117],[31.34328,30.109081]]]}},{"type":"Feature","properties":{},"geometry":{"type":"Polygon","coordinates":[[[31.343993,30.107032],[31.344085,30.107032],[31.344086,30.107114],[31.343994,30.107115],[31.343993,30.107032]]]}},{"type":"Feature","properties":{},"geometry":{"type":"Polygon","coordinates":[[[31.349636,30.105312],[31.349727,30.105187],[31.350002,30.105337],[31.349912,30.105461],[31.349636,30.105312]]]}},{"type":"Feature","properties":{},"geometry":{"type":"Polygon","coordinates":[[[31.330965,30.104179],[31.3308,30.104118],[31.330901,30.10391],[31.331066,30.103971],[31.330965,30.104179]]]}},{"type":"Feature","properties":{},"geometry":{"type":"Polygon","coordinates":[[[31.333443,30.094962],[31.333492,30.095006],[31.333386,30.095094],[31.333337,30.09505],[31.333443,30.094962]]]}},{"type":"Feature","properties":{},"geometry":{"type":"Polygon","coordinates":[[[31.333622,30.109553],[31.333709,30.109511],[31.333767,30.109603],[31.33368,30.109645],[31.333622,30.109553]]]}},{"type":"Feature","properties":{},"geometry":{"type":"Polygon","coordinates":[[[31.334642,30.106138],[31.334743,30.105922],[31.334878,30.10597],[31.334777,30.106185],[31.334642,30.106138]]]}},{"type":"Feature","properties":{},"geometry":{"type":"Polygon","coordinates":[[[31.334958,30.093519],[31.335083,30.093422],[31.335329,30.093659],[31.335205,30.093755],[31.334958,30.093519]]]}},{"type":"Feature","properties":{},"geometry":{"type":"Polygon","coordinates":[[[31.336868,30.095857],[31.336736,30.095944],[31.33659,30.095779],[31.336722,30.095692],[31.336868,30.095857]]]}},{"type":"Feature","properties":{},"geometry":{"type":"Polygon","coordinates":[[[31.338671,30.104768],[31.33874,30.104641],[31.339094,30.104786],[31.338995,30.104967],[31.338672,30.104835],[31.338701,30.104781],[31.338671,30.104768]]]}},{"type":"Feature","properties":{},"geometry":{"type":"Polygon","coordinates":[[[31.342105,30.09209],[31.34215,30.092086],[31.342158,30.092141],[31.342113,30.092146],[31.342105,30.09209]]]}},{"type":"Feature","properties":{},"geometry":{"type":"Polygon","coordinates":[[[31.344139,30.097639],[31.344146,30.097792],[31.344066,30.097795],[31.344061,30.097684],[31.344101,30.097682],[31.344099,30.097641],[31.344139,30.097639]]]}},{"type":"Feature","properties":{},"geometry":{"type":"Polygon","coordinates":[[[31.350414,30.095637],[31.350651,30.095418],[31.350889,30.095612],[31.350652,30.095831],[31.350414,30.095637]]]}},{"type":"Feature","properties":{},"geometry":{"type":"Polygon","coordinates":[[[31.330895,30.107113],[31.330866,30.107141],[31.330739,30.107042],[31.330815,30.106969],[31.330976,30.107095],[31.33093,30.10714],[31.330895,30.107113]]]}},{"type":"Feature","properties":{},"geometry":{"type":"Polygon","coordinates":[[[31.331849,30.108064],[31.331853,30.108028],[31.331885,30.10803],[31.331893,30.107962],[31.33202,30.107973],[31.332007,30.108079],[31.331849,30.108064]]]}},{"type":"Feature","properties":{},"geometry":{"type":"Polygon","coordinates":[[[31.332624,30.097613],[31.332598,30.097487],[31.332743,30.097464],[31.332787,30.097673],[31.332696,30.097688],[31.332691,30.097665],[31.332621,30.097676],[31.332608,30.097615],[31.332624,30.097613]]]}},{"type":"Feature","properties":{},"geometry":{"type":"Polygon","coordinates":[[[31.33424,30.09027],[31.334198,30.090013],[31.334263,30.090005],[31.334256,30.089964],[31.33441,30.089945],[31.334461,30.090265],[31.334311,30.090283],[31.334308,30.090262],[31.33424,30.09027]]]}},{"type":"Feature","properties":{},"geometry":{"type":"Polygon","coordinates":[[[31.335403,30.097122],[31.335438,30.097028],[31.33562,30.09708],[31.335539,30.097293],[31.335349,30.097239],[31.335381,30.097156],[31.335476,30.097183],[31.33549,30.097147],[31.335403,30.097122]]]}},{"type":"Feature","properties":{},"geometry":{"type":"Polygon","coordinates":[[[31.338785,30.099045],[31.339301,30.099322],[31.339276,30.099398],[31.339292,30.099407],[31.339266,30.099484],[31.339296,30.099443],[31.339312,30.099393],[31.339377,30.099409],[31.339354,30.099477],[31.339304,30.099546],[31.339164,30.099509],[31.339179,30.099464],[31.33923,30.099393],[31.339155,30.099374],[31.339126,30.09946],[31.339062,30.099444],[31.339081,30.099388],[31.339036,30.099377],[31.339011,30.09941],[31.338808,30.099299],[31.338776,30.099342],[31.338645,30.09927],[31.338666,30.099207],[31.338785,30.099045]]]}},{"type":"Feature","properties":{},"geometry":{"type":"Polygon","coordinates":[[[31.339883,30.095386],[31.33991,30.095414],[31.339865,30.095446],[31.339682,30.095254],[31.339795,30.095173],[31.339836,30.095217],[31.339903,30.09517],[31.340017,30.09529],[31.339883,30.095386]]]}},{"type":"Feature","properties":{},"geometry":{"type":"Polygon","coordinates":[[[31.342599,30.101376],[31.342696,30.101372],[31.342699,30.101416],[31.342755,30.101413],[31.342765,30.101568],[31.342613,30.101575],[31.342599,30.101376]]]}},{"type":"Feature","properties":{},"geometry":{"type":"Polygon","coordinates":[[[31.347875,30.098955],[31.347956,30.099002],[31.347858,30.099128],[31.347716,30.099045],[31.347825,30.098905],[31.347866,30.098929],[31.347898,30.098888],[31.347918,30.098899],[31.347875,30.098955]]]}},{"type":"Feature","properties":{},"geometry":{"type":"Polygon","coordinates":[[[31.3483,30.100065],[31.348418,30.099914],[31.348574,30.100005],[31.348457,30.100156],[31.3483,30.100065]]]}},{"type":"Feature","properties":{},"geometry":{"type":"Polygon","coordinates":[[[31.349458,30.097602],[31.349558,30.09766],[31.349495,30.097742],[31.349395,30.097684],[31.349458,30.097602]]]}},{"type":"Feature","properties":{},"geometry":{"type":"Polygon","coordinates":[[[31.350545,30.103999],[31.35049,30.104058],[31.350346,30.103956],[31.350402,30.103898],[31.350545,30.103999]]]}},{"type":"Feature","properties":{},"geometry":{"type":"Polygon","coordinates":[[[31.353761,30.101118],[31.353908,30.101201],[31.353792,30.101356],[31.353645,30.101273],[31.353761,30.101118]]]}},{"type":"Feature","properties":{},"geometry":{"type":"Polygon","coordinates":[[[31.330851,30.097959],[31.330713,30.098057],[31.330311,30.097632],[31.330439,30.097541],[31.330504,30.09761],[31.330485,30.097624],[31.330517,30.097657],[31.33053,30.097648],[31.330784,30.097917],[31.3308,30.097905],[31.330851,30.097959]]]}},{"type":"Feature","properties":{},"geometry":{"type":"Polygon","coordinates":[[[31.333244,30.091943],[31.333347,30.091861],[31.333445,30.091953],[31.333386,30.092],[31.333409,30.092021],[31.333364,30.092057],[31.333244,30.091943]]]}},{"type":"Feature","properties":{},"geometry":{"type":"Polygon","coordinates":[[[31.33551,30.094488],[31.335386,30.094371],[31.335555,30.094236],[31.335761,30.09443],[31.335644,30.094522],[31.335563,30.094445],[31.33551,30.094488]]]}},{"type":"Feature","properties":{},"geometry":{"type":"Polygon","coordinates":[[[31.337022,30.107982],[31.337066,30.107903],[31.337257,30.107983],[31.337264,30.107997],[31.337468,30.108082],[31.337507,30.108161],[31.337174,30.108286],[31.337022,30.107982]]]}},{"type":"Feature","properties":{},"geometry":{"type":"Polygon","coordinates":[[[31.337165,30.090488],[31.336981,30.090761],[31.336819,30.090679],[31.336876,30.090594],[31.336655,30.090483],[31.336683,30.090442],[31.336637,30.090419],[31.336618,30.090448],[31.336526,30.090401],[31.336645,30.090225],[31.337165,30.090488]]]}},{"type":"Feature","properties":{},"geometry":{"type":"Polygon","coordinates":[[[31.339206,30.102615],[31.339271,30.102484],[31.339533,30.102582],[31.339578,30.102493],[31.33963,30.102512],[31.33952,30.102732],[31.339206,30.102615]]]}},{"type":"Feature","properties":{},"geometry":{"type":"Polygon","coordinates":[[[31.339231,30.105851],[31.339432,30.105843],[31.339439,30.105963],[31.339238,30.105972],[31.339231,30.105851]]]}},{"type":"Feature","properties":{},"geometry":{"type":"Polygon","coordinates":[[[31.341173,30.107994],[31.341222,30.108071],[31.341131,30.108115],[31.341082,30.108037],[31.341173,30.107994]]]}},{"type":"Feature","properties":{},"geometry":{"type":"Polygon","coordinates":[[[31.343434,30.10855],[31.34348,30.108456],[31.34336,30.108412],[31.343389,30.108352],[31.343433,30.108367],[31.343454,30.108324],[31.343735,30.108427],[31.343639,30.108625],[31.343434,30.10855]]]}},{"type":"Feature","properties":{},"geometry":{"type":"Polygon","coordinates":[[[31.344627,30.090663],[31.344881,30.090926],[31.344724,30.091039],[31.344449,30.090754],[31.344556,30.090677],[31.344577,30.090699],[31.344627,30.090663]]]}},{"type":"Feature","properties":{},"geometry":{"type":"Polygon","coordinates":[[[31.345305,30.097479],[31.345426,30.097543],[31.34531,30.097707],[31.345148,30.097621],[31.345203,30.097543],[31.345244,30.097565],[31.345305,30.097479]]]}},{"type":"Feature","properties":{},"geometry":{"type":"Polygon","coordinates":[[[31.347592,30.105859],[31.347743,30.105645],[31.347868,30.105711],[31.347717,30.105925],[31.347592,30.105859]]]}},{"type":"Feature","properties":{},"geometry":{"type":"Polygon","coordinates":[[[31.348237,30.093602],[31.348808,30.0936],[31.34881,30.093927],[31.348239,30.093929],[31.348237,30.093602]]]}},{"type":"Feature","properties":{},"geometry":{"type":"Polygon","coordinates":[[[31.351148,30.101209],[31.351033,30.101429],[31.35097,30.101404],[31.351084,30.101185],[31.351148,30.101209]]]}},{"type":"Feature","properties":{},"geometry":{"type":"Polygon","coordinates":[[[31.330087,30.092171],[31.329851,30.092257],[31.32982,30.092192],[31.330048,30.09211],[31.330034,30.09208],[31.330224,30.092012],[31.330251,30.092069],[31.33007,30.092135],[31.330087,30.092171]]]}},{"type":"Feature","properties":{},"geometry":{"type":"Polygon","coordinates":[[[31.330506,30.093992],[31.33032,30.09382],[31.33039,30.093763],[31.330345,30.093721],[31.330499,30.093596],[31.330821,30.093894],[31.330632,30.094048],[31.330541,30.093964],[31.330506,30.093992]]]}},{"type":"Feature","properties":{},"geometry":{"type":"Polygon","coordinates":[[[31.331285,30.108176],[31.331631,30.108464],[31.331722,30.108646],[31.331611,30.108688],[31.331534,30.108534],[31.331275,30.108321],[31.331261,30.108294],[31.331205,30.108248],[31.3312,30.108238],[31.33126,30.108186],[31.331285,30.108176]]]}},{"type":"Feature","properties":{},"geometry":{"type":"Polygon","coordinates":[[[31.331438,30.107243],[31.331515,30.107175],[31.331669,30.107305],[31.331593,30.107373],[31.331438,30.107243]]]}},{"type":"Feature","properties":{},"geometry":{"type":"Polygon","coordinates":[[[31.331452,30.10444],[31.331348,30.104664],[31.33118,30.104606],[31.331285,30.104381],[31.331452,30.10444]]]}},{"type":"Feature","properties":{},"geometry":{"type":"Polygon","coordinates":[[[31.331506,30.093924],[31.331611,30.094012],[31.331638,30.093988],[31.331701,30.09404],[31.331503,30.094217],[31.331522,30.094232],[31.331417,30.094325],[31.331231,30.09417],[31.331506,30.093924]]]}},{"type":"Feature","properties":{},"geometry":{"type":"Polygon","coordinates":[[[31.331707,30.109041],[31.331819,30.108993],[31.331907,30.109146],[31.331795,30.109194],[31.331707,30.109041]]]}},{"type":"Feature","properties":{},"geometry":{"type":"Polygon","coordinates":[[[31.332254,30.109],[31.332113,30.10907],[31.331975,30.108862],[31.332115,30.108793],[31.332254,30.109]]]}},{"type":"Feature","properties":{},"geometry":{"type":"Polygon","coordinates":[[[31.332378,30.092382],[31.33243,30.09234],[31.332471,30.092378],[31.332419,30.09242],[31.332378,30.092382]]]}},{"type":"Feature","properties":{},"geometry":{"type":"Polygon","coordinates":[[[31.335203,30.103757],[31.335053,30.103875],[31.334824,30.103657],[31.334974,30.103539],[31.335203,30.103757]]]}},{"type":"Feature","properties":{},"geometry":{"type":"Polygon","coordinates":[[[31.336052,30.089997],[31.336013,30.089973],[31.336034,30.089947],[31.336123,30.090002],[31.336047,30.090094],[31.335998,30.090063],[31.336052,30.089997]]]}},{"type":"Feature","properties":{},"geometry":{"type":"Polygon","coordinates":[[[31.336837,30.103593],[31.336874,30.103629],[31.336808,30.103681],[31.336771,30.103645],[31.336837,30.103593]]]}},{"type":"Feature","properties":{},"geometry":{"type":"Polygon","coordinates":[[[31.338893,30.091988],[31.338879,30.091998],[31.338915,30.092038],[31.338836,30.092093],[31.338814,30.092069],[31.338767,30.092102],[31.338696,30.092027],[31.338837,30.091928],[31.338893,30.091988]]]}},{"type":"Feature","properties":{},"geometry":{"type":"Polygon","coordinates":[[[31.342521,30.10217],[31.342527,30.102211],[31.342371,30.102227],[31.342345,30.102042],[31.342626,30.102013],[31.342646,30.102157],[31.342521,30.10217]]]}},{"type":"Feature","properties":{},"geometry":{"type":"Polygon","coordinates":[[[31.345026,30.090863],[31.345149,30.090765],[31.34526,30.090869],[31.345138,30.090967],[31.345026,30.090863]]]}},{"type":"Feature","properties":{},"geometry":{"type":"Polygon","coordinates":[[[31.348468,30.100186],[31.348371,30.100337],[31.348215,30.100262],[31.348312,30.100111],[31.348468,30.100186]]]}},{"type":"Feature","properties":{},"geometry":{"type":"Polygon","coordinates":[[[31.3552,30.108426],[31.355507,30.108066],[31.35567,30.108169],[31.355586,30.108268],[31.355576,30.108261],[31.355353,30.108523],[31.3552,30.108426]]]}},{"type":"Feature","properties":{},"geometry":{"type":"Polygon","coordinates":[[[31.330484,30.108983],[31.330574,30.109053],[31.33045,30.109172],[31.33036,30.109102],[31.330484,30.108983]]]}},{"type":"Feature","properties":{},"geometry":{"type":"Polygon","coordinates":[[[31.330646,30.107935],[31.330808,30.108063],[31.330732,30.108135],[31.330569,30.108007],[31.330646,30.107935]]]}},{"type":"Feature","properties":{},"geometry":{"type":"Polygon","coordinates":[[[31.330737,30.092594],[31.330794,30.092555],[31.330898,30.092669],[31.330842,30.092708],[31.330737,30.092594]]]}},{"type":"Feature","properties":{},"geometry":{"type":"Polygon","coordinates":[[[31.331087,30.090871],[31.331258,30.090808],[31.331352,30.090998],[31.331181,30.091061],[31.331087,30.090871]]]}},{"type":"Feature","properties":{},"geometry":{"type":"Polygon","coordinates":[[[31.332938,30.099439],[31.333069,30.099471],[31.333025,30.099604],[31.332894,30.099571],[31.332938,30.099439]]]}},{"type":"Feature","properties":{},"geometry":{"type":"Polygon","coordinates":[[[31.333392,30.107195],[31.333523,30.107247],[31.333393,30.107496],[31.333262,30.107444],[31.333392,30.107195]]]}},{"type":"Feature","properties":{},"geometry":{"type":"Polygon","coordinates":[[[31.333601,30.093899],[31.33344,30.093992],[31.333392,30.093929],[31.333517,30.093857],[31.333469,30.093794],[31.333424,30.09382],[31.333312,30.093675],[31.333434,30.093605],[31.333693,30.093943],[31.333652,30.093966],[31.333601,30.093899]]]}},{"type":"Feature","properties":{},"geometry":{"type":"Polygon","coordinates":[[[31.334032,30.109004],[31.333867,30.109075],[31.333787,30.108936],[31.333857,30.108906],[31.333845,30.108885],[31.33394,30.108844],[31.334032,30.109004]]]}},{"type":"Feature","properties":{},"geometry":{"type":"Polygon","coordinates":[[[31.335285,30.101385],[31.335386,30.101338],[31.335413,30.101381],[31.335312,30.101428],[31.335285,30.101385]]]}},{"type":"Feature","properties":{},"geometry":{"type":"Polygon","coordinates":[[[31.336886,30.093156],[31.336921,30.093105],[31.336938,30.093113],[31.336995,30.093028],[31.337153,30.093107],[31.337088,30.093204],[31.337064,30.093192],[31.337037,30.093232],[31.336886,30.093156]]]}},{"type":"Feature","properties":{},"geometry":{"type":"Polygon","coordinates":[[[31.33698,30.089881],[31.33713,30.08997],[31.337181,30.089905],[31.3374,30.090034],[31.33733,30.090123],[31.337417,30.090174],[31.33736,30.090247],[31.337274,30.090196],[31.337209,30.090279],[31.33702,30.090167],[31.337038,30.090144],[31.336857,30.090038],[31.33698,30.089881]]]}},{"type":"Feature","properties":{},"geometry":{"type":"Polygon","coordinates":[[[31.337458,30.100085],[31.337466,30.099898],[31.337515,30.099899],[31.337577,30.099938],[31.337575,30.099986],[31.337627,30.099988],[31.337665,30.099941],[31.337658,30.099937],[31.337602,30.099935],[31.33756,30.099908],[31.337561,30.099882],[31.337591,30.099883],[31.337616,30.099899],[31.337667,30.099901],[31.337668,30.099879],[31.337765,30.099882],[31.337782,30.099893],[31.337781,30.09992],[31.337648,30.100082],[31.337554,30.100079],[31.337547,30.100088],[31.337458,30.100085]]]}},{"type":"Feature","properties":{},"geometry":{"type":"Polygon","coordinates":[[[31.338254,30.094767],[31.338091,30.094578],[31.338224,30.094492],[31.338283,30.09456],[31.338335,30.094526],[31.338475,30.094688],[31.33828,30.094814],[31.338245,30.094773],[31.338254,30.094767]]]}},{"type":"Feature","properties":{},"geometry":{"type":"Polygon","coordinates":[[[31.339612,30.107817],[31.3398,30.107743],[31.339949,30.108025],[31.339856,30.108062],[31.339829,30.108012],[31.339735,30.108049],[31.339612,30.107817]]]}},{"type":"Feature","properties":{},"geometry":{"type":"Polygon","coordinates":[[[31.339727,30.098212],[31.339781,30.098125],[31.340038,30.098245],[31.340019,30.098324],[31.340077,30.098352],[31.340103,30.09831],[31.340116,30.098255],[31.34013,30.098232],[31.340258,30.098292],[31.340298,30.098299],[31.34036,30.098328],[31.340311,30.098407],[31.340342,30.098422],[31.340323,30.098501],[31.340351,30.098514],[31.340373,30.098518],[31.340443,30.098406],[31.340576,30.098467],[31.340466,30.098651],[31.339759,30.098322],[31.33978,30.098236],[31.339727,30.098212]]]}},{"type":"Feature","properties":{},"geometry":{"type":"Polygon","coordinates":[[[31.343261,30.094182],[31.343336,30.094145],[31.343376,30.094204],[31.343443,30.094171],[31.343398,30.094102],[31.343474,30.094065],[31.343512,30.094122],[31.34359,30.094084],[31.343568,30.094051],[31.34369,30.093991],[31.343745,30.094075],[31.343327,30.094282],[31.343261,30.094182]]]}},{"type":"Feature","properties":{},"geometry":{"type":"Polygon","coordinates":[[[31.343275,30.098275],[31.343134,30.098287],[31.343115,30.098112],[31.343256,30.098101],[31.343275,30.098275]]]}},{"type":"Feature","properties":{},"geometry":{"type":"Polygon","coordinates":[[[31.347084,30.096333],[31.347125,30.096295],[31.347179,30.096338],[31.347138,30.096376],[31.347084,30.096333]]]}},{"type":"Feature","properties":{},"geometry":{"type":"Polygon","coordinates":[[[31.347248,30.103455],[31.34709,30.10352],[31.346926,30.103217],[31.347084,30.103153],[31.347248,30.103455]]]}},{"type":"Feature","properties":{},"geometry":{"type":"Polygon","coordinates":[[[31.351039,30.106852],[31.351093,30.106781],[31.351237,30.106862],[31.351183,30.106933],[31.351039,30.106852]]]}},{"type":"Feature","properties":{},"geometry":{"type":"Polygon","coordinates":[[[31.353211,30.107188],[31.353286,30.107103],[31.353335,30.107135],[31.35326,30.10722],[31.353211,30.107188]]]}},{"type":"Feature","properties":{},"geometry":{"type":"Polygon","coordinates":[[[31.330154,30.100029],[31.33031,30.100172],[31.330286,30.100191],[31.330322,30.100224],[31.330234,30.100295],[31.330043,30.10012],[31.330154,30.100029]]]}},{"type":"Feature","properties":{},"geometry":{"type":"Polygon","coordinates":[[[31.330712,30.103366],[31.330587,30.103198],[31.33083,30.103062],[31.330955,30.103229],[31.330712,30.103366]]]}},{"type":"Feature","properties":{},"geometry":{"type":"Polygon","coordinates":[[[31.330981,30.105806],[31.331063,30.105654],[31.331147,30.105688],[31.331064,30.10584],[31.330981,30.105806]]]}},{"type":"Feature","properties":{},"geometry":{"type":"Polygon","coordinates":[[[31.330981,30.098549],[31.331196,30.098727],[31.331131,30.098785],[31.33112,30.098776],[31.331052,30.098837],[31.330848,30.098668],[31.330981,30.098549]]]}},{"type":"Feature","properties":{},"geometry":{"type":"Polygon","coordinates":[[[31.331034,30.092408],[31.331135,30.092515],[31.330996,30.092614],[31.330894,30.092508],[31.331034,30.092408]]]}},{"type":"Feature","properties":{},"geometry":{"type":"Polygon","coordinates":[[[31.331605,30.106584],[31.331727,30.10668],[31.331624,30.106778],[31.331503,30.106682],[31.331605,30.106584]]]}},{"type":"Feature","properties":{},"geometry":{"type":"Polygon","coordinates":[[[31.333043,30.093326],[31.332901,30.093437],[31.3328,30.09334],[31.332942,30.09323],[31.333043,30.093326]]]}},{"type":"Feature","properties":{},"geometry":{"type":"Polygon","coordinates":[[[31.334908,30.105681],[31.335043,30.105732],[31.334934,30.105945],[31.334799,30.105894],[31.334908,30.105681]]]}},{"type":"Feature","properties":{},"geometry":{"type":"Polygon","coordinates":[[[31.336967,30.101447],[31.336913,30.101666],[31.336859,30.101656],[31.336913,30.101437],[31.336967,30.101447]]]}},{"type":"Feature","properties":{},"geometry":{"type":"Polygon","coordinates":[[[31.337125,30.093031],[31.337099,30.093074],[31.337033,30.093045],[31.337059,30.093002],[31.337125,30.093031]]]}},{"type":"Feature","properties":{},"geometry":{"type":"Polygon","coordinates":[[[31.339393,30.092895],[31.339296,30.092797],[31.339499,30.092645],[31.339593,30.092739],[31.339596,30.092776],[31.339649,30.092773],[31.339661,30.092909],[31.339491,30.09292],[31.339461,30.09289],[31.339393,30.092895]]]}},{"type":"Feature","properties":{},"geometry":{"type":"Polygon","coordinates":[[[31.342379,30.100167],[31.342292,30.100294],[31.342311,30.100304],[31.342254,30.100386],[31.342134,30.100323],[31.342168,30.100274],[31.342101,30.100239],[31.342211,30.10008],[31.342379,30.100167]]]}},{"type":"Feature","properties":{},"geometry":{"type":"Polygon","coordinates":[[[31.342848,30.103658],[31.342869,30.10382],[31.34259,30.103846],[31.34257,30.103684],[31.342848,30.103658]]]}},{"type":"Feature","properties":{},"geometry":{"type":"Polygon","coordinates":[[[31.344729,30.101956],[31.344762,30.101907],[31.344657,30.101855],[31.34476,30.1017],[31.345258,30.101945],[31.345123,30.10215],[31.344729,30.101956]]]}},{"type":"Feature","properties":{},"geometry":{"type":"Polygon","coordinates":[[[31.345102,30.091543],[31.345164,30.091412],[31.345347,30.091477],[31.345285,30.091608],[31.345102,30.091543]]]}},{"type":"Feature","properties":{},"geometry":{"type":"Polygon","coordinates":[[[31.346465,30.101817],[31.346554,30.101634],[31.346741,30.101706],[31.346632,30.101917],[31.346494,30.101864],[31.346509,30.101833],[31.346465,30.101817]]]}},{"type":"Feature","properties":{},"geometry":{"type":"Polygon","coordinates":[[[31.349467,30.093054],[31.349186,30.092671],[31.349262,30.092629],[31.349492,30.092942],[31.349668,30.092845],[31.349719,30.092915],[31.349467,30.093054]]]}},{"type":"Feature","properties":{},"geometry":{"type":"Polygon","coordinates":[[[31.352429,30.10154],[31.352387,30.101613],[31.352308,30.101578],[31.35235,30.101506],[31.352429,30.10154]]]}},{"type":"Feature","properties":{},"geometry":{"type":"Polygon","coordinates":[[[31.35436,30.101213],[31.354441,30.101255],[31.35437,30.101357],[31.354288,30.101314],[31.35436,30.101213]]]}},{"type":"Feature","properties":{},"geometry":{"type":"Polygon","coordinates":[[[31.354428,30.108183],[31.354497,30.108091],[31.354875,30.108303],[31.354806,30.108395],[31.354428,30.108183]]]}},{"type":"Feature","properties":{},"geometry":{"type":"Polygon","coordinates":[[[31.33088,30.102748],[31.330805,30.102787],[31.330774,30.102742],[31.33085,30.102704],[31.33088,30.102748]]]}},{"type":"Feature","properties":{},"geometry":{"type":"Polygon","coordinates":[[[31.330986,30.099156],[31.33116,30.099033],[31.33123,30.099107],[31.331152,30.099162],[31.331193,30.099205],[31.331235,30.099175],[31.331499,30.099455],[31.331485,30.099465],[31.331573,30.099559],[31.331595,30.099543],[31.331539,30.099483],[31.331569,30.099461],[31.331655,30.099552],[31.33163,30.099569],[31.331734,30.099679],[31.331758,30.099662],[31.331874,30.099784],[31.331697,30.099909],[31.330986,30.099156]]]}},{"type":"Feature","properties":{},"geometry":{"type":"Polygon","coordinates":[[[31.332561,30.099435],[31.332486,30.09948],[31.332456,30.099442],[31.33253,30.099397],[31.332561,30.099435]]]}},{"type":"Feature","properties":{},"geometry":{"type":"Polygon","coordinates":[[[31.332883,30.093657],[31.333003,30.093572],[31.333114,30.093688],[31.332994,30.093773],[31.332883,30.093657]]]}},{"type":"Feature","properties":{},"geometry":{"type":"Polygon","coordinates":[[[31.333378,30.109673],[31.333446,30.109792],[31.333275,30.109864],[31.333207,30.109746],[31.333378,30.109673]]]}},{"type":"Feature","properties":{},"geometry":{"type":"Polygon","coordinates":[[[31.333782,30.094456],[31.333822,30.094497],[31.333852,30.094475],[31.333889,30.094513],[31.333858,30.094536],[31.333944,30.094623],[31.333834,30.094704],[31.333817,30.094687],[31.333764,30.094726],[31.333711,30.094672],[31.333741,30.094651],[31.333647,30.094555],[31.333782,30.094456]]]}},{"type":"Feature","properties":{},"geometry":{"type":"Polygon","coordinates":[[[31.333863,30.096886],[31.333775,30.097086],[31.333662,30.097048],[31.33375,30.096848],[31.333863,30.096886]]]}},{"type":"Feature","properties":{},"geometry":{"type":"Polygon","coordinates":[[[31.334766,30.105788],[31.334722,30.10577],[31.334681,30.105846],[31.334597,30.105811],[31.334717,30.105594],[31.334844,30.105647],[31.334766,30.105788]]]}},{"type":"Feature","properties":{},"geometry":{"type":"Polygon","coordinates":[[[31.336494,30.105117],[31.336323,30.10496],[31.336425,30.104877],[31.336596,30.105034],[31.336494,30.105117]]]}},{"type":"Feature","properties":{},"geometry":{"type":"Polygon","coordinates":[[[31.34236,30.097578],[31.342363,30.097628],[31.342411,30.097626],[31.34242,30.097755],[31.34211,30.09777],[31.342099,30.09759],[31.34236,30.097578]]]}},{"type":"Feature","properties":{},"geometry":{"type":"Polygon","coordinates":[[[31.342379,30.098292],[31.342204,30.098323],[31.342182,30.098232],[31.342293,30.098212],[31.342307,30.098273],[31.342372,30.098262],[31.342379,30.098292]]]}},{"type":"Feature","properties":{},"geometry":{"type":"Polygon","coordinates":[[[31.343274,30.108023],[31.343433,30.10802],[31.343436,30.108124],[31.343277,30.108128],[31.343274,30.108023]]]}},{"type":"Feature","properties":{},"geometry":{"type":"Polygon","coordinates":[[[31.343686,30.099264],[31.343615,30.098885],[31.34389,30.098846],[31.343959,30.099209],[31.343919,30.099215],[31.343928,30.099258],[31.343734,30.09929],[31.343728,30.099258],[31.343686,30.099264]]]}},{"type":"Feature","properties":{},"geometry":{"type":"Polygon","coordinates":[[[31.345851,30.103637],[31.345679,30.103694],[31.34559,30.103502],[31.345761,30.103443],[31.345851,30.103637]]]}},{"type":"Feature","properties":{},"geometry":{"type":"Polygon","coordinates":[[[31.347923,30.101328],[31.348078,30.101416],[31.347887,30.101667],[31.347732,30.101579],[31.347923,30.101328]]]}},{"type":"Feature","properties":{},"geometry":{"type":"Polygon","coordinates":[[[31.330247,30.097369],[31.330352,30.097466],[31.330306,30.097504],[31.330332,30.097528],[31.330212,30.097625],[31.330081,30.097504],[31.330247,30.097369]]]}},{"type":"Feature","properties":{},"geometry":{"type":"Polygon","coordinates":[[[31.330627,30.090605],[31.330726,30.090573],[31.330837,30.090832],[31.330738,30.090864],[31.330627,30.090605]]]}},{"type":"Feature","properties":{},"geometry":{"type":"Polygon","coordinates":[[[31.3313,30.091619],[31.331334,30.091679],[31.331224,30.091725],[31.331191,30.091665],[31.3313,30.091619]]]}},{"type":"Feature","properties":{},"geometry":{"type":"Polygon","coordinates":[[[31.336048,30.108564],[31.336122,30.108699],[31.33594,30.108774],[31.335865,30.108639],[31.336048,30.108564]]]}},{"type":"Feature","properties":{},"geometry":{"type":"Polygon","coordinates":[[[31.337071,30.095647],[31.337053,30.095664],[31.337076,30.095683],[31.337049,30.095707],[31.337059,30.095715],[31.337022,30.095748],[31.336913,30.095658],[31.336994,30.095584],[31.337071,30.095647]]]}},{"type":"Feature","properties":{},"geometry":{"type":"Polygon","coordinates":[[[31.340746,30.105292],[31.34081,30.10517],[31.341022,30.105252],[31.340958,30.105375],[31.340746,30.105292]]]}},{"type":"Feature","properties":{},"geometry":{"type":"Polygon","coordinates":[[[31.341602,30.102363],[31.341838,30.102464],[31.341759,30.102602],[31.341531,30.102504],[31.341589,30.102404],[31.34158,30.102401],[31.341602,30.102363]]]}},{"type":"Feature","properties":{},"geometry":{"type":"Polygon","coordinates":[[[31.342305,30.090563],[31.342278,30.090603],[31.342232,30.09058],[31.342259,30.09054],[31.342305,30.090563]]]}},{"type":"Feature","properties":{},"geometry":{"type":"Polygon","coordinates":[[[31.343961,30.091209],[31.343837,30.091291],[31.343689,30.091124],[31.343813,30.091042],[31.343961,30.091209]]]}},{"type":"Feature","properties":{},"geometry":{"type":"Polygon","coordinates":[[[31.347433,30.100479],[31.347535,30.100333],[31.347697,30.100416],[31.347595,30.100563],[31.347433,30.100479]]]}},{"type":"Feature","properties":{},"geometry":{"type":"Polygon","coordinates":[[[31.35024,30.101522],[31.350264,30.101486],[31.35032,30.101514],[31.350296,30.10155],[31.35024,30.101522]]]}},{"type":"Feature","properties":{},"geometry":{"type":"Polygon","coordinates":[[[31.330138,30.092],[31.329994,30.092042],[31.329931,30.091882],[31.329984,30.091866],[31.329991,30.091885],[31.330083,30.091858],[31.330138,30.092]]]}},{"type":"Feature","properties":{},"geometry":{"type":"Polygon","coordinates":[[[31.331348,30.107676],[31.331502,30.107804],[31.33142,30.107879],[31.331265,30.107751],[31.331348,30.107676]]]}},{"type":"Feature","properties":{},"geometry":{"type":"Polygon","coordinates":[[[31.331466,30.093429],[31.331623,30.093295],[31.331669,30.093335],[31.331512,30.093469],[31.331466,30.093429]]]}},{"type":"Feature","properties":{},"geometry":{"type":"Polygon","coordinates":[[[31.331568,30.107439],[31.331645,30.107368],[31.331799,30.107492],[31.331722,30.107563],[31.331568,30.107439]]]}},{"type":"Feature","properties":{},"geometry":{"type":"Polygon","coordinates":[[[31.331892,30.096409],[31.332029,30.096498],[31.331952,30.096587],[31.331814,30.096498],[31.331892,30.096409]]]}},{"type":"Feature","properties":{},"geometry":{"type":"Polygon","coordinates":[[[31.332092,30.107465],[31.332207,30.107559],[31.332087,30.107669],[31.331972,30.107575],[31.332092,30.107465]]]}},{"type":"Feature","properties":{},"geometry":{"type":"Polygon","coordinates":[[[31.332229,30.105744],[31.332141,30.105712],[31.332144,30.105706],[31.332634,30.105881],[31.33249,30.106184],[31.332088,30.10604],[31.332229,30.105744]]]}},{"type":"Feature","properties":{},"geometry":{"type":"Polygon","coordinates":[[[31.33268,30.099538],[31.332593,30.0996],[31.332488,30.099489],[31.332575,30.099427],[31.33268,30.099538]]]}},{"type":"Feature","properties":{},"geometry":{"type":"Polygon","coordinates":[[[31.333798,30.109663],[31.333779,30.1096],[31.33384,30.109587],[31.333888,30.109748],[31.333782,30.109772],[31.333752,30.109674],[31.333798,30.109663]]]}},{"type":"Feature","properties":{},"geometry":{"type":"Polygon","coordinates":[[[31.335918,30.091223],[31.336111,30.09093],[31.33606,30.090905],[31.336065,30.090897],[31.336871,30.091293],[31.336665,30.091607],[31.336434,30.091494],[31.336442,30.09148],[31.335918,30.091223]]]}},{"type":"Feature","properties":{},"geometry":{"type":"Polygon","coordinates":[[[31.336579,30.097615],[31.336677,30.097617],[31.336675,30.097685],[31.336578,30.097683],[31.336579,30.097615]]]}},{"type":"Feature","properties":{},"geometry":{"type":"Polygon","coordinates":[[[31.343991,30.108707],[31.343922,30.108707],[31.343922,30.108536],[31.343991,30.108536],[31.343991,30.108707]]]}},{"type":"Feature","properties":{},"geometry":{"type":"Polygon","coordinates":[[[31.344084,30.095695],[31.344052,30.095773],[31.343803,30.095695],[31.343835,30.095617],[31.344084,30.095695]]]}},{"type":"Feature","properties":{},"geometry":{"type":"Polygon","coordinates":[[[31.344567,30.097092],[31.344502,30.097209],[31.34431,30.097129],[31.344375,30.097012],[31.344567,30.097092]]]}},{"type":"Feature","properties":{},"geometry":{"type":"Polygon","coordinates":[[[31.354116,30.098194],[31.354072,30.09824],[31.354017,30.098199],[31.354062,30.098154],[31.354116,30.098194]]]}},{"type":"Feature","properties":{},"geometry":{"type":"Polygon","coordinates":[[[31.330775,30.096378],[31.330838,30.096459],[31.33077,30.096499],[31.330807,30.096546],[31.330698,30.096611],[31.330542,30.096414],[31.330628,30.096363],[31.330683,30.096433],[31.330775,30.096378]]]}},{"type":"Feature","properties":{},"geometry":{"type":"Polygon","coordinates":[[[31.331423,30.109171],[31.331534,30.109135],[31.331595,30.109277],[31.331484,30.109313],[31.331423,30.109171]]]}},{"type":"Feature","properties":{},"geometry":{"type":"Polygon","coordinates":[[[31.331674,30.098292],[31.331695,30.098323],[31.331595,30.098375],[31.331574,30.098344],[31.331674,30.098292]]]}},{"type":"Feature","properties":{},"geometry":{"type":"Polygon","coordinates":[[[31.335367,30.098135],[31.335532,30.098175],[31.335516,30.098226],[31.335652,30.098259],[31.335626,30.098339],[31.335489,30.098306],[31.335483,30.098323],[31.335319,30.098283],[31.335367,30.098135]]]}},{"type":"Feature","properties":{},"geometry":{"type":"Polygon","coordinates":[[[31.337112,30.101366],[31.337149,30.101073],[31.337343,30.101091],[31.337316,30.101302],[31.337239,30.101295],[31.337229,30.101377],[31.337112,30.101366]]]}},{"type":"Feature","properties":{},"geometry":{"type":"Polygon","coordinates":[[[31.33898,30.092013],[31.339046,30.092073],[31.338841,30.092242],[31.338776,30.092182],[31.33898,30.092013]]]}},{"type":"Feature","properties":{},"geometry":{"type":"Polygon","coordinates":[[[31.341035,30.099967],[31.34099,30.100044],[31.340914,30.100011],[31.341006,30.099853],[31.341153,30.099918],[31.341106,30.099998],[31.341035,30.099967]]]}},{"type":"Feature","properties":{},"geometry":{"type":"Polygon","coordinates":[[[31.341244,30.098031],[31.341189,30.098082],[31.341138,30.098107],[31.340976,30.098053],[31.340897,30.09799],[31.340886,30.097973],[31.340827,30.097954],[31.340761,30.097901],[31.340651,30.097864],[31.340572,30.0978],[31.340551,30.097769],[31.34056,30.097749],[31.340535,30.097712],[31.340572,30.097677],[31.340627,30.09765],[31.340634,30.097633],[31.340664,30.097618],[31.340743,30.097682],[31.340806,30.097777],[31.340854,30.097793],[31.340915,30.097843],[31.341079,30.097897],[31.341136,30.097944],[31.341169,30.097927],[31.341232,30.098021],[31.341244,30.098031]]]}},{"type":"Feature","properties":{},"geometry":{"type":"Polygon","coordinates":[[[31.331522,30.10069],[31.331572,30.100775],[31.331433,30.100836],[31.331326,30.100653],[31.331424,30.10061],[31.331481,30.100708],[31.331522,30.10069]]]}},{"type":"Feature","properties":{},"geometry":{"type":"Polygon","coordinates":[[[31.332696,30.097068],[31.332779,30.096879],[31.332926,30.096928],[31.332864,30.097068],[31.332853,30.097065],[31.332832,30.097113],[31.332696,30.097068]]]}},{"type":"Feature","properties":{},"geometry":{"type":"Polygon","coordinates":[[[31.333008,30.102158],[31.333038,30.102158],[31.333304,30.102409],[31.333008,30.102644],[31.333008,30.102158]]]}},{"type":"Feature","properties":{},"geometry":{"type":"Polygon","coordinates":[[[31.333928,30.096079],[31.334065,30.096129],[31.334034,30.096193],[31.333735,30.096085],[31.333779,30.095993],[31.333941,30.096052],[31.333928,30.096079]]]}},{"type":"Feature","properties":{},"geometry":{"type":"Polygon","coordinates":[[[31.340168,30.108246],[31.34022,30.10815],[31.340515,30.108266],[31.340451,30.108387],[31.34023,30.1083],[31.340243,30.108276],[31.340168,30.108246]]]}},{"type":"Feature","properties":{},"geometry":{"type":"Polygon","coordinates":[[[31.340681,30.097446],[31.340567,30.097525],[31.340408,30.097354],[31.340523,30.097275],[31.340681,30.097446]]]}},{"type":"Feature","properties":{},"geometry":{"type":"Polygon","coordinates":[[[31.341188,30.107873],[31.341355,30.1078],[31.341487,30.108024],[31.34132,30.108097],[31.341188,30.107873]]]}},{"type":"Feature","properties":{},"geometry":{"type":"Polygon","coordinates":[[[31.341212,30.097376],[31.341359,30.097571],[31.34122,30.097649],[31.34117,30.097583],[31.341194,30.097569],[31.341156,30.097518],[31.341093,30.097554],[31.341182,30.097671],[31.341054,30.097744],[31.340878,30.097511],[31.341024,30.097429],[31.341052,30.097466],[31.341212,30.097376]]]}},{"type":"Feature","properties":{},"geometry":{"type":"Polygon","coordinates":[[[31.342944,30.107934],[31.343029,30.107912],[31.34306,30.108004],[31.342976,30.108026],[31.342944,30.107934]]]}},{"type":"Feature","properties":{},"geometry":{"type":"Polygon","coordinates":[[[31.344645,30.109177],[31.344632,30.109126],[31.344703,30.109113],[31.34471,30.109141],[31.344805,30.109123],[31.344837,30.10925],[31.344715,30.109273],[31.344689,30.109169],[31.344645,30.109177]]]}},{"type":"Feature","properties":{},"geometry":{"type":"Polygon","coordinates":[[[31.346344,30.098203],[31.346365,30.098171],[31.346322,30.09815],[31.346345,30.098116],[31.346394,30.09814],[31.346407,30.09812],[31.346582,30.098208],[31.346481,30.098359],[31.346375,30.098306],[31.346419,30.09824],[31.346344,30.098203]]]}},{"type":"Feature","properties":{},"geometry":{"type":"Polygon","coordinates":[[[31.346435,30.090966],[31.346482,30.090877],[31.346635,30.090936],[31.346564,30.091072],[31.346398,30.091008],[31.346422,30.090961],[31.346435,30.090966]]]}},{"type":"Feature","properties":{},"geometry":{"type":"Polygon","coordinates":[[[31.348265,30.101156],[31.348121,30.101367],[31.347966,30.101288],[31.348109,30.101076],[31.348265,30.101156]]]}},{"type":"Feature","properties":{},"geometry":{"type":"Polygon","coordinates":[[[31.348503,30.104261],[31.348644,30.10419],[31.348689,30.104257],[31.348635,30.104285],[31.34873,30.104431],[31.348646,30.104474],[31.348503,30.104261]]]}},{"type":"Feature","properties":{},"geometry":{"type":"Polygon","coordinates":[[[31.351359,30.109533],[31.351234,30.10972],[31.351061,30.109633],[31.351186,30.109446],[31.351359,30.109533]]]}},{"type":"Feature","properties":{},"geometry":{"type":"Polygon","coordinates":[[[31.352238,30.106242],[31.352314,30.106143],[31.352367,30.106173],[31.352291,30.106272],[31.352238,30.106242]]]}},{"type":"Feature","properties":{},"geometry":{"type":"Polygon","coordinates":[[[31.352741,30.10362],[31.352277,30.104286],[31.352047,30.104165],[31.352099,30.104091],[31.352224,30.104156],[31.352407,30.103893],[31.352265,30.103819],[31.35231,30.103753],[31.352461,30.103832],[31.352644,30.103569],[31.352508,30.103498],[31.352562,30.103421],[31.352744,30.103516],[31.35269,30.103593],[31.352741,30.10362]]]}},{"type":"Feature","properties":{},"geometry":{"type":"Polygon","coordinates":[[[31.353257,30.106487],[31.353313,30.106418],[31.353787,30.106703],[31.353731,30.106772],[31.353257,30.106487]]]}},{"type":"Feature","properties":{},"geometry":{"type":"Polygon","coordinates":[[[31.330136,30.109355],[31.33025,30.109448],[31.330154,30.109536],[31.33004,30.109444],[31.330136,30.109355]]]}},{"type":"Feature","properties":{},"geometry":{"type":"Polygon","coordinates":[[[31.332889,30.10727],[31.333041,30.107032],[31.333165,30.107091],[31.333013,30.107329],[31.332889,30.10727]]]}},{"type":"Feature","properties":{},"geometry":{"type":"Polygon","coordinates":[[[31.333005,30.109584],[31.333005,30.109724],[31.332871,30.109724],[31.332871,30.109584],[31.333005,30.109584]]]}},{"type":"Feature","properties":{},"geometry":{"type":"Polygon","coordinates":[[[31.336099,30.098239],[31.336212,30.098393],[31.336028,30.098494],[31.335915,30.098341],[31.336099,30.098239]]]}},{"type":"Feature","properties":{},"geometry":{"type":"Polygon","coordinates":[[[31.336779,30.09475],[31.336941,30.094916],[31.336873,30.094966],[31.336923,30.095017],[31.336823,30.09509],[31.33681,30.095077],[31.336762,30.095112],[31.336987,30.095342],[31.33681,30.095471],[31.336488,30.095142],[31.336526,30.095113],[31.336446,30.095031],[31.33653,30.094969],[31.336473,30.094911],[31.336574,30.094837],[31.33661,30.094873],[31.336779,30.09475]]]}},{"type":"Feature","properties":{},"geometry":{"type":"Polygon","coordinates":[[[31.337066,30.096097],[31.336917,30.096175],[31.336796,30.096002],[31.336945,30.095924],[31.337066,30.096097]]]}},{"type":"Feature","properties":{},"geometry":{"type":"Polygon","coordinates":[[[31.340091,30.095263],[31.340424,30.095485],[31.340345,30.095569],[31.340237,30.095638],[31.340223,30.095628],[31.340132,30.095524],[31.340157,30.095497],[31.340069,30.095395],[31.34005,30.095382],[31.340016,30.095344],[31.339992,30.095359],[31.339968,30.095343],[31.340091,30.095263]]]}},{"type":"Feature","properties":{},"geometry":{"type":"Polygon","coordinates":[[[31.342718,30.092464],[31.342674,30.092452],[31.342711,30.09235],[31.342755,30.092362],[31.342718,30.092464]]]}},{"type":"Feature","properties":{},"geometry":{"type":"Polygon","coordinates":[[[31.348971,30.108423],[31.349062,30.108302],[31.349205,30.108383],[31.349114,30.108504],[31.348971,30.108423]]]}},{"type":"Feature","properties":{},"geometry":{"type":"Polygon","coordinates":[[[31.35045,30.092213],[31.350595,30.092329],[31.350521,30.092398],[31.350473,30.09236],[31.350434,30.092397],[31.350394,30.092365],[31.350433,30.092329],[31.350376,30.092283],[31.35045,30.092213]]]}},{"type":"Feature","properties":{},"geometry":{"type":"Polygon","coordinates":[[[31.330285,30.092021],[31.330343,30.092005],[31.330359,30.092047],[31.3303,30.092063],[31.330285,30.092021]]]}},{"type":"Feature","properties":{},"geometry":{"type":"Polygon","coordinates":[[[31.330487,30.107903],[31.330399,30.107977],[31.330245,30.107841],[31.330334,30.107766],[31.330487,30.107903]]]}},{"type":"Feature","properties":{},"geometry":{"type":"Polygon","coordinates":[[[31.334806,30.105101],[31.334677,30.105051],[31.33478,30.104852],[31.334909,30.104902],[31.334806,30.105101]]]}},{"type":"Feature","properties":{},"geometry":{"type":"Polygon","coordinates":[[[31.335232,30.108268],[31.335321,30.108075],[31.335586,30.108167],[31.335498,30.10836],[31.335232,30.108268]]]}},{"type":"Feature","properties":{},"geometry":{"type":"Polygon","coordinates":[[[31.335455,30.107175],[31.335652,30.107249],[31.335505,30.10754],[31.335308,30.107466],[31.335455,30.107175]]]}},{"type":"Feature","properties":{},"geometry":{"type":"Polygon","coordinates":[[[31.338049,30.102592],[31.338172,30.102615],[31.338144,30.102733],[31.338087,30.102722],[31.338076,30.102769],[31.338039,30.102762],[31.338048,30.102723],[31.338019,30.102718],[31.338049,30.102592]]]}},{"type":"Feature","properties":{},"geometry":{"type":"Polygon","coordinates":[[[31.338289,30.090687],[31.33833,30.090594],[31.33845,30.090634],[31.338409,30.090727],[31.338289,30.090687]]]}},{"type":"Feature","properties":{},"geometry":{"type":"Polygon","coordinates":[[[31.338976,30.09541],[31.33895,30.095428],[31.338997,30.095479],[31.338912,30.095539],[31.338796,30.095416],[31.338907,30.095338],[31.338976,30.09541]]]}},{"type":"Feature","properties":{},"geometry":{"type":"Polygon","coordinates":[[[31.339743,30.091637],[31.339557,30.091767],[31.339305,30.091498],[31.339491,30.091368],[31.339743,30.091637]]]}},{"type":"Feature","properties":{},"geometry":{"type":"Polygon","coordinates":[[[31.33977,30.103115],[31.339841,30.102969],[31.340173,30.103091],[31.340103,30.103236],[31.33977,30.103115]]]}},{"type":"Feature","properties":{},"geometry":{"type":"Polygon","coordinates":[[[31.340293,30.105525],[31.340361,30.105378],[31.340508,30.105429],[31.34044,30.105576],[31.340293,30.105525]]]}},{"type":"Feature","properties":{},"geometry":{"type":"Polygon","coordinates":[[[31.342403,30.108461],[31.342483,30.108287],[31.342622,30.108335],[31.342541,30.108509],[31.342403,30.108461]]]}},{"type":"Feature","properties":{},"geometry":{"type":"Polygon","coordinates":[[[31.346276,30.109668],[31.34635,30.109471],[31.346503,30.109514],[31.346429,30.109711],[31.346276,30.109668]]]}},{"type":"Feature","properties":{},"geometry":{"type":"Polygon","coordinates":[[[31.347553,30.098954],[31.34766,30.098799],[31.347785,30.098863],[31.347677,30.099018],[31.347553,30.098954]]]}},{"type":"Feature","properties":{},"geometry":{"type":"Polygon","coordinates":[[[31.34782,30.100706],[31.347631,30.100614],[31.347731,30.100464],[31.34808,30.100638],[31.347981,30.100786],[31.34782,30.100706]]]}},{"type":"Feature","properties":{},"geometry":{"type":"Polygon","coordinates":[[[31.348466,30.105699],[31.348585,30.105758],[31.348451,30.105958],[31.348332,30.105899],[31.348466,30.105699]]]}},{"type":"Feature","properties":{},"geometry":{"type":"Polygon","coordinates":[[[31.349244,30.096711],[31.349163,30.09683],[31.349114,30.096805],[31.349194,30.096686],[31.349244,30.096711]]]}},{"type":"Feature","properties":{},"geometry":{"type":"Polygon","coordinates":[[[31.351304,30.090113],[31.351364,30.090159],[31.351308,30.090212],[31.351271,30.090183],[31.35129,30.090165],[31.351268,30.090148],[31.351304,30.090113]]]}},{"type":"Feature","properties":{},"geometry":{"type":"Polygon","coordinates":[[[31.353178,30.106074],[31.353241,30.106014],[31.353287,30.10605],[31.353224,30.10611],[31.353178,30.106074]]]}},{"type":"Feature","properties":{},"geometry":{"type":"Polygon","coordinates":[[[31.333947,30.09525],[31.333749,30.095394],[31.333658,30.095301],[31.333855,30.095157],[31.333947,30.09525]]]}},{"type":"Feature","properties":{},"geometry":{"type":"Polygon","coordinates":[[[31.335006,30.096905],[31.335195,30.096946],[31.335172,30.097026],[31.335111,30.097013],[31.335077,30.097129],[31.33484,30.097077],[31.334862,30.097003],[31.334912,30.097014],[31.33493,30.096953],[31.334988,30.096966],[31.335006,30.096905]]]}},{"type":"Feature","properties":{},"geometry":{"type":"Polygon","coordinates":[[[31.339218,30.098581],[31.339132,30.09869],[31.338985,30.098604],[31.339071,30.098495],[31.339218,30.098581]]]}},{"type":"Feature","properties":{},"geometry":{"type":"Polygon","coordinates":[[[31.339654,30.094596],[31.339769,30.094654],[31.339645,30.094838],[31.339529,30.094779],[31.339654,30.094596]]]}},{"type":"Feature","properties":{},"geometry":{"type":"Polygon","coordinates":[[[31.340281,30.100084],[31.340456,30.100129],[31.340412,30.100259],[31.340495,30.100281],[31.340484,30.100315],[31.340395,30.100292],[31.340369,30.100367],[31.340239,30.100333],[31.340308,30.100133],[31.340268,30.100123],[31.340281,30.100084]]]}},{"type":"Feature","properties":{},"geometry":{"type":"Polygon","coordinates":[[[31.340559,30.090683],[31.340415,30.090792],[31.340367,30.090745],[31.34051,30.090634],[31.340559,30.090683]]]}},{"type":"Feature","properties":{},"geometry":{"type":"Polygon","coordinates":[[[31.342788,30.108419],[31.342693,30.108572],[31.342561,30.108511],[31.342656,30.108358],[31.342788,30.108419]]]}},{"type":"Feature","properties":{},"geometry":{"type":"Polygon","coordinates":[[[31.344583,30.095321],[31.34472,30.095277],[31.344749,30.095346],[31.344612,30.09539],[31.344583,30.095321]]]}},{"type":"Feature","properties":{},"geometry":{"type":"Polygon","coordinates":[[[31.346753,30.107718],[31.346871,30.107567],[31.347015,30.107652],[31.346897,30.107803],[31.346753,30.107718]]]}},{"type":"Feature","properties":{},"geometry":{"type":"Polygon","coordinates":[[[31.351732,30.10313],[31.351785,30.103028],[31.351823,30.103043],[31.35177,30.103145],[31.351732,30.10313]]]}},{"type":"Feature","properties":{},"geometry":{"type":"Polygon","coordinates":[[[31.35217,30.097281],[31.352188,30.097214],[31.352127,30.097202],[31.352148,30.097126],[31.352189,30.097134],[31.352194,30.097116],[31.352382,30.097154],[31.352337,30.097316],[31.35217,30.097281]]]}},{"type":"Feature","properties":{},"geometry":{"type":"Polygon","coordinates":[[[31.330734,30.108489],[31.330635,30.108567],[31.330621,30.108553],[31.330575,30.108588],[31.330453,30.108472],[31.330596,30.108359],[31.330734,30.108489]]]}},{"type":"Feature","properties":{},"geometry":{"type":"Polygon","coordinates":[[[31.330741,30.090963],[31.330812,30.091107],[31.33068,30.091156],[31.330609,30.091013],[31.330741,30.090963]]]}},{"type":"Feature","properties":{},"geometry":{"type":"Polygon","coordinates":[[[31.332757,30.09195],[31.33282,30.091897],[31.332946,30.092012],[31.33282,30.092116],[31.33272,30.092024],[31.332782,30.091973],[31.332757,30.09195]]]}},{"type":"Feature","properties":{},"geometry":{"type":"Polygon","coordinates":[[[31.340081,30.102507],[31.340185,30.102323],[31.340505,30.102458],[31.340401,30.102642],[31.340081,30.102507]]]}},{"type":"Feature","properties":{},"geometry":{"type":"Polygon","coordinates":[[[31.340317,30.10458],[31.340393,30.104424],[31.340588,30.104495],[31.340512,30.104651],[31.340317,30.10458]]]}},{"type":"Feature","properties":{},"geometry":{"type":"Polygon","coordinates":[[[31.343801,30.10781],[31.343858,30.107981],[31.343718,30.108017],[31.34366,30.107846],[31.343801,30.10781]]]}},{"type":"Feature","properties":{},"geometry":{"type":"Polygon","coordinates":[[[31.344023,30.095873],[31.344077,30.095794],[31.344231,30.095874],[31.344341,30.095715],[31.344419,30.095756],[31.344255,30.095993],[31.344023,30.095873]]]}},{"type":"Feature","properties":{},"geometry":{"type":"Polygon","coordinates":[[[31.347404,30.105959],[31.347552,30.106028],[31.347388,30.106294],[31.34724,30.106226],[31.347404,30.105959]]]}},{"type":"Feature","properties":{},"geometry":{"type":"Polygon","coordinates":[[[31.347661,30.099951],[31.347761,30.099803],[31.347892,30.099869],[31.347791,30.100017],[31.347661,30.099951]]]}},{"type":"Feature","properties":{},"geometry":{"type":"Polygon","coordinates":[[[31.34982,30.096112],[31.349882,30.096162],[31.349837,30.096205],[31.3497,30.096096],[31.349941,30.095867],[31.350016,30.095926],[31.34982,30.096112]]]}},{"type":"Feature","properties":{},"geometry":{"type":"Polygon","coordinates":[[[31.334755,30.093096],[31.33499,30.093321],[31.334878,30.093409],[31.334643,30.093184],[31.334755,30.093096]]]}},{"type":"Feature","properties":{},"geometry":{"type":"Polygon","coordinates":[[[31.338856,30.105195],[31.338779,30.105338],[31.338453,30.105206],[31.33853,30.105063],[31.338856,30.105195]]]}},{"type":"Feature","properties":{},"geometry":{"type":"Polygon","coordinates":[[[31.339152,30.091969],[31.339063,30.092041],[31.338869,30.09186],[31.338958,30.091788],[31.339152,30.091969]]]}},{"type":"Feature","properties":{},"geometry":{"type":"Polygon","coordinates":[[[31.340915,30.100656],[31.340859,30.100673],[31.340773,30.100464],[31.340829,30.100447],[31.340915,30.100656]]]}},{"type":"Feature","properties":{},"geometry":{"type":"Polygon","coordinates":[[[31.341581,30.097856],[31.341445,30.097932],[31.341428,30.097934],[31.34137,30.097857],[31.341363,30.097801],[31.341407,30.097776],[31.34144,30.097773],[31.341432,30.097715],[31.341492,30.097682],[31.341339,30.097697],[31.341333,30.097648],[31.341409,30.097641],[31.341405,30.097616],[31.341444,30.097612],[31.341436,30.097549],[31.3414,30.097553],[31.341389,30.097466],[31.341421,30.097463],[31.341408,30.09736],[31.341344,30.097366],[31.341285,30.097399],[31.341246,30.097403],[31.341205,30.097348],[31.341404,30.097237],[31.341501,30.097228],[31.341581,30.097856]]]}},{"type":"Feature","properties":{},"geometry":{"type":"Polygon","coordinates":[[[31.343819,30.103505],[31.343929,30.103494],[31.34393,30.103503],[31.343981,30.103498],[31.343987,30.103546],[31.343926,30.103553],[31.343933,30.103601],[31.343975,30.103596],[31.343981,30.103642],[31.343839,30.103656],[31.343819,30.103505]]]}},{"type":"Feature","properties":{},"geometry":{"type":"Polygon","coordinates":[[[31.344735,30.109983],[31.344498,30.110032],[31.344473,30.110015],[31.344461,30.110064],[31.344415,30.110074],[31.344371,30.110042],[31.344333,30.11005],[31.344317,30.110039],[31.344325,30.110003],[31.34415,30.109879],[31.344136,30.109826],[31.344188,30.109771],[31.344151,30.109745],[31.34414,30.109706],[31.344087,30.109669],[31.344092,30.109646],[31.344167,30.109567],[31.344283,30.109543],[31.344391,30.10962],[31.3444,30.109653],[31.344434,30.109659],[31.344463,30.109628],[31.34444,30.109543],[31.344606,30.109509],[31.344659,30.109703],[31.344522,30.109731],[31.344542,30.1098],[31.344583,30.109807],[31.344617,30.109772],[31.344673,30.10976],[31.344735,30.109983]]]}},{"type":"Feature","properties":{},"geometry":{"type":"Polygon","coordinates":[[[31.345825,30.092147],[31.345736,30.092146],[31.345689,30.092117],[31.345691,30.09199],[31.345725,30.091991],[31.345699,30.091974],[31.3457,30.091869],[31.345618,30.091818],[31.345652,30.091769],[31.345683,30.09177],[31.345786,30.091833],[31.345889,30.091835],[31.345887,30.091933],[31.345898,30.09194],[31.345896,30.092092],[31.345869,30.092075],[31.34587,30.091983],[31.345828,30.091982],[31.345825,30.092147]]]}},{"type":"Feature","properties":{},"geometry":{"type":"Polygon","coordinates":[[[31.34754,30.099536],[31.347587,30.099466],[31.347707,30.099527],[31.347618,30.099658],[31.347448,30.099573],[31.34749,30.09951],[31.34754,30.099536]]]}},{"type":"Feature","properties":{},"geometry":{"type":"Polygon","coordinates":[[[31.34792,30.100306],[31.348061,30.100381],[31.347962,30.10052],[31.347821,30.100444],[31.34792,30.100306]]]}},{"type":"Feature","properties":{},"geometry":{"type":"Polygon","coordinates":[[[31.330209,30.094903],[31.330239,30.094967],[31.33019,30.094984],[31.330161,30.09492],[31.330209,30.094903]]]}},{"type":"Feature","properties":{},"geometry":{"type":"Polygon","coordinates":[[[31.331616,30.109057],[31.331611,30.109049],[31.331569,30.109069],[31.331447,30.108872],[31.331557,30.108822],[31.331683,30.109026],[31.331616,30.109057]]]}},{"type":"Feature","properties":{},"geometry":{"type":"Polygon","coordinates":[[[31.331914,30.10632],[31.332049,30.106068],[31.332221,30.106137],[31.332087,30.106389],[31.331914,30.10632]]]}},{"type":"Feature","properties":{},"geometry":{"type":"Polygon","coordinates":[[[31.33219,30.097561],[31.33241,30.097387],[31.332543,30.097513],[31.332415,30.097614],[31.332449,30.097646],[31.332312,30.097754],[31.332251,30.097697],[31.332296,30.097661],[31.33219,30.097561]]]}},{"type":"Feature","properties":{},"geometry":{"type":"Polygon","coordinates":[[[31.334437,30.094227],[31.33431,30.094332],[31.334258,30.094285],[31.334384,30.09418],[31.334437,30.094227]]]}},{"type":"Feature","properties":{},"geometry":{"type":"Polygon","coordinates":[[[31.337143,30.100203],[31.337315,30.100216],[31.337296,30.1004],[31.33724,30.100396],[31.337235,30.100442],[31.337183,30.100438],[31.33719,30.100371],[31.337126,30.100366],[31.337143,30.100203]]]}},{"type":"Feature","properties":{},"geometry":{"type":"Polygon","coordinates":[[[31.3385,30.093653],[31.338387,30.093846],[31.338292,30.093805],[31.338405,30.093611],[31.3385,30.093653]]]}},{"type":"Feature","properties":{},"geometry":{"type":"Polygon","coordinates":[[[31.340504,30.103633],[31.340571,30.103493],[31.340789,30.103571],[31.340721,30.103711],[31.340504,30.103633]]]}},{"type":"Feature","properties":{},"geometry":{"type":"Polygon","coordinates":[[[31.343667,30.090389],[31.343737,30.090319],[31.343921,30.090459],[31.343852,30.090528],[31.343667,30.090389]]]}},{"type":"Feature","properties":{},"geometry":{"type":"Polygon","coordinates":[[[31.343939,30.091332],[31.344019,30.091141],[31.344146,30.091182],[31.344091,30.09131],[31.34401,30.091285],[31.343994,30.091321],[31.344026,30.091332],[31.344015,30.091356],[31.343939,30.091332]]]}},{"type":"Feature","properties":{},"geometry":{"type":"Polygon","coordinates":[[[31.346262,30.091169],[31.346374,30.091285],[31.346248,30.091376],[31.346136,30.091261],[31.346262,30.091169]]]}},{"type":"Feature","properties":{},"geometry":{"type":"Polygon","coordinates":[[[31.346546,30.095173],[31.346292,30.095338],[31.346169,30.095195],[31.346423,30.09503],[31.346546,30.095173]]]}},{"type":"Feature","properties":{},"geometry":{"type":"Polygon","coordinates":[[[31.347512,30.107384],[31.347374,30.107332],[31.34745,30.107182],[31.347588,30.107234],[31.347512,30.107384]]]}},{"type":"Feature","properties":{},"geometry":{"type":"Polygon","coordinates":[[[31.331592,30.089946],[31.331757,30.090006],[31.331734,30.090053],[31.331783,30.090071],[31.331729,30.090182],[31.331701,30.090172],[31.331672,30.090233],[31.331532,30.090181],[31.331548,30.090149],[31.331462,30.090118],[31.331497,30.090046],[31.331536,30.09006],[31.331592,30.089946]]]}},{"type":"Feature","properties":{},"geometry":{"type":"Polygon","coordinates":[[[31.331596,30.107694],[31.331517,30.107766],[31.331364,30.107641],[31.331443,30.107569],[31.331596,30.107694]]]}},{"type":"Feature","properties":{},"geometry":{"type":"Polygon","coordinates":[[[31.332054,30.099624],[31.331883,30.099732],[31.331733,30.099556],[31.331752,30.099544],[31.331775,30.09957],[31.331926,30.099473],[31.332054,30.099624]]]}},{"type":"Feature","properties":{},"geometry":{"type":"Polygon","coordinates":[[[31.33326,30.096582],[31.333304,30.09648],[31.333426,30.096519],[31.333383,30.096622],[31.33326,30.096582]]]}},{"type":"Feature","properties":{},"geometry":{"type":"Polygon","coordinates":[[[31.333988,30.097303],[31.333855,30.097716],[31.333575,30.097647],[31.333667,30.097366],[31.33365,30.097362],[31.333677,30.097279],[31.333707,30.097287],[31.333723,30.097238],[31.333988,30.097303]]]}},{"type":"Feature","properties":{},"geometry":{"type":"Polygon","coordinates":[[[31.334126,30.094684],[31.334175,30.094724],[31.33411,30.094785],[31.334061,30.094745],[31.334126,30.094684]]]}},{"type":"Feature","properties":{},"geometry":{"type":"Polygon","coordinates":[[[31.335514,30.094187],[31.335557,30.094226],[31.335463,30.094304],[31.33542,30.094265],[31.335514,30.094187]]]}},{"type":"Feature","properties":{},"geometry":{"type":"Polygon","coordinates":[[[31.336795,30.094114],[31.33662,30.09428],[31.336432,30.094132],[31.336569,30.094002],[31.336623,30.094044],[31.336661,30.094008],[31.336795,30.094114]]]}},{"type":"Feature","properties":{},"geometry":{"type":"Polygon","coordinates":[[[31.337028,30.097956],[31.33691,30.098023],[31.336737,30.097793],[31.336855,30.097726],[31.337028,30.097956]]]}},{"type":"Feature","properties":{},"geometry":{"type":"Polygon","coordinates":[[[31.337149,30.097621],[31.337106,30.097648],[31.337075,30.097611],[31.337118,30.097584],[31.337149,30.097621]]]}},{"type":"Feature","properties":{},"geometry":{"type":"Polygon","coordinates":[[[31.337267,30.094333],[31.337478,30.094204],[31.337703,30.094479],[31.337619,30.094531],[31.337624,30.094537],[31.337526,30.094597],[31.337439,30.09449],[31.33741,30.094508],[31.337267,30.094333]]]}},{"type":"Feature","properties":{},"geometry":{"type":"Polygon","coordinates":[[[31.338442,30.090859],[31.338348,30.090959],[31.338186,30.090845],[31.338214,30.090815],[31.338162,30.090779],[31.338228,30.090709],[31.338442,30.090859]]]}},{"type":"Feature","properties":{},"geometry":{"type":"Polygon","coordinates":[[[31.339599,30.105734],[31.339655,30.10562],[31.339887,30.105705],[31.339831,30.105819],[31.339599,30.105734]]]}},{"type":"Feature","properties":{},"geometry":{"type":"Polygon","coordinates":[[[31.341271,30.095475],[31.341332,30.095444],[31.341406,30.095554],[31.341345,30.095585],[31.341271,30.095475]]]}},{"type":"Feature","properties":{},"geometry":{"type":"Polygon","coordinates":[[[31.344489,30.102614],[31.344564,30.103375],[31.344498,30.103406],[31.344478,30.103205],[31.344345,30.103215],[31.344326,30.103183],[31.344319,30.103115],[31.344368,30.103092],[31.344312,30.103096],[31.344309,30.103066],[31.34428,30.10302],[31.344276,30.10298],[31.344294,30.102972],[31.34427,30.102732],[31.344293,30.102721],[31.344286,30.102647],[31.344186,30.102486],[31.344252,30.102455],[31.344251,30.102442],[31.3442,30.10236],[31.34406,30.102371],[31.34405,30.102269],[31.344265,30.102253],[31.344489,30.102614]]]}},{"type":"Feature","properties":{},"geometry":{"type":"Polygon","coordinates":[[[31.344862,30.106808],[31.344924,30.107051],[31.344668,30.1071],[31.344605,30.106855],[31.344626,30.106851],[31.344581,30.106676],[31.344696,30.106654],[31.344703,30.106681],[31.344762,30.106669],[31.344775,30.106719],[31.344721,30.10673],[31.344747,30.10683],[31.344862,30.106808]]]}},{"type":"Feature","properties":{},"geometry":{"type":"Polygon","coordinates":[[[31.345654,30.094803],[31.345731,30.094762],[31.345954,30.095077],[31.345903,30.095105],[31.345875,30.095065],[31.345831,30.095088],[31.345783,30.095022],[31.345802,30.095012],[31.345654,30.094803]]]}},{"type":"Feature","properties":{},"geometry":{"type":"Polygon","coordinates":[[[31.345857,30.095822],[31.34579,30.095934],[31.345683,30.095886],[31.345646,30.095948],[31.345686,30.095966],[31.345659,30.096012],[31.345562,30.095969],[31.345694,30.095749],[31.345857,30.095822]]]}},{"type":"Feature","properties":{},"geometry":{"type":"Polygon","coordinates":[[[31.346024,30.109811],[31.3459,30.109797],[31.345909,30.109736],[31.346134,30.10976],[31.346093,30.110039],[31.345993,30.110028],[31.346024,30.109811]]]}},{"type":"Feature","properties":{},"geometry":{"type":"Polygon","coordinates":[[[31.351671,30.107246],[31.351712,30.107198],[31.351894,30.107314],[31.351905,30.107301],[31.351983,30.107351],[31.351931,30.107412],[31.351671,30.107246]]]}},{"type":"Feature","properties":{},"geometry":{"type":"Polygon","coordinates":[[[31.330862,30.100288],[31.330911,30.100242],[31.330847,30.100191],[31.330923,30.100119],[31.331046,30.100216],[31.330994,30.100265],[31.331037,30.1003],[31.331096,30.100244],[31.331137,30.100275],[31.331153,30.10026],[31.331199,30.100297],[31.331052,30.100438],[31.330862,30.100288]]]}},{"type":"Feature","properties":{},"geometry":{"type":"Polygon","coordinates":[[[31.331136,30.105401],[31.330962,30.105732],[31.330869,30.105695],[31.331042,30.105364],[31.331136,30.105401]]]}},{"type":"Feature","properties":{},"geometry":{"type":"Polygon","coordinates":[[[31.331181,30.1069],[31.331095,30.10697],[31.33095,30.106837],[31.331036,30.106767],[31.331181,30.1069]]]}},{"type":"Feature","properties":{},"geometry":{"type":"Polygon","coordinates":[[[31.332138,30.099044],[31.332251,30.09915],[31.332185,30.099203],[31.332072,30.099097],[31.332138,30.099044]]]}},{"type":"Feature","properties":{},"geometry":{"type":"Polygon","coordinates":[[[31.332458,30.090772],[31.332607,30.090835],[31.332589,30.090867],[31.33262,30.09088],[31.332598,30.090919],[31.332552,30.0909],[31.332541,30.090918],[31.332407,30.090862],[31.332458,30.090772]]]}},{"type":"Feature","properties":{},"geometry":{"type":"Polygon","coordinates":[[[31.336723,30.095464],[31.336594,30.095557],[31.336196,30.095142],[31.336341,30.095039],[31.336438,30.09514],[31.336372,30.095188],[31.336608,30.095434],[31.336659,30.095397],[31.336723,30.095464]]]}},{"type":"Feature","properties":{},"geometry":{"type":"Polygon","coordinates":[[[31.337199,30.099514],[31.336994,30.099585],[31.336935,30.099457],[31.336949,30.099453],[31.336916,30.099383],[31.337107,30.099316],[31.337199,30.099514]]]}},{"type":"Feature","properties":{},"geometry":{"type":"Polygon","coordinates":[[[31.33958,30.105143],[31.339813,30.10523],[31.339754,30.105348],[31.339521,30.105261],[31.33958,30.105143]]]}},{"type":"Feature","properties":{},"geometry":{"type":"Polygon","coordinates":[[[31.339804,30.099592],[31.339788,30.09968],[31.339717,30.099777],[31.339694,30.099907],[31.339647,30.099901],[31.33963,30.099994],[31.339614,30.100017],[31.33965,30.100037],[31.339604,30.100295],[31.339698,30.100308],[31.339691,30.100349],[31.339664,30.100385],[31.339653,30.100451],[31.339442,30.100423],[31.339366,30.100227],[31.339383,30.100135],[31.339426,30.10014],[31.339492,30.099771],[31.339585,30.099783],[31.339537,30.099757],[31.339552,30.099674],[31.339484,30.099496],[31.339503,30.099469],[31.339554,30.099455],[31.339804,30.099592]]]}},{"type":"Feature","properties":{},"geometry":{"type":"Polygon","coordinates":[[[31.340783,30.097628],[31.34081,30.097612],[31.340775,30.097568],[31.340853,30.097521],[31.341035,30.097748],[31.34093,30.097811],[31.340783,30.097628]]]}},{"type":"Feature","properties":{},"geometry":{"type":"Polygon","coordinates":[[[31.342739,30.093877],[31.342699,30.093569],[31.342803,30.093559],[31.342844,30.093866],[31.342739,30.093877]]]}},{"type":"Feature","properties":{},"geometry":{"type":"Polygon","coordinates":[[[31.346583,30.091764],[31.346693,30.091705],[31.346753,30.091789],[31.346644,30.091848],[31.346583,30.091764]]]}},{"type":"Feature","properties":{},"geometry":{"type":"Polygon","coordinates":[[[31.34805,30.104898],[31.348226,30.1047],[31.348363,30.10479],[31.348186,30.104989],[31.34805,30.104898]]]}},{"type":"Feature","properties":{},"geometry":{"type":"Polygon","coordinates":[[[31.35145,30.105446],[31.351556,30.105311],[31.35175,30.105426],[31.351778,30.105391],[31.351877,30.105449],[31.351676,30.105703],[31.351987,30.105887],[31.351924,30.105967],[31.351496,30.105714],[31.351579,30.105609],[31.35162,30.105633],[31.351667,30.105575],[31.35145,30.105446]]]}},{"type":"Feature","properties":{},"geometry":{"type":"Polygon","coordinates":[[[31.330191,30.093203],[31.330263,30.093189],[31.330303,30.093352],[31.330205,30.09337],[31.330183,30.093278],[31.330167,30.093281],[31.330155,30.09323],[31.330196,30.093223],[31.330191,30.093203]]]}},{"type":"Feature","properties":{},"geometry":{"type":"Polygon","coordinates":[[[31.333466,30.107546],[31.33361,30.107287],[31.333745,30.107343],[31.3336,30.107602],[31.333466,30.107546]]]}},{"type":"Feature","properties":{},"geometry":{"type":"Polygon","coordinates":[[[31.335089,30.099423],[31.33489,30.099537],[31.334715,30.099306],[31.33479,30.099263],[31.334804,30.099283],[31.334816,30.099276],[31.334757,30.099198],[31.334717,30.099221],[31.334651,30.099134],[31.334742,30.099081],[31.334732,30.099068],[31.334792,30.099033],[31.335089,30.099423]]]}},{"type":"Feature","properties":{},"geometry":{"type":"Polygon","coordinates":[[[31.337942,30.096242],[31.337797,30.096331],[31.337645,30.096145],[31.33779,30.096056],[31.337942,30.096242]]]}},{"type":"Feature","properties":{},"geometry":{"type":"Polygon","coordinates":[[[31.339055,30.095933],[31.338943,30.095812],[31.339051,30.095738],[31.339184,30.095883],[31.339111,30.095934],[31.339117,30.095941],[31.339055,30.095984],[31.339026,30.095953],[31.339055,30.095933]]]}},{"type":"Feature","properties":{},"geometry":{"type":"Polygon","coordinates":[[[31.340079,30.098043],[31.339944,30.098135],[31.339908,30.098097],[31.339989,30.098041],[31.339965,30.098014],[31.340019,30.097977],[31.340079,30.098043]]]}},{"type":"Feature","properties":{},"geometry":{"type":"Polygon","coordinates":[[[31.344251,30.107844],[31.3444,30.107798],[31.344437,30.107885],[31.344287,30.107932],[31.344251,30.107844]]]}},{"type":"Feature","properties":{},"geometry":{"type":"Polygon","coordinates":[[[31.345882,30.10377],[31.346032,30.104029],[31.345826,30.104119],[31.345676,30.10386],[31.345882,30.10377]]]}},{"type":"Feature","properties":{},"geometry":{"type":"Polygon","coordinates":[[[31.34772,30.105275],[31.347567,30.105486],[31.347439,30.105417],[31.347593,30.105206],[31.34772,30.105275]]]}},{"type":"Feature","properties":{},"geometry":{"type":"Polygon","coordinates":[[[31.350197,30.104125],[31.350274,30.104035],[31.350344,30.104079],[31.350358,30.104063],[31.350551,30.104186],[31.350452,30.104302],[31.350315,30.104214],[31.350396,30.104119],[31.350336,30.104082],[31.350263,30.104167],[31.350197,30.104125]]]}},{"type":"Feature","properties":{},"geometry":{"type":"Polygon","coordinates":[[[31.350232,30.098187],[31.350124,30.098382],[31.34999,30.098326],[31.350022,30.098269],[31.350045,30.098278],[31.350121,30.098141],[31.350232,30.098187]]]}},{"type":"Feature","properties":{},"geometry":{"type":"Polygon","coordinates":[[[31.331083,30.099669],[31.331146,30.099728],[31.331074,30.099785],[31.331011,30.099726],[31.331083,30.099669]]]}},{"type":"Feature","properties":{},"geometry":{"type":"Polygon","coordinates":[[[31.331211,30.091761],[31.331316,30.09172],[31.331413,30.091902],[31.331308,30.091944],[31.331211,30.091761]]]}},{"type":"Feature","properties":{},"geometry":{"type":"Polygon","coordinates":[[[31.332354,30.104827],[31.332464,30.104608],[31.332697,30.104696],[31.332587,30.104914],[31.332354,30.104827]]]}},{"type":"Feature","properties":{},"geometry":{"type":"Polygon","coordinates":[[[31.334373,30.102047],[31.334477,30.102092],[31.334454,30.102132],[31.334566,30.10218],[31.334491,30.10231],[31.334275,30.102217],[31.334373,30.102047]]]}},{"type":"Feature","properties":{},"geometry":{"type":"Polygon","coordinates":[[[31.334726,30.093287],[31.334869,30.093419],[31.334841,30.093441],[31.334867,30.093496],[31.334808,30.093543],[31.334713,30.093577],[31.334687,30.093598],[31.334644,30.093613],[31.334513,30.093489],[31.3345,30.093462],[31.334543,30.093427],[31.334566,30.093419],[31.334583,30.093455],[31.334637,30.093412],[31.334628,30.093392],[31.334698,30.093336],[31.334682,30.093302],[31.334726,30.093287]]]}},{"type":"Feature","properties":{},"geometry":{"type":"Polygon","coordinates":[[[31.336843,30.100463],[31.336799,30.100658],[31.336649,30.100633],[31.336693,30.100438],[31.336843,30.100463]]]}},{"type":"Feature","properties":{},"geometry":{"type":"Polygon","coordinates":[[[31.338926,30.095269],[31.339057,30.095178],[31.339256,30.095394],[31.339218,30.09542],[31.339248,30.095452],[31.33921,30.095478],[31.339181,30.095446],[31.339125,30.095485],[31.338926,30.095269]]]}},{"type":"Feature","properties":{},"geometry":{"type":"Polygon","coordinates":[[[31.342763,30.109213],[31.342829,30.109094],[31.342978,30.109156],[31.342952,30.109202],[31.342977,30.109213],[31.342938,30.109285],[31.342763,30.109213]]]}},{"type":"Feature","properties":{},"geometry":{"type":"Polygon","coordinates":[[[31.343423,30.09021],[31.343358,30.090244],[31.343336,30.090214],[31.343401,30.090179],[31.343423,30.09021]]]}},{"type":"Feature","properties":{},"geometry":{"type":"Polygon","coordinates":[[[31.354637,30.101341],[31.354786,30.101425],[31.354674,30.101575],[31.354524,30.101492],[31.354637,30.101341]]]}},{"type":"Feature","properties":{},"geometry":{"type":"Polygon","coordinates":[[[31.330203,30.09865],[31.330327,30.098784],[31.330143,30.098912],[31.330175,30.098947],[31.330091,30.099006],[31.329934,30.098838],[31.330203,30.09865]]]}},{"type":"Feature","properties":{},"geometry":{"type":"Polygon","coordinates":[[[31.330583,30.104312],[31.330457,30.104271],[31.33055,30.104061],[31.330675,30.104102],[31.330583,30.104312]]]}},{"type":"Feature","properties":{},"geometry":{"type":"Polygon","coordinates":[[[31.330712,30.107052],[31.330878,30.107203],[31.330807,30.107262],[31.33064,30.107111],[31.330712,30.107052]]]}},{"type":"Feature","properties":{},"geometry":{"type":"Polygon","coordinates":[[[31.330885,30.108592],[31.330778,30.108694],[31.330728,30.108655],[31.330835,30.108553],[31.330885,30.108592]]]}},{"type":"Feature","properties":{},"geometry":{"type":"Polygon","coordinates":[[[31.330963,30.097069],[31.330998,30.097109],[31.330934,30.097151],[31.330963,30.097184],[31.330922,30.097211],[31.330858,30.097138],[31.330963,30.097069]]]}},{"type":"Feature","properties":{},"geometry":{"type":"Polygon","coordinates":[[[31.331202,30.105418],[31.331244,30.105341],[31.331692,30.105526],[31.33165,30.105603],[31.331202,30.105418]]]}},{"type":"Feature","properties":{},"geometry":{"type":"Polygon","coordinates":[[[31.331478,30.101553],[31.331298,30.101652],[31.331186,30.1015],[31.331366,30.101401],[31.331478,30.101553]]]}},{"type":"Feature","properties":{},"geometry":{"type":"Polygon","coordinates":[[[31.331649,30.099451],[31.331782,30.099348],[31.331901,30.099462],[31.331768,30.099565],[31.331649,30.099451]]]}},{"type":"Feature","properties":{},"geometry":{"type":"Polygon","coordinates":[[[31.33201,30.090792],[31.331675,30.090919],[31.331611,30.090792],[31.331653,30.090776],[31.331679,30.090734],[31.331593,30.090766],[31.331526,30.090635],[31.331453,30.090602],[31.331429,30.090554],[31.331548,30.090509],[31.331586,30.090583],[31.33163,30.090603],[31.331653,30.090648],[31.331685,30.090596],[31.331977,30.090728],[31.33201,30.090792]]]}},{"type":"Feature","properties":{},"geometry":{"type":"Polygon","coordinates":[[[31.33494,30.108988],[31.335133,30.108919],[31.335244,30.109154],[31.335167,30.109182],[31.335181,30.109211],[31.335065,30.109252],[31.33494,30.108988]]]}},{"type":"Feature","properties":{},"geometry":{"type":"Polygon","coordinates":[[[31.335691,30.105248],[31.335576,30.105464],[31.335435,30.105408],[31.33555,30.105192],[31.335691,30.105248]]]}},{"type":"Feature","properties":{},"geometry":{"type":"Polygon","coordinates":[[[31.339765,30.098694],[31.339684,30.098813],[31.339595,30.098768],[31.3396,30.098761],[31.339429,30.098674],[31.339505,30.098562],[31.339765,30.098694]]]}},{"type":"Feature","properties":{},"geometry":{"type":"Polygon","coordinates":[[[31.342638,30.107498],[31.342445,30.107579],[31.342305,30.10733],[31.342457,30.107266],[31.342508,30.107358],[31.342549,30.10734],[31.342638,30.107498]]]}},{"type":"Feature","properties":{},"geometry":{"type":"Polygon","coordinates":[[[31.343736,30.109142],[31.343883,30.109202],[31.343815,30.109324],[31.343669,30.109264],[31.343736,30.109142]]]}},{"type":"Feature","properties":{},"geometry":{"type":"Polygon","coordinates":[[[31.344987,30.099993],[31.344657,30.100121],[31.344533,30.099882],[31.344862,30.099754],[31.344987,30.099993]]]}},{"type":"Feature","properties":{},"geometry":{"type":"Polygon","coordinates":[[[31.346781,30.1044],[31.346931,30.104342],[31.347034,30.10454],[31.34682,30.104624],[31.346723,30.104437],[31.346788,30.104412],[31.346781,30.1044]]]}},{"type":"Feature","properties":{},"geometry":{"type":"Polygon","coordinates":[[[31.348746,30.100113],[31.348996,30.100238],[31.348898,30.100384],[31.348648,30.100259],[31.348746,30.100113]]]}},{"type":"Feature","properties":{},"geometry":{"type":"Polygon","coordinates":[[[31.348813,30.099667],[31.348923,30.099524],[31.349049,30.099597],[31.348939,30.09974],[31.348813,30.099667]]]}},{"type":"Feature","properties":{},"geometry":{"type":"Polygon","coordinates":[[[31.350634,30.090453],[31.350719,30.090525],[31.350668,30.090569],[31.350583,30.090498],[31.350634,30.090453]]]}},{"type":"Feature","properties":{},"geometry":{"type":"Polygon","coordinates":[[[31.354679,30.106425],[31.354708,30.106368],[31.354772,30.106393],[31.354743,30.106449],[31.354679,30.106425]]]}},{"type":"Feature","properties":{},"geometry":{"type":"Polygon","coordinates":[[[31.330153,30.092176],[31.330199,30.092164],[31.330189,30.092136],[31.330294,30.09211],[31.330342,30.092251],[31.330191,30.092289],[31.330153,30.092176]]]}},{"type":"Feature","properties":{},"geometry":{"type":"Polygon","coordinates":[[[31.330528,30.100248],[31.330485,30.100269],[31.330443,30.100205],[31.330486,30.100184],[31.330528,30.100248]]]}},{"type":"Feature","properties":{},"geometry":{"type":"Polygon","coordinates":[[[31.331937,30.09309],[31.332054,30.093007],[31.332113,30.093069],[31.332278,30.092952],[31.33212,30.092786],[31.332226,30.092711],[31.332279,30.092767],[31.332383,30.092694],[31.332617,30.092941],[31.332479,30.093039],[31.332441,30.093],[31.332366,30.093054],[31.33239,30.093079],[31.332113,30.093276],[31.331937,30.09309]]]}},{"type":"Feature","properties":{},"geometry":{"type":"Polygon","coordinates":[[[31.332145,30.107728],[31.332103,30.107827],[31.33199,30.107791],[31.332032,30.107692],[31.332145,30.107728]]]}},{"type":"Feature","properties":{},"geometry":{"type":"Polygon","coordinates":[[[31.332783,30.106398],[31.332965,30.10646],[31.332848,30.106715],[31.332666,30.106652],[31.332783,30.106398]]]}},{"type":"Feature","properties":{},"geometry":{"type":"Polygon","coordinates":[[[31.332805,30.099597],[31.332738,30.099765],[31.332555,30.09971],[31.332607,30.099579],[31.332651,30.099592],[31.33266,30.09957],[31.332703,30.099583],[31.332709,30.099569],[31.332805,30.099597]]]}},{"type":"Feature","properties":{},"geometry":{"type":"Polygon","coordinates":[[[31.334561,30.098055],[31.334617,30.097877],[31.334817,30.097924],[31.33476,30.098102],[31.334561,30.098055]]]}},{"type":"Feature","properties":{},"geometry":{"type":"Polygon","coordinates":[[[31.334678,30.099371],[31.334709,30.099412],[31.334596,30.099477],[31.334564,30.099436],[31.334678,30.099371]]]}},{"type":"Feature","properties":{},"geometry":{"type":"Polygon","coordinates":[[[31.334846,30.102361],[31.334917,30.102301],[31.33511,30.102472],[31.335015,30.102552],[31.334944,30.102489],[31.334968,30.10247],[31.334846,30.102361]]]}},{"type":"Feature","properties":{},"geometry":{"type":"Polygon","coordinates":[[[31.336127,30.104819],[31.336156,30.104845],[31.336071,30.104916],[31.336042,30.10489],[31.336127,30.104819]]]}},{"type":"Feature","properties":{},"geometry":{"type":"Polygon","coordinates":[[[31.34285,30.103437],[31.342861,30.103437],[31.342872,30.103638],[31.342596,30.10365],[31.342589,30.103539],[31.34255,30.10354],[31.342535,30.103251],[31.342839,30.103238],[31.34285,30.103437]]]}},{"type":"Feature","properties":{},"geometry":{"type":"Polygon","coordinates":[[[31.345595,30.098929],[31.345737,30.098871],[31.345832,30.099045],[31.34569,30.099102],[31.345595,30.098929]]]}},{"type":"Feature","properties":{},"geometry":{"type":"Polygon","coordinates":[[[31.346154,30.094104],[31.346133,30.093938],[31.346281,30.093924],[31.346313,30.094183],[31.346202,30.094194],[31.34619,30.094101],[31.346154,30.094104]]]}},{"type":"Feature","properties":{},"geometry":{"type":"Polygon","coordinates":[[[31.33057,30.090483],[31.330412,30.090513],[31.330401,30.090466],[31.330469,30.090453],[31.330453,30.090391],[31.330543,30.090374],[31.33057,30.090483]]]}},{"type":"Feature","properties":{},"geometry":{"type":"Polygon","coordinates":[[[31.333069,30.105168],[31.332956,30.105382],[31.332762,30.105305],[31.332871,30.105089],[31.333069,30.105168]]]}},{"type":"Feature","properties":{},"geometry":{"type":"Polygon","coordinates":[[[31.335081,30.105754],[31.335241,30.105812],[31.335133,30.106035],[31.334973,30.105978],[31.335081,30.105754]]]}},{"type":"Feature","properties":{},"geometry":{"type":"Polygon","coordinates":[[[31.339997,30.095],[31.340026,30.094953],[31.340014,30.094948],[31.340064,30.094867],[31.340202,30.09493],[31.340124,30.095058],[31.339997,30.095]]]}},{"type":"Feature","properties":{},"geometry":{"type":"Polygon","coordinates":[[[31.340376,30.109365],[31.340299,30.109544],[31.340212,30.109516],[31.340202,30.109537],[31.340047,30.109487],[31.340134,30.109286],[31.340376,30.109365]]]}},{"type":"Feature","properties":{},"geometry":{"type":"Polygon","coordinates":[[[31.340435,30.105581],[31.340605,30.105518],[31.340658,30.105625],[31.340488,30.105688],[31.340435,30.105581]]]}},{"type":"Feature","properties":{},"geometry":{"type":"Polygon","coordinates":[[[31.340504,30.104725],[31.340422,30.104877],[31.340193,30.104785],[31.340276,30.104632],[31.340504,30.104725]]]}},{"type":"Feature","properties":{},"geometry":{"type":"Polygon","coordinates":[[[31.341673,30.103838],[31.34176,30.103684],[31.34175,30.10368],[31.341759,30.103662],[31.34193,30.103729],[31.341839,30.103903],[31.341673,30.103838]]]}},{"type":"Feature","properties":{},"geometry":{"type":"Polygon","coordinates":[[[31.341814,30.10596],[31.341631,30.106047],[31.341495,30.105833],[31.341679,30.105746],[31.341814,30.10596]]]}},{"type":"Feature","properties":{},"geometry":{"type":"Polygon","coordinates":[[[31.342014,30.10888],[31.342078,30.108765],[31.342229,30.108828],[31.342205,30.108871],[31.342225,30.108879],[31.342166,30.108985],[31.342118,30.108965],[31.342142,30.108922],[31.342092,30.108901],[31.342087,30.10891],[31.342014,30.10888]]]}},{"type":"Feature","properties":{},"geometry":{"type":"Polygon","coordinates":[[[31.346082,30.109614],[31.346045,30.109365],[31.346082,30.109361],[31.346244,30.109385],[31.346251,30.109436],[31.346216,30.109625],[31.346184,30.109628],[31.346082,30.109614]]]}},{"type":"Feature","properties":{},"geometry":{"type":"Polygon","coordinates":[[[31.346472,30.109762],[31.346575,30.109587],[31.346789,30.109681],[31.346686,30.109856],[31.346472,30.109762]]]}},{"type":"Feature","properties":{},"geometry":{"type":"Polygon","coordinates":[[[31.348292,30.107206],[31.348408,30.107038],[31.348529,30.1071],[31.348486,30.107174],[31.348565,30.107215],[31.348599,30.107166],[31.348617,30.107176],[31.348517,30.107322],[31.348292,30.107206]]]}},{"type":"Feature","properties":{},"geometry":{"type":"Polygon","coordinates":[[[31.348586,30.099609],[31.348733,30.099673],[31.348645,30.099823],[31.348498,30.099758],[31.348586,30.099609]]]}},{"type":"Feature","properties":{},"geometry":{"type":"Polygon","coordinates":[[[31.352724,30.101858],[31.353308,30.102159],[31.353267,30.102219],[31.352683,30.101918],[31.352724,30.101858]]]}},{"type":"Feature","properties":{},"geometry":{"type":"Polygon","coordinates":[[[31.353023,30.100016],[31.35361,30.100276],[31.353564,30.100354],[31.353719,30.100422],[31.353479,30.100829],[31.353387,30.100788],[31.353476,30.100638],[31.353323,30.10057],[31.353247,30.100699],[31.353169,30.100664],[31.353332,30.100388],[31.353296,30.100372],[31.353261,30.100432],[31.353277,30.100439],[31.35326,30.100468],[31.353115,30.100403],[31.353043,30.100524],[31.3529,30.100461],[31.352854,30.100538],[31.35305,30.100624],[31.352985,30.100735],[31.352527,30.100532],[31.352603,30.100404],[31.35282,30.1005],[31.352869,30.100417],[31.35278,30.100377],[31.352877,30.100213],[31.35279,30.100174],[31.352842,30.100087],[31.352952,30.100136],[31.353023,30.100016]]]}},{"type":"Feature","properties":{},"geometry":{"type":"Polygon","coordinates":[[[31.33255,30.094972],[31.332657,30.09489],[31.33278,30.095011],[31.332632,30.095124],[31.332527,30.095021],[31.332568,30.094989],[31.33255,30.094972]]]}},{"type":"Feature","properties":{},"geometry":{"type":"Polygon","coordinates":[[[31.333125,30.108107],[31.333109,30.108196],[31.332968,30.108177],[31.332984,30.108088],[31.333125,30.108107]]]}},{"type":"Feature","properties":{},"geometry":{"type":"Polygon","coordinates":[[[31.333747,30.093999],[31.333936,30.094176],[31.333875,30.094225],[31.333892,30.094241],[31.333827,30.094293],[31.333621,30.0941],[31.333747,30.093999]]]}},{"type":"Feature","properties":{},"geometry":{"type":"Polygon","coordinates":[[[31.334116,30.101616],[31.334286,30.101766],[31.334158,30.101875],[31.334165,30.10188],[31.334027,30.101997],[31.333865,30.101854],[31.33399,30.101749],[31.334017,30.101773],[31.334048,30.101746],[31.334006,30.101709],[31.334116,30.101616]]]}},{"type":"Feature","properties":{},"geometry":{"type":"Polygon","coordinates":[[[31.339646,30.101406],[31.339838,30.101436],[31.340052,30.10157],[31.340008,30.101779],[31.339998,30.101791],[31.340068,30.101835],[31.340019,30.101893],[31.340004,30.101965],[31.339829,30.101938],[31.339897,30.101981],[31.339943,30.101988],[31.339929,30.102057],[31.339636,30.102011],[31.339653,30.101929],[31.33969,30.101935],[31.339563,30.101855],[31.339577,30.101791],[31.339527,30.10176],[31.339537,30.101711],[31.339597,30.101639],[31.339646,30.101406]]]}},{"type":"Feature","properties":{},"geometry":{"type":"Polygon","coordinates":[[[31.340823,30.101993],[31.340864,30.101937],[31.340904,30.101959],[31.340942,30.101907],[31.340881,30.101874],[31.340908,30.101836],[31.341201,30.101997],[31.341094,30.102142],[31.340823,30.101993]]]}},{"type":"Feature","properties":{},"geometry":{"type":"Polygon","coordinates":[[[31.343348,30.098388],[31.343355,30.098331],[31.343415,30.098336],[31.343408,30.098394],[31.343348,30.098388]]]}},{"type":"Feature","properties":{},"geometry":{"type":"Polygon","coordinates":[[[31.343884,30.102528],[31.34394,30.102528],[31.34394,30.102586],[31.343884,30.102586],[31.343884,30.102528]]]}},{"type":"Feature","properties":{},"geometry":{"type":"Polygon","coordinates":[[[31.348968,30.090816],[31.349288,30.090506],[31.349705,30.090827],[31.349385,30.091138],[31.348968,30.090816]]]}},{"type":"Feature","properties":{},"geometry":{"type":"Polygon","coordinates":[[[31.349345,30.108479],[31.349281,30.108569],[31.349228,30.108541],[31.349292,30.108451],[31.349345,30.108479]]]}},{"type":"Feature","properties":{},"geometry":{"type":"Polygon","coordinates":[[[31.331948,30.094722],[31.332057,30.094647],[31.332209,30.094814],[31.332181,30.094833],[31.332172,30.094824],[31.332092,30.094879],[31.331948,30.094722]]]}},{"type":"Feature","properties":{},"geometry":{"type":"Polygon","coordinates":[[[31.331957,30.099084],[31.331797,30.099195],[31.331745,30.099138],[31.331905,30.099027],[31.331957,30.099084]]]}},{"type":"Feature","properties":{},"geometry":{"type":"Polygon","coordinates":[[[31.333164,30.102137],[31.333264,30.102056],[31.333468,30.102241],[31.333369,30.102323],[31.333164,30.102137]]]}},{"type":"Feature","properties":{},"geometry":{"type":"Polygon","coordinates":[[[31.333343,30.097323],[31.333415,30.097142],[31.333627,30.097205],[31.333556,30.097386],[31.333343,30.097323]]]}},{"type":"Feature","properties":{},"geometry":{"type":"Polygon","coordinates":[[[31.338122,30.091093],[31.338007,30.091285],[31.337843,30.091211],[31.337905,30.091109],[31.337859,30.091088],[31.337913,30.090999],[31.338122,30.091093]]]}},{"type":"Feature","properties":{},"geometry":{"type":"Polygon","coordinates":[[[31.339064,30.11002],[31.338845,30.110029],[31.338837,30.109895],[31.339056,30.109885],[31.339064,30.11002]]]}},{"type":"Feature","properties":{},"geometry":{"type":"Polygon","coordinates":[[[31.339967,30.104549],[31.339995,30.104479],[31.34023,30.10455],[31.340194,30.104638],[31.340162,30.104628],[31.340149,30.10466],[31.339911,30.104588],[31.339931,30.104538],[31.339967,30.104549]]]}},{"type":"Feature","properties":{},"geometry":{"type":"Polygon","coordinates":[[[31.340142,30.091581],[31.340122,30.091588],[31.340141,30.091631],[31.339991,30.091683],[31.33993,30.091551],[31.339974,30.091535],[31.339948,30.091479],[31.340005,30.091459],[31.340031,30.091515],[31.3401,30.091491],[31.340142,30.091581]]]}},{"type":"Feature","properties":{},"geometry":{"type":"Polygon","coordinates":[[[31.340342,30.109574],[31.340409,30.109396],[31.340558,30.109437],[31.340492,30.109616],[31.340342,30.109574]]]}},{"type":"Feature","properties":{},"geometry":{"type":"Polygon","coordinates":[[[31.342057,30.091443],[31.3421,30.091378],[31.342292,30.091472],[31.342315,30.091437],[31.342465,30.091511],[31.342423,30.091574],[31.342625,30.091673],[31.342587,30.091731],[31.342355,30.091617],[31.342346,30.091631],[31.34225,30.091584],[31.342273,30.091549],[31.342057,30.091443]]]}},{"type":"Feature","properties":{},"geometry":{"type":"Polygon","coordinates":[[[31.342742,30.093357],[31.342765,30.093291],[31.342809,30.093303],[31.342786,30.093368],[31.342742,30.093357]]]}},{"type":"Feature","properties":{},"geometry":{"type":"Polygon","coordinates":[[[31.344924,30.091934],[31.344771,30.092142],[31.344622,30.09206],[31.344664,30.092003],[31.344561,30.091947],[31.344672,30.091796],[31.344924,30.091934]]]}},{"type":"Feature","properties":{},"geometry":{"type":"Polygon","coordinates":[[[31.34709,30.098806],[31.347187,30.09877],[31.347235,30.098869],[31.347257,30.098861],[31.347328,30.099006],[31.347209,30.09905],[31.34709,30.098806]]]}},{"type":"Feature","properties":{},"geometry":{"type":"Polygon","coordinates":[[[31.353676,30.09913],[31.353944,30.099275],[31.353906,30.099329],[31.353638,30.099184],[31.353676,30.09913]]]}},{"type":"Feature","properties":{},"geometry":{"type":"Polygon","coordinates":[[[31.33152,30.103412],[31.331621,30.103456],[31.331509,30.103644],[31.331409,30.103599],[31.33152,30.103412]]]}},{"type":"Feature","properties":{},"geometry":{"type":"Polygon","coordinates":[[[31.334386,30.094864],[31.334273,30.09495],[31.334116,30.094798],[31.334229,30.094711],[31.334386,30.094864]]]}},{"type":"Feature","properties":{},"geometry":{"type":"Polygon","coordinates":[[[31.336353,30.097878],[31.336294,30.097791],[31.336371,30.097752],[31.336364,30.097742],[31.336508,30.097669],[31.336532,30.097706],[31.336585,30.097679],[31.336626,30.09774],[31.336353,30.097878]]]}},{"type":"Feature","properties":{},"geometry":{"type":"Polygon","coordinates":[[[31.338772,30.095106],[31.338802,30.095087],[31.338766,30.095045],[31.338813,30.095015],[31.338946,30.095172],[31.338969,30.095157],[31.339,30.095193],[31.338901,30.095257],[31.338772,30.095106]]]}},{"type":"Feature","properties":{},"geometry":{"type":"Polygon","coordinates":[[[31.339188,30.109111],[31.339339,30.109174],[31.339236,30.109359],[31.339085,30.109296],[31.339188,30.109111]]]}},{"type":"Feature","properties":{},"geometry":{"type":"Polygon","coordinates":[[[31.339658,30.109547],[31.339736,30.109397],[31.339879,30.109452],[31.3398,30.109603],[31.339658,30.109547]]]}},{"type":"Feature","properties":{},"geometry":{"type":"Polygon","coordinates":[[[31.344625,30.091439],[31.344519,30.091619],[31.344415,30.091573],[31.344521,30.091393],[31.344625,30.091439]]]}},{"type":"Feature","properties":{},"geometry":{"type":"Polygon","coordinates":[[[31.346671,30.101586],[31.34686,30.101336],[31.346982,30.101405],[31.346793,30.101655],[31.346671,30.101586]]]}},{"type":"Feature","properties":{},"geometry":{"type":"Polygon","coordinates":[[[31.346686,30.107385],[31.346814,30.107194],[31.346822,30.107198],[31.346854,30.10715],[31.346892,30.107169],[31.346896,30.107163],[31.346974,30.107203],[31.346809,30.107447],[31.346686,30.107385]]]}},{"type":"Feature","properties":{},"geometry":{"type":"Polygon","coordinates":[[[31.348471,30.100599],[31.348378,30.100747],[31.348129,30.100631],[31.348222,30.100483],[31.348471,30.100599]]]}},{"type":"Feature","properties":{},"geometry":{"type":"Polygon","coordinates":[[[31.350502,30.097466],[31.350471,30.097542],[31.35039,30.097517],[31.350421,30.097441],[31.350502,30.097466]]]}},{"type":"Feature","properties":{},"geometry":{"type":"Polygon","coordinates":[[[31.351031,30.090956],[31.350767,30.091219],[31.350691,30.091161],[31.35077,30.091082],[31.350662,30.091],[31.350769,30.090893],[31.350901,30.090992],[31.350933,30.09096],[31.350914,30.090946],[31.350959,30.090902],[31.351031,30.090956]]]}},{"type":"Feature","properties":{},"geometry":{"type":"Polygon","coordinates":[[[31.351165,30.102072],[31.350894,30.101938],[31.350934,30.101877],[31.351206,30.102011],[31.351165,30.102072]]]}},{"type":"Feature","properties":{},"geometry":{"type":"Polygon","coordinates":[[[31.351938,30.107023],[31.352005,30.106918],[31.35206,30.106945],[31.351993,30.107049],[31.351938,30.107023]]]}},{"type":"Feature","properties":{},"geometry":{"type":"Polygon","coordinates":[[[31.35449,30.10072],[31.354388,30.100894],[31.354098,30.100767],[31.354132,30.10071],[31.353996,30.10065],[31.354064,30.100533],[31.35449,30.10072]]]}},{"type":"Feature","properties":{},"geometry":{"type":"Polygon","coordinates":[[[31.33124,30.109891],[31.331044,30.109962],[31.330955,30.10978],[31.33108,30.109734],[31.3311,30.109775],[31.33117,30.109749],[31.33124,30.109891]]]}},{"type":"Feature","properties":{},"geometry":{"type":"Polygon","coordinates":[[[31.331603,30.092362],[31.331723,30.092286],[31.331763,30.092333],[31.331642,30.092409],[31.331603,30.092362]]]}},{"type":"Feature","properties":{},"geometry":{"type":"Polygon","coordinates":[[[31.33223,30.091392],[31.332164,30.091443],[31.332125,30.091406],[31.332074,30.091447],[31.332001,30.091377],[31.332118,30.091285],[31.33223,30.091392]]]}},{"type":"Feature","properties":{},"geometry":{"type":"Polygon","coordinates":[[[31.339345,30.105031],[31.339278,30.105154],[31.33902,30.105049],[31.339088,30.104925],[31.339345,30.105031]]]}},{"type":"Feature","properties":{},"geometry":{"type":"Polygon","coordinates":[[[31.339656,30.108028],[31.339868,30.108097],[31.339859,30.108116],[31.339937,30.108141],[31.339886,30.10826],[31.339915,30.10827],[31.339834,30.108456],[31.339674,30.108404],[31.339752,30.108223],[31.339594,30.108172],[31.339656,30.108028]]]}},{"type":"Feature","properties":{},"geometry":{"type":"Polygon","coordinates":[[[31.341476,30.107342],[31.341638,30.10728],[31.341734,30.107467],[31.341571,30.107529],[31.341476,30.107342]]]}},{"type":"Feature","properties":{},"geometry":{"type":"Polygon","coordinates":[[[31.341731,30.108153],[31.341601,30.108208],[31.341512,30.108047],[31.341552,30.10803],[31.341404,30.107765],[31.34155,30.107705],[31.341695,30.107963],[31.341638,30.107987],[31.341731,30.108153]]]}},{"type":"Feature","properties":{},"geometry":{"type":"Polygon","coordinates":[[[31.342812,30.105543],[31.342623,30.105614],[31.342501,30.105372],[31.34269,30.105301],[31.342812,30.105543]]]}},{"type":"Feature","properties":{},"geometry":{"type":"Polygon","coordinates":[[[31.346398,30.091654],[31.346452,30.091801],[31.346319,30.091839],[31.34628,30.091736],[31.346299,30.091731],[31.346282,30.091686],[31.346398,30.091654]]]}},{"type":"Feature","properties":{},"geometry":{"type":"Polygon","coordinates":[[[31.353477,30.108747],[31.353552,30.108649],[31.353587,30.108669],[31.35367,30.108561],[31.353648,30.108549],[31.353695,30.108487],[31.354303,30.108836],[31.354232,30.108928],[31.354194,30.108906],[31.354104,30.109024],[31.354124,30.109036],[31.35408,30.109094],[31.353477,30.108747]]]}},{"type":"Feature","properties":{},"geometry":{"type":"Polygon","coordinates":[[[31.329961,30.105809],[31.330013,30.105759],[31.330056,30.105792],[31.330004,30.105843],[31.329961,30.105809]]]}},{"type":"Feature","properties":{},"geometry":{"type":"Polygon","coordinates":[[[31.333003,30.095505],[31.333208,30.095356],[31.333493,30.095649],[31.333288,30.095798],[31.333003,30.095505]]]}},{"type":"Feature","properties":{},"geometry":{"type":"Polygon","coordinates":[[[31.333122,30.094923],[31.333237,30.095033],[31.333281,30.095017],[31.333299,30.095056],[31.333326,30.095047],[31.333363,30.095082],[31.33338,30.095119],[31.333458,30.095194],[31.333412,30.09523],[31.333374,30.095195],[31.333402,30.095254],[31.333307,30.095333],[31.333238,30.095267],[31.333176,30.095315],[31.333084,30.095227],[31.333059,30.095173],[31.333094,30.095146],[31.332963,30.095021],[31.333004,30.095007],[31.332996,30.094991],[31.333015,30.094985],[31.333071,30.09494],[31.333122,30.094923]]]}},{"type":"Feature","properties":{},"geometry":{"type":"Polygon","coordinates":[[[31.34165,30.094599],[31.341684,30.094539],[31.341649,30.094524],[31.341702,30.094431],[31.341823,30.094484],[31.341811,30.094506],[31.341871,30.094532],[31.341838,30.094588],[31.341873,30.094603],[31.34183,30.094677],[31.34165,30.094599]]]}},{"type":"Feature","properties":{},"geometry":{"type":"Polygon","coordinates":[[[31.34165,30.092716],[31.341657,30.092791],[31.341598,30.092795],[31.341591,30.09272],[31.34165,30.092716]]]}},{"type":"Feature","properties":{},"geometry":{"type":"Polygon","coordinates":[[[31.343394,30.107951],[31.343222,30.107986],[31.343184,30.10785],[31.343357,30.107815],[31.343394,30.107951]]]}},{"type":"Feature","properties":{},"geometry":{"type":"Polygon","coordinates":[[[31.333131,30.099458],[31.332951,30.09938],[31.333021,30.09926],[31.333201,30.099338],[31.333131,30.099458]]]}},{"type":"Feature","properties":{},"geometry":{"type":"Polygon","coordinates":[[[31.333789,30.103213],[31.333732,30.103257],[31.333665,30.103193],[31.333722,30.103149],[31.333789,30.103213]]]}},{"type":"Feature","properties":{},"geometry":{"type":"Polygon","coordinates":[[[31.334615,30.103422],[31.334658,30.103384],[31.334723,30.103441],[31.334603,30.103543],[31.334262,30.103244],[31.334339,30.103179],[31.334615,30.103422]]]}},{"type":"Feature","properties":{},"geometry":{"type":"Polygon","coordinates":[[[31.335188,30.108818],[31.335061,30.108871],[31.334942,30.108656],[31.335069,30.108603],[31.335188,30.108818]]]}},{"type":"Feature","properties":{},"geometry":{"type":"Polygon","coordinates":[[[31.335718,30.109573],[31.335852,30.109516],[31.335972,30.10973],[31.335838,30.109786],[31.335718,30.109573]]]}},{"type":"Feature","properties":{},"geometry":{"type":"Polygon","coordinates":[[[31.33599,30.096459],[31.336132,30.096538],[31.33611,30.096599],[31.336026,30.096575],[31.336108,30.096623],[31.336074,30.096715],[31.336152,30.096614],[31.336162,30.096588],[31.336184,30.096594],[31.336236,30.096624],[31.336257,30.096597],[31.336302,30.096609],[31.336241,30.096771],[31.336249,30.096776],[31.336218,30.09686],[31.336076,30.09682],[31.336034,30.096796],[31.336008,30.096788],[31.335893,30.096721],[31.33599,30.096459]]]}},{"type":"Feature","properties":{},"geometry":{"type":"Polygon","coordinates":[[[31.340795,30.09387],[31.34069,30.094036],[31.340409,30.093902],[31.34049,30.093774],[31.340553,30.093804],[31.340577,30.093766],[31.340795,30.09387]]]}},{"type":"Feature","properties":{},"geometry":{"type":"Polygon","coordinates":[[[31.342928,30.106624],[31.343074,30.10688],[31.342966,30.106926],[31.342863,30.106745],[31.342839,30.106755],[31.342797,30.10668],[31.342928,30.106624]]]}},{"type":"Feature","properties":{},"geometry":{"type":"Polygon","coordinates":[[[31.342994,30.108081],[31.343153,30.10806],[31.343173,30.108181],[31.343015,30.108202],[31.342994,30.108081]]]}},{"type":"Feature","properties":{},"geometry":{"type":"Polygon","coordinates":[[[31.344504,30.092818],[31.344526,30.092772],[31.344611,30.092803],[31.344589,30.092848],[31.344504,30.092818]]]}},{"type":"Feature","properties":{},"geometry":{"type":"Polygon","coordinates":[[[31.345405,30.108473],[31.345456,30.108659],[31.345463,30.108658],[31.345498,30.108783],[31.34549,30.108785],[31.345502,30.108829],[31.345393,30.108851],[31.345427,30.108976],[31.345605,30.10894],[31.345641,30.109072],[31.345339,30.109134],[31.345171,30.108521],[31.345405,30.108473]]]}},{"type":"Feature","properties":{},"geometry":{"type":"Polygon","coordinates":[[[31.345573,30.094203],[31.345645,30.094337],[31.345523,30.094386],[31.345452,30.094252],[31.345573,30.094203]]]}},{"type":"Feature","properties":{},"geometry":{"type":"Polygon","coordinates":[[[31.346288,30.10537],[31.346491,30.105288],[31.346586,30.105465],[31.346382,30.105547],[31.346288,30.10537]]]}},{"type":"Feature","properties":{},"geometry":{"type":"Polygon","coordinates":[[[31.346733,30.090243],[31.346886,30.090205],[31.346935,30.090353],[31.346782,30.090391],[31.346733,30.090243]]]}},{"type":"Feature","properties":{},"geometry":{"type":"Polygon","coordinates":[[[31.354457,30.107598],[31.354533,30.1075],[31.354404,30.107424],[31.354493,30.10731],[31.354637,30.107394],[31.354708,30.107303],[31.355238,30.107612],[31.355198,30.107663],[31.355263,30.1077],[31.355066,30.107953],[31.354457,30.107598]]]}},{"type":"Feature","properties":{},"geometry":{"type":"Polygon","coordinates":[[[31.354982,30.103113],[31.354979,30.103044],[31.355062,30.103042],[31.355066,30.103127],[31.355087,30.103126],[31.355089,30.103168],[31.355019,30.10317],[31.355017,30.103112],[31.354982,30.103113]]]}},{"type":"Feature","properties":{},"geometry":{"type":"Polygon","coordinates":[[[31.33024,30.103027],[31.33039,30.103245],[31.330207,30.103339],[31.330014,30.103264],[31.329971,30.103202],[31.329991,30.103163],[31.330042,30.103136],[31.330057,30.103108],[31.33011,30.10308],[31.330189,30.103195],[31.330245,30.103166],[31.33018,30.103072],[31.33019,30.103053],[31.33024,30.103027]]]}},{"type":"Feature","properties":{},"geometry":{"type":"Polygon","coordinates":[[[31.331496,30.103689],[31.331399,30.103889],[31.331227,30.103827],[31.331323,30.103626],[31.331496,30.103689]]]}},{"type":"Feature","properties":{},"geometry":{"type":"Polygon","coordinates":[[[31.331904,30.103829],[31.33199,30.103643],[31.33228,30.103744],[31.332221,30.103871],[31.332165,30.103851],[31.332176,30.103828],[31.332128,30.103811],[31.332089,30.103893],[31.331904,30.103829]]]}},{"type":"Feature","properties":{},"geometry":{"type":"Polygon","coordinates":[[[31.33236,30.108865],[31.332215,30.108489],[31.332216,30.108459],[31.332273,30.108443],[31.332175,30.108441],[31.332178,30.108334],[31.33233,30.108337],[31.332477,30.108728],[31.332458,30.108733],[31.332504,30.108855],[31.332435,30.108874],[31.332425,30.108847],[31.33236,30.108865]]]}},{"type":"Feature","properties":{},"geometry":{"type":"Polygon","coordinates":[[[31.337557,30.095542],[31.33759,30.095521],[31.337566,30.095492],[31.3376,30.095471],[31.33757,30.095435],[31.337687,30.095361],[31.337833,30.095532],[31.33765,30.09565],[31.337557,30.095542]]]}},{"type":"Feature","properties":{},"geometry":{"type":"Polygon","coordinates":[[[31.337608,30.090066],[31.33754,30.090165],[31.337392,30.090089],[31.337436,30.090026],[31.33735,30.089982],[31.337374,30.089946],[31.337608,30.090066]]]}},{"type":"Feature","properties":{},"geometry":{"type":"Polygon","coordinates":[[[31.339085,30.095641],[31.339209,30.095581],[31.339277,30.095685],[31.339153,30.095745],[31.339085,30.095641]]]}},{"type":"Feature","properties":{},"geometry":{"type":"Polygon","coordinates":[[[31.33943,30.101101],[31.339233,30.101071],[31.339271,30.100884],[31.339468,30.100913],[31.33943,30.101101]]]}},{"type":"Feature","properties":{},"geometry":{"type":"Polygon","coordinates":[[[31.340049,30.092264],[31.340217,30.092411],[31.340079,30.092528],[31.339911,30.092381],[31.340049,30.092264]]]}},{"type":"Feature","properties":{},"geometry":{"type":"Polygon","coordinates":[[[31.340797,30.10084],[31.340668,30.100889],[31.340544,30.100644],[31.340573,30.100633],[31.340586,30.100659],[31.340686,30.100621],[31.340797,30.10084]]]}},{"type":"Feature","properties":{},"geometry":{"type":"Polygon","coordinates":[[[31.347794,30.092706],[31.347156,30.093061],[31.347077,30.092956],[31.347715,30.092601],[31.347794,30.092706]]]}},{"type":"Feature","properties":{},"geometry":{"type":"Polygon","coordinates":[[[31.355768,30.103386],[31.355515,30.10404],[31.355318,30.103885],[31.355552,30.103661],[31.355365,30.103607],[31.355095,30.103865],[31.354947,30.103384],[31.354763,30.103859],[31.354452,30.103615],[31.354837,30.10325],[31.354506,30.103154],[31.354419,30.103378],[31.354223,30.103321],[31.354456,30.103099],[31.354256,30.102941],[31.354134,30.103256],[31.35395,30.103111],[31.354193,30.102879],[31.35409,30.102798],[31.354265,30.102758],[31.354332,30.102586],[31.354503,30.102721],[31.354317,30.102898],[31.354591,30.102978],[31.354769,30.102808],[31.354902,30.102913],[31.354815,30.103139],[31.355162,30.10324],[31.355222,30.103084],[31.355407,30.10323],[31.355345,30.103391],[31.355448,30.103293],[31.355768,30.103386]]]}},{"type":"Feature","properties":{},"geometry":{"type":"Polygon","coordinates":[[[31.33021,30.090636],[31.330141,30.09066],[31.330116,30.090606],[31.330186,30.090582],[31.33021,30.090636]]]}},{"type":"Feature","properties":{},"geometry":{"type":"Polygon","coordinates":[[[31.330417,30.0958],[31.330214,30.095928],[31.330138,30.095838],[31.330129,30.095843],[31.330052,30.095753],[31.330114,30.095714],[31.330079,30.095672],[31.330217,30.095585],[31.330292,30.095674],[31.330276,30.095684],[31.330308,30.095723],[31.330336,30.095705],[31.330417,30.0958]]]}},{"type":"Feature","properties":{},"geometry":{"type":"Polygon","coordinates":[[[31.333009,30.099161],[31.333004,30.099259],[31.332972,30.099258],[31.332971,30.099283],[31.332859,30.099279],[31.332864,30.099157],[31.333009,30.099161]]]}},{"type":"Feature","properties":{},"geometry":{"type":"Polygon","coordinates":[[[31.336759,30.107757],[31.336968,30.107837],[31.336864,30.108041],[31.337018,30.1081],[31.337124,30.108283],[31.337029,30.108324],[31.337033,30.108331],[31.336951,30.108367],[31.336923,30.108356],[31.336829,30.108192],[31.336777,30.108173],[31.336745,30.108117],[31.336713,30.108105],[31.336726,30.108079],[31.336616,30.108037],[31.336759,30.107757]]]}},{"type":"Feature","properties":{},"geometry":{"type":"Polygon","coordinates":[[[31.336848,30.099878],[31.336828,30.099892],[31.336807,30.099869],[31.336888,30.099813],[31.336916,30.099844],[31.337017,30.099775],[31.337054,30.099816],[31.336892,30.099926],[31.336848,30.099878]]]}},{"type":"Feature","properties":{},"geometry":{"type":"Polygon","coordinates":[[[31.336917,30.097708],[31.337,30.097669],[31.337117,30.097854],[31.337034,30.097894],[31.336917,30.097708]]]}},{"type":"Feature","properties":{},"geometry":{"type":"Polygon","coordinates":[[[31.336961,30.098094],[31.336928,30.098104],[31.336897,30.09803],[31.337014,30.097994],[31.337089,30.098177],[31.337006,30.098203],[31.336961,30.098094]]]}},{"type":"Feature","properties":{},"geometry":{"type":"Polygon","coordinates":[[[31.341373,30.100961],[31.341248,30.100993],[31.341204,30.100972],[31.341198,30.100954],[31.341173,30.100968],[31.341204,30.101058],[31.341014,30.101107],[31.340939,30.101071],[31.340874,30.100881],[31.340884,30.100864],[31.340932,30.100835],[31.340998,30.100867],[31.34102,30.100833],[31.341056,30.10081],[31.341094,30.100857],[31.341119,30.100929],[31.341161,30.100918],[31.341131,30.100829],[31.341173,30.100819],[31.34111,30.100636],[31.341034,30.100656],[31.341017,30.100635],[31.340995,30.10057],[31.340975,30.100561],[31.340861,30.100422],[31.340911,30.100409],[31.340929,30.100381],[31.341014,30.100359],[31.341154,30.100426],[31.341251,30.100545],[31.341387,30.100938],[31.341373,30.100961]]]}},{"type":"Feature","properties":{},"geometry":{"type":"Polygon","coordinates":[[[31.342273,30.106483],[31.342477,30.106404],[31.342648,30.106734],[31.342444,30.106813],[31.342273,30.106483]]]}},{"type":"Feature","properties":{},"geometry":{"type":"Polygon","coordinates":[[[31.34266,30.091754],[31.34263,30.091834],[31.342584,30.091821],[31.342614,30.091741],[31.34266,30.091754]]]}},{"type":"Feature","properties":{},"geometry":{"type":"Polygon","coordinates":[[[31.343185,30.102593],[31.343079,30.102602],[31.343067,30.102576],[31.343002,30.102581],[31.342986,30.102617],[31.34289,30.102625],[31.342876,30.102495],[31.342893,30.102489],[31.342879,30.102358],[31.342835,30.102265],[31.342841,30.102253],[31.342828,30.102136],[31.342758,30.102141],[31.342749,30.10206],[31.342721,30.10205],[31.342675,30.101944],[31.342663,30.101791],[31.3428,30.101781],[31.342811,30.101757],[31.342798,30.101758],[31.342897,30.101724],[31.343053,30.101778],[31.343071,30.101947],[31.343086,30.101946],[31.343101,30.102092],[31.343035,30.102115],[31.343093,30.102135],[31.343096,30.102171],[31.343154,30.102295],[31.343185,30.102593]]]}},{"type":"Feature","properties":{},"geometry":{"type":"Polygon","coordinates":[[[31.344201,30.091242],[31.344302,30.091297],[31.344239,30.091384],[31.344138,30.091329],[31.344201,30.091242]]]}},{"type":"Feature","properties":{},"geometry":{"type":"Polygon","coordinates":[[[31.345324,30.100874],[31.345295,30.100918],[31.345339,30.10094],[31.345201,30.101149],[31.345023,30.10106],[31.345033,30.101045],[31.344973,30.101015],[31.34513,30.100778],[31.345324,30.100874]]]}},{"type":"Feature","properties":{},"geometry":{"type":"Polygon","coordinates":[[[31.346151,30.091416],[31.346007,30.09145],[31.34596,30.091301],[31.346119,30.091264],[31.346148,30.091354],[31.346133,30.091358],[31.346151,30.091416]]]}},{"type":"Feature","properties":{},"geometry":{"type":"Polygon","coordinates":[[[31.347656,30.101177],[31.34747,30.101431],[31.347316,30.101347],[31.347502,30.101093],[31.347656,30.101177]]]}},{"type":"Feature","properties":{},"geometry":{"type":"Polygon","coordinates":[[[31.347742,30.102191],[31.347929,30.101935],[31.348072,30.102013],[31.347885,30.102269],[31.347742,30.102191]]]}},{"type":"Feature","properties":{},"geometry":{"type":"Polygon","coordinates":[[[31.348204,30.090713],[31.347996,30.090669],[31.348011,30.090616],[31.348066,30.090628],[31.348093,30.090531],[31.34814,30.090541],[31.348143,30.090531],[31.348105,30.090523],[31.34817,30.090295],[31.348314,30.090326],[31.348204,30.090713]]]}},{"type":"Feature","properties":{},"geometry":{"type":"Polygon","coordinates":[[[31.349183,30.105232],[31.349054,30.105457],[31.348793,30.105346],[31.348927,30.105123],[31.349183,30.105232]]]}},{"type":"Feature","properties":{},"geometry":{"type":"Polygon","coordinates":[[[31.349386,30.098846],[31.349596,30.09852],[31.349887,30.09866],[31.349676,30.098986],[31.349386,30.098846]]]}},{"type":"Feature","properties":{},"geometry":{"type":"Polygon","coordinates":[[[31.330485,30.109203],[31.330601,30.109086],[31.330749,30.109196],[31.330633,30.109313],[31.330485,30.109203]]]}},{"type":"Feature","properties":{},"geometry":{"type":"Polygon","coordinates":[[[31.330774,30.107298],[31.330689,30.107373],[31.330485,30.107201],[31.33057,30.107125],[31.330774,30.107298]]]}},{"type":"Feature","properties":{},"geometry":{"type":"Polygon","coordinates":[[[31.33139,30.095153],[31.331609,30.095075],[31.331661,30.095094],[31.331624,30.095016],[31.33172,30.094928],[31.331842,30.095028],[31.33178,30.095084],[31.331802,30.09513],[31.331883,30.095101],[31.331994,30.095191],[31.331981,30.095216],[31.332007,30.095207],[31.332042,30.095235],[31.331987,30.095285],[31.33194,30.095268],[31.331998,30.095315],[31.331975,30.09536],[31.33201,30.095373],[31.332043,30.095342],[31.332058,30.095355],[31.332022,30.095428],[31.332097,30.095359],[31.332201,30.095397],[31.332167,30.095464],[31.332068,30.095555],[31.331887,30.095487],[31.331911,30.095437],[31.33185,30.095459],[31.331632,30.095378],[31.331646,30.09535],[31.331586,30.095301],[31.331479,30.095339],[31.33139,30.095153]]]}},{"type":"Feature","properties":{},"geometry":{"type":"Polygon","coordinates":[[[31.331465,30.100189],[31.33154,30.100092],[31.331573,30.10007],[31.331704,30.100147],[31.332029,30.100491],[31.331871,30.100601],[31.331734,30.100455],[31.331766,30.100413],[31.331724,30.100369],[31.331689,30.100348],[31.331706,30.100326],[31.331716,30.100332],[31.331668,30.100281],[31.331591,30.100236],[31.331541,30.10027],[31.331465,30.100189]]]}},{"type":"Feature","properties":{},"geometry":{"type":"Polygon","coordinates":[[[31.331979,30.091894],[31.332165,30.091799],[31.332369,30.092096],[31.332194,30.092185],[31.332139,30.092105],[31.332247,30.092049],[31.332193,30.09197],[31.332133,30.092001],[31.332095,30.091945],[31.332034,30.091976],[31.331979,30.091894]]]}},{"type":"Feature","properties":{},"geometry":{"type":"Polygon","coordinates":[[[31.332577,30.106258],[31.332734,30.105964],[31.333002,30.106071],[31.332998,30.10608],[31.333079,30.106112],[31.33293,30.106391],[31.332717,30.106306],[31.332714,30.106313],[31.332577,30.106258]]]}},{"type":"Feature","properties":{},"geometry":{"type":"Polygon","coordinates":[[[31.333169,30.09634],[31.3332,30.096253],[31.333307,30.096282],[31.333276,30.096369],[31.333169,30.09634]]]}},{"type":"Feature","properties":{},"geometry":{"type":"Polygon","coordinates":[[[31.333945,30.093423],[31.333838,30.093511],[31.333708,30.093394],[31.333815,30.093305],[31.333945,30.093423]]]}},{"type":"Feature","properties":{},"geometry":{"type":"Polygon","coordinates":[[[31.33408,30.098861],[31.333988,30.098841],[31.333979,30.098873],[31.334063,30.098892],[31.334038,30.098978],[31.333899,30.098947],[31.333907,30.09892],[31.333853,30.098909],[31.333892,30.098774],[31.33391,30.098778],[31.333927,30.098721],[31.334109,30.098761],[31.33408,30.098861]]]}},{"type":"Feature","properties":{},"geometry":{"type":"Polygon","coordinates":[[[31.336392,30.099341],[31.3363,30.099369],[31.336283,30.099326],[31.336374,30.099299],[31.336392,30.099341]]]}},{"type":"Feature","properties":{},"geometry":{"type":"Polygon","coordinates":[[[31.336499,30.100329],[31.336515,30.100258],[31.336585,30.100147],[31.336632,30.100155],[31.336651,30.100123],[31.336787,30.100146],[31.336822,30.100163],[31.336876,30.100172],[31.336917,30.100191],[31.336901,30.10026],[31.336818,30.100246],[31.336911,30.100289],[31.336889,30.100383],[31.336716,30.100354],[31.336735,30.100271],[31.336756,30.100274],[31.336793,30.100292],[31.336804,30.100245],[31.33676,30.100238],[31.336738,30.100228],[31.336729,30.10027],[31.336644,30.100252],[31.336635,30.100292],[31.336667,30.100307],[31.336625,30.100373],[31.336562,30.100344],[31.336499,30.100329]]]}},{"type":"Feature","properties":{},"geometry":{"type":"Polygon","coordinates":[[[31.340362,30.10633],[31.340176,30.106409],[31.340013,30.106124],[31.340199,30.106045],[31.340362,30.10633]]]}},{"type":"Feature","properties":{},"geometry":{"type":"Polygon","coordinates":[[[31.340382,30.102813],[31.340462,30.102661],[31.340736,30.102768],[31.340655,30.102921],[31.340382,30.102813]]]}},{"type":"Feature","properties":{},"geometry":{"type":"Polygon","coordinates":[[[31.34315,30.109575],[31.343326,30.10964],[31.343192,30.109913],[31.343015,30.109847],[31.34315,30.109575]]]}},{"type":"Feature","properties":{},"geometry":{"type":"Polygon","coordinates":[[[31.345954,30.093791],[31.34592,30.093796],[31.345905,30.093714],[31.345939,30.09371],[31.345954,30.093791]]]}},{"type":"Feature","properties":{},"geometry":{"type":"Polygon","coordinates":[[[31.346289,30.100363],[31.346439,30.100137],[31.346606,30.10022],[31.346457,30.100446],[31.346289,30.100363]]]}},{"type":"Feature","properties":{},"geometry":{"type":"Polygon","coordinates":[[[31.351616,30.103713],[31.351664,30.103645],[31.351774,30.103704],[31.351727,30.103772],[31.351616,30.103713]]]}},{"type":"Feature","properties":{},"geometry":{"type":"Polygon","coordinates":[[[31.355436,30.105254],[31.355535,30.105124],[31.355586,30.105153],[31.355488,30.105283],[31.355436,30.105254]]]}},{"type":"Feature","properties":{},"geometry":{"type":"Polygon","coordinates":[[[31.332326,30.107061],[31.332252,30.107128],[31.332211,30.107093],[31.332284,30.107027],[31.332326,30.107061]]]}},{"type":"Feature","properties":{},"geometry":{"type":"Polygon","coordinates":[[[31.332467,30.10413],[31.332665,30.104211],[31.332583,30.104362],[31.332518,30.104336],[31.332498,30.104372],[31.332364,30.104317],[31.332467,30.10413]]]}},{"type":"Feature","properties":{},"geometry":{"type":"Polygon","coordinates":[[[31.333123,30.091086],[31.333224,30.090933],[31.333408,30.091024],[31.333307,30.091177],[31.333123,30.091086]]]}},{"type":"Feature","properties":{},"geometry":{"type":"Polygon","coordinates":[[[31.336025,30.09323],[31.336071,30.093282],[31.336128,30.093245],[31.336172,30.093295],[31.336113,30.093333],[31.336149,30.093374],[31.336009,30.093465],[31.335912,30.093354],[31.335964,30.09332],[31.335936,30.093288],[31.336025,30.09323]]]}},{"type":"Feature","properties":{},"geometry":{"type":"Polygon","coordinates":[[[31.337351,30.095505],[31.33727,30.095583],[31.337089,30.095441],[31.337034,30.095493],[31.337021,30.095482],[31.337157,30.095352],[31.337351,30.095505]]]}},{"type":"Feature","properties":{},"geometry":{"type":"Polygon","coordinates":[[[31.337696,30.090573],[31.33785,30.090371],[31.33797,30.090439],[31.337994,30.090406],[31.338056,30.090442],[31.337877,30.090676],[31.337696,30.090573]]]}},{"type":"Feature","properties":{},"geometry":{"type":"Polygon","coordinates":[[[31.33878,30.106957],[31.338814,30.107226],[31.338491,30.107257],[31.338457,30.106988],[31.33878,30.106957]]]}},{"type":"Feature","properties":{},"geometry":{"type":"Polygon","coordinates":[[[31.341068,30.100042],[31.341222,30.099996],[31.341195,30.09993],[31.341233,30.099918],[31.341251,30.099962],[31.341272,30.099955],[31.341284,30.099984],[31.341377,30.099956],[31.341419,30.10006],[31.341321,30.100089],[31.341333,30.10012],[31.341125,30.100183],[31.341068,30.100042]]]}},{"type":"Feature","properties":{},"geometry":{"type":"Polygon","coordinates":[[[31.344326,30.09275],[31.344374,30.092647],[31.344514,30.092697],[31.344466,30.092799],[31.344326,30.09275]]]}},{"type":"Feature","properties":{},"geometry":{"type":"Polygon","coordinates":[[[31.345415,30.09817],[31.345504,30.098053],[31.345642,30.098133],[31.345553,30.098249],[31.345415,30.09817]]]}},{"type":"Feature","properties":{},"geometry":{"type":"Polygon","coordinates":[[[31.347737,30.101822],[31.347857,30.101892],[31.347658,30.102148],[31.347538,30.102078],[31.347737,30.101822]]]}},{"type":"Feature","properties":{},"geometry":{"type":"Polygon","coordinates":[[[31.349494,30.100775],[31.34939,30.100924],[31.34923,30.100841],[31.349334,30.100692],[31.349494,30.100775]]]}},{"type":"Feature","properties":{},"geometry":{"type":"Polygon","coordinates":[[[31.34971,30.109473],[31.349858,30.109308],[31.349987,30.109395],[31.349839,30.10956],[31.34971,30.109473]]]}},{"type":"Feature","properties":{},"geometry":{"type":"Polygon","coordinates":[[[31.354465,30.106568],[31.35456,30.106635],[31.354485,30.106715],[31.35439,30.106648],[31.354465,30.106568]]]}},{"type":"Feature","properties":{},"geometry":{"type":"Polygon","coordinates":[[[31.355409,30.101257],[31.355305,30.10141],[31.355016,30.101263],[31.35512,30.10111],[31.355409,30.101257]]]}},{"type":"Feature","properties":{},"geometry":{"type":"Polygon","coordinates":[[[31.330372,30.109548],[31.330268,30.109637],[31.330171,30.109553],[31.330276,30.109464],[31.330372,30.109548]]]}},{"type":"Feature","properties":{},"geometry":{"type":"Polygon","coordinates":[[[31.33106,30.090802],[31.331117,30.090798],[31.331122,30.090842],[31.331065,30.090847],[31.33106,30.090802]]]}},{"type":"Feature","properties":{},"geometry":{"type":"Polygon","coordinates":[[[31.331713,30.109724],[31.331688,30.109736],[31.331716,30.109781],[31.331678,30.109799],[31.331621,30.109709],[31.331684,30.109679],[31.331713,30.109724]]]}},{"type":"Feature","properties":{},"geometry":{"type":"Polygon","coordinates":[[[31.332131,30.098339],[31.332228,30.098241],[31.332188,30.098212],[31.332233,30.098166],[31.332376,30.098273],[31.332419,30.098229],[31.332559,30.098334],[31.332448,30.098445],[31.332431,30.098433],[31.332371,30.098493],[31.332267,30.098415],[31.332252,30.098429],[31.332131,30.098339]]]}},{"type":"Feature","properties":{},"geometry":{"type":"Polygon","coordinates":[[[31.332185,30.092423],[31.332143,30.092385],[31.332213,30.092328],[31.33234,30.092445],[31.33224,30.092526],[31.332155,30.092448],[31.332185,30.092423]]]}},{"type":"Feature","properties":{},"geometry":{"type":"Polygon","coordinates":[[[31.333445,30.109281],[31.333392,30.109175],[31.333463,30.109149],[31.333455,30.109132],[31.333572,30.109089],[31.333712,30.109372],[31.333546,30.109434],[31.333466,30.109273],[31.333445,30.109281]]]}},{"type":"Feature","properties":{},"geometry":{"type":"Polygon","coordinates":[[[31.334863,30.103349],[31.334427,30.102952],[31.334299,30.103057],[31.334218,30.102984],[31.334422,30.102816],[31.335024,30.10336],[31.33483,30.10352],[31.334747,30.103445],[31.334863,30.103349]]]}},{"type":"Feature","properties":{},"geometry":{"type":"Polygon","coordinates":[[[31.33692,30.099992],[31.336926,30.099956],[31.336898,30.099911],[31.33707,30.099829],[31.337121,30.099909],[31.33708,30.099928],[31.337136,30.099936],[31.337142,30.099946],[31.337258,30.099962],[31.337284,30.099949],[31.337415,30.099967],[31.33743,30.099888],[31.337459,30.099892],[31.337427,30.100062],[31.337308,30.100045],[31.337284,30.100009],[31.337278,30.100041],[31.33692,30.099992]]]}},{"type":"Feature","properties":{},"geometry":{"type":"Polygon","coordinates":[[[31.337372,30.090892],[31.337486,30.09073],[31.337725,30.090856],[31.337611,30.091019],[31.337372,30.090892]]]}},{"type":"Feature","properties":{},"geometry":{"type":"Polygon","coordinates":[[[31.337569,30.095899],[31.337719,30.096065],[31.33758,30.096158],[31.337431,30.095992],[31.337569,30.095899]]]}},{"type":"Feature","properties":{},"geometry":{"type":"Polygon","coordinates":[[[31.337849,30.095993],[31.337786,30.096042],[31.337613,30.095877],[31.337733,30.095782],[31.337912,30.095952],[31.337854,30.095997],[31.337849,30.095993]]]}},{"type":"Feature","properties":{},"geometry":{"type":"Polygon","coordinates":[[[31.338184,30.097265],[31.338185,30.097281],[31.338201,30.097305],[31.338203,30.09735],[31.337991,30.097359],[31.337988,30.097308],[31.337978,30.097314],[31.337795,30.097322],[31.337729,30.097223],[31.337872,30.09715],[31.337866,30.097108],[31.33799,30.097045],[31.338034,30.097043],[31.338184,30.097265]]]}},{"type":"Feature","properties":{},"geometry":{"type":"Polygon","coordinates":[[[31.339238,30.094384],[31.339159,30.094539],[31.338988,30.094474],[31.339068,30.094319],[31.339238,30.094384]]]}},{"type":"Feature","properties":{},"geometry":{"type":"Polygon","coordinates":[[[31.339798,30.103397],[31.339946,30.103449],[31.339952,30.103436],[31.339994,30.10345],[31.339989,30.103461],[31.340245,30.10355],[31.340209,30.103628],[31.340185,30.10362],[31.340168,30.103657],[31.340118,30.103639],[31.340098,30.10368],[31.339847,30.103593],[31.33984,30.103607],[31.33972,30.103565],[31.339798,30.103397]]]}},{"type":"Feature","properties":{},"geometry":{"type":"Polygon","coordinates":[[[31.34045,30.100068],[31.340431,30.100058],[31.340395,30.100109],[31.340288,30.100053],[31.34037,30.099937],[31.340496,30.100003],[31.34045,30.100068]]]}},{"type":"Feature","properties":{},"geometry":{"type":"Polygon","coordinates":[[[31.344411,30.108414],[31.344479,30.108403],[31.344488,30.108446],[31.344421,30.108457],[31.344411,30.108414]]]}},{"type":"Feature","properties":{},"geometry":{"type":"Polygon","coordinates":[[[31.344458,30.100729],[31.344232,30.100617],[31.344404,30.100357],[31.344572,30.10044],[31.344584,30.100422],[31.344642,30.100451],[31.344458,30.100729]]]}},{"type":"Feature","properties":{},"geometry":{"type":"Polygon","coordinates":[[[31.345923,30.100814],[31.346081,30.100891],[31.345909,30.101155],[31.345751,30.101078],[31.345923,30.100814]]]}},{"type":"Feature","properties":{},"geometry":{"type":"Polygon","coordinates":[[[31.34804,30.090413],[31.347805,30.090363],[31.347855,30.090189],[31.348052,30.090231],[31.348037,30.090286],[31.348074,30.090294],[31.34804,30.090413]]]}},{"type":"Feature","properties":{},"geometry":{"type":"Polygon","coordinates":[[[31.34955,30.097758],[31.349666,30.097619],[31.349827,30.097719],[31.349711,30.097858],[31.34955,30.097758]]]}},{"type":"Feature","properties":{},"geometry":{"type":"Polygon","coordinates":[[[31.354228,30.098263],[31.354196,30.098306],[31.354138,30.098274],[31.354169,30.098231],[31.354228,30.098263]]]}},{"type":"Feature","properties":{},"geometry":{"type":"Polygon","coordinates":[[[31.331066,30.098352],[31.330965,30.098414],[31.330758,30.098158],[31.330859,30.098097],[31.331066,30.098352]]]}},{"type":"Feature","properties":{},"geometry":{"type":"Polygon","coordinates":[[[31.331153,30.098345],[31.331321,30.098219],[31.331447,30.098344],[31.331179,30.098546],[31.331045,30.098413],[31.331145,30.098337],[31.331153,30.098345]]]}},{"type":"Feature","properties":{},"geometry":{"type":"Polygon","coordinates":[[[31.332013,30.102053],[31.331882,30.102131],[31.331837,30.102074],[31.331968,30.101996],[31.332013,30.102053]]]}},{"type":"Feature","properties":{},"geometry":{"type":"Polygon","coordinates":[[[31.332246,30.100006],[31.33233,30.099798],[31.332447,30.099833],[31.332344,30.10009],[31.332273,30.100069],[31.332293,30.10002],[31.332246,30.100006]]]}},{"type":"Feature","properties":{},"geometry":{"type":"Polygon","coordinates":[[[31.333056,30.098278],[31.333147,30.098045],[31.33333,30.098098],[31.333296,30.098185],[31.333414,30.098219],[31.333441,30.098149],[31.333618,30.098201],[31.333579,30.0983],[31.333565,30.098296],[31.333545,30.098347],[31.333568,30.098353],[31.333549,30.098403],[31.33352,30.098394],[31.333503,30.098438],[31.333446,30.098421],[31.333443,30.098428],[31.333268,30.098377],[31.333331,30.098214],[31.33328,30.098199],[31.333229,30.098329],[31.333056,30.098278]]]}},{"type":"Feature","properties":{},"geometry":{"type":"Polygon","coordinates":[[[31.333068,30.092749],[31.333189,30.092664],[31.333327,30.092809],[31.333206,30.092895],[31.333068,30.092749]]]}},{"type":"Feature","properties":{},"geometry":{"type":"Polygon","coordinates":[[[31.333141,30.107759],[31.33327,30.107502],[31.333432,30.107563],[31.333304,30.10782],[31.333141,30.107759]]]}},{"type":"Feature","properties":{},"geometry":{"type":"Polygon","coordinates":[[[31.335185,30.093417],[31.335309,30.093319],[31.33546,30.093461],[31.335336,30.09356],[31.335185,30.093417]]]}},{"type":"Feature","properties":{},"geometry":{"type":"Polygon","coordinates":[[[31.336541,30.093622],[31.336687,30.093789],[31.336525,30.093895],[31.336322,30.093663],[31.336369,30.093632],[31.336322,30.093579],[31.336425,30.093512],[31.336493,30.09359],[31.336539,30.09356],[31.336574,30.0936],[31.336541,30.093622]]]}},{"type":"Feature","properties":{},"geometry":{"type":"Polygon","coordinates":[[[31.336925,30.09094],[31.337009,30.090966],[31.336987,30.091018],[31.337001,30.091022],[31.336965,30.091106],[31.336828,30.091063],[31.336869,30.090963],[31.33691,30.090976],[31.336925,30.09094]]]}},{"type":"Feature","properties":{},"geometry":{"type":"Polygon","coordinates":[[[31.339106,30.091044],[31.339379,30.090935],[31.339442,30.091061],[31.339166,30.091163],[31.339106,30.091044]]]}},{"type":"Feature","properties":{},"geometry":{"type":"Polygon","coordinates":[[[31.340641,30.096174],[31.340449,30.096283],[31.340235,30.096004],[31.340246,30.095998],[31.340099,30.095805],[31.340263,30.095711],[31.340397,30.095886],[31.340414,30.095876],[31.340641,30.096174]]]}},{"type":"Feature","properties":{},"geometry":{"type":"Polygon","coordinates":[[[31.341526,30.099897],[31.341565,30.099982],[31.341436,30.100027],[31.341397,30.099942],[31.341526,30.099897]]]}},{"type":"Feature","properties":{},"geometry":{"type":"Polygon","coordinates":[[[31.341574,30.09933],[31.341721,30.099094],[31.341946,30.099199],[31.341894,30.099284],[31.34232,30.099482],[31.342226,30.099633],[31.341574,30.09933]]]}},{"type":"Feature","properties":{},"geometry":{"type":"Polygon","coordinates":[[[31.341771,30.103616],[31.341861,30.103451],[31.342056,30.103531],[31.341966,30.103696],[31.341771,30.103616]]]}},{"type":"Feature","properties":{},"geometry":{"type":"Polygon","coordinates":[[[31.346662,30.104469],[31.346771,30.104658],[31.346597,30.104733],[31.346489,30.104544],[31.346662,30.104469]]]}},{"type":"Feature","properties":{},"geometry":{"type":"Polygon","coordinates":[[[31.346821,30.105444],[31.346963,30.105221],[31.347287,30.105374],[31.347145,30.105597],[31.346821,30.105444]]]}},{"type":"Feature","properties":{},"geometry":{"type":"Polygon","coordinates":[[[31.348614,30.098082],[31.348641,30.09804],[31.34862,30.09803],[31.348674,30.097947],[31.348598,30.09791],[31.348739,30.097696],[31.348732,30.097512],[31.34879,30.09751],[31.348995,30.097611],[31.348926,30.097613],[31.348928,30.097659],[31.349182,30.097785],[31.349188,30.097932],[31.349104,30.097934],[31.349156,30.097959],[31.349165,30.098214],[31.349121,30.098281],[31.34937,30.098404],[31.349319,30.098482],[31.34904,30.098344],[31.348995,30.098345],[31.348884,30.098514],[31.348738,30.098442],[31.348735,30.09836],[31.348765,30.098375],[31.348763,30.098326],[31.3488,30.098345],[31.348887,30.098214],[31.348885,30.098184],[31.348686,30.098085],[31.34867,30.09811],[31.348614,30.098082]]]}},{"type":"Feature","properties":{},"geometry":{"type":"Polygon","coordinates":[[[31.330557,30.100059],[31.330479,30.100095],[31.330489,30.100112],[31.330431,30.100138],[31.330413,30.100108],[31.330457,30.100088],[31.330436,30.100054],[31.330464,30.100041],[31.330369,30.099885],[31.330434,30.099855],[31.330557,30.100059]]]}},{"type":"Feature","properties":{},"geometry":{"type":"Polygon","coordinates":[[[31.331137,30.10887],[31.331006,30.10893],[31.330759,30.108713],[31.330894,30.108598],[31.331073,30.108765],[31.331137,30.10887]]]}},{"type":"Feature","properties":{},"geometry":{"type":"Polygon","coordinates":[[[31.33153,30.094604],[31.331665,30.094747],[31.331439,30.094907],[31.331304,30.094764],[31.33153,30.094604]]]}},{"type":"Feature","properties":{},"geometry":{"type":"Polygon","coordinates":[[[31.333579,30.099788],[31.33359,30.099782],[31.333553,30.09973],[31.333668,30.099668],[31.33372,30.099741],[31.333762,30.099719],[31.333858,30.099854],[31.33369,30.099943],[31.333579,30.099788]]]}},{"type":"Feature","properties":{},"geometry":{"type":"Polygon","coordinates":[[[31.334069,30.095193],[31.333937,30.095056],[31.334082,30.094952],[31.334214,30.095089],[31.334069,30.095193]]]}},{"type":"Feature","properties":{},"geometry":{"type":"Polygon","coordinates":[[[31.334094,30.099438],[31.334257,30.099359],[31.334377,30.099545],[31.334214,30.099624],[31.334094,30.099438]]]}},{"type":"Feature","properties":{},"geometry":{"type":"Polygon","coordinates":[[[31.340226,30.099395],[31.340131,30.099555],[31.339929,30.099466],[31.339983,30.099375],[31.340098,30.099426],[31.340139,30.099356],[31.340226,30.099395]]]}},{"type":"Feature","properties":{},"geometry":{"type":"Polygon","coordinates":[[[31.344873,30.109574],[31.344715,30.109609],[31.344681,30.109499],[31.344862,30.109458],[31.344867,30.109475],[31.344931,30.109461],[31.344976,30.109609],[31.344889,30.109628],[31.344873,30.109574]]]}},{"type":"Feature","properties":{},"geometry":{"type":"Polygon","coordinates":[[[31.346635,30.109563],[31.346756,30.109379],[31.346972,30.109485],[31.346851,30.109669],[31.346635,30.109563]]]}},{"type":"Feature","properties":{},"geometry":{"type":"Polygon","coordinates":[[[31.347947,30.10542],[31.348224,30.105554],[31.348085,30.105768],[31.347808,30.105634],[31.347947,30.10542]]]}},{"type":"Feature","properties":{},"geometry":{"type":"Polygon","coordinates":[[[31.348901,30.098703],[31.348935,30.098656],[31.348973,30.098677],[31.348939,30.098724],[31.348901,30.098703]]]}},{"type":"Feature","properties":{},"geometry":{"type":"Polygon","coordinates":[[[31.350507,30.101462],[31.350765,30.101597],[31.350706,30.101682],[31.350442,30.101545],[31.350483,30.101485],[31.350261,30.101369],[31.350304,30.101306],[31.350429,30.101371],[31.350616,30.101101],[31.350547,30.101065],[31.35059,30.101002],[31.350671,30.101044],[31.350858,30.100775],[31.350773,30.100731],[31.350843,30.10063],[31.351021,30.100722],[31.350507,30.101462]]]}},{"type":"Feature","properties":{},"geometry":{"type":"Polygon","coordinates":[[[31.351516,30.102711],[31.351567,30.10264],[31.351668,30.102695],[31.351618,30.102765],[31.351516,30.102711]]]}},{"type":"Feature","properties":{},"geometry":{"type":"Polygon","coordinates":[[[31.330391,30.091859],[31.330346,30.091758],[31.330556,30.091688],[31.330636,30.091868],[31.330494,30.091915],[31.330481,30.091887],[31.330434,30.091903],[31.330412,30.091852],[31.330391,30.091859]]]}},{"type":"Feature","properties":{},"geometry":{"type":"Polygon","coordinates":[[[31.330411,30.107364],[31.330333,30.107446],[31.330274,30.107404],[31.330351,30.107322],[31.330411,30.107364]]]}},{"type":"Feature","properties":{},"geometry":{"type":"Polygon","coordinates":[[[31.331462,30.107536],[31.331542,30.107462],[31.331701,30.107592],[31.331621,30.107665],[31.331462,30.107536]]]}},{"type":"Feature","properties":{},"geometry":{"type":"Polygon","coordinates":[[[31.334859,30.098676],[31.334877,30.098615],[31.334933,30.098593],[31.334969,30.098601],[31.334991,30.098642],[31.335041,30.098622],[31.335015,30.098573],[31.335024,30.098543],[31.33517,30.098575],[31.335193,30.098617],[31.335105,30.098652],[31.335091,30.098698],[31.334908,30.09877],[31.334859,30.098676]]]}},{"type":"Feature","properties":{},"geometry":{"type":"Polygon","coordinates":[[[31.335653,30.103888],[31.335467,30.104043],[31.335312,30.103903],[31.335498,30.103749],[31.335653,30.103888]]]}},{"type":"Feature","properties":{},"geometry":{"type":"Polygon","coordinates":[[[31.337141,30.091134],[31.337165,30.091146],[31.337179,30.091125],[31.337293,30.091183],[31.337305,30.091166],[31.337364,30.091196],[31.337279,30.09132],[31.33708,30.091222],[31.337141,30.091134]]]}},{"type":"Feature","properties":{},"geometry":{"type":"Polygon","coordinates":[[[31.337699,30.095143],[31.337809,30.095057],[31.33788,30.095125],[31.337769,30.095211],[31.337699,30.095143]]]}},{"type":"Feature","properties":{},"geometry":{"type":"Polygon","coordinates":[[[31.339782,30.093447],[31.339753,30.093483],[31.339697,30.093449],[31.339786,30.09334],[31.339924,30.093423],[31.339864,30.093497],[31.339782,30.093447]]]}},{"type":"Feature","properties":{},"geometry":{"type":"Polygon","coordinates":[[[31.340003,30.097843],[31.339908,30.097712],[31.339952,30.097688],[31.339916,30.097639],[31.340059,30.097561],[31.340091,30.097606],[31.340078,30.097614],[31.340176,30.097749],[31.340003,30.097843]]]}},{"type":"Feature","properties":{},"geometry":{"type":"Polygon","coordinates":[[[31.340333,30.102844],[31.340621,30.102947],[31.340541,30.103113],[31.340254,30.10301],[31.340333,30.102844]]]}},{"type":"Feature","properties":{},"geometry":{"type":"Polygon","coordinates":[[[31.341026,30.095616],[31.341112,30.095732],[31.340963,30.095815],[31.340877,30.095699],[31.341026,30.095616]]]}},{"type":"Feature","properties":{},"geometry":{"type":"Polygon","coordinates":[[[31.342144,30.100838],[31.342307,30.100772],[31.342428,30.100798],[31.342567,30.100911],[31.342576,30.100928],[31.342622,30.100965],[31.342593,30.100992],[31.342608,30.10102],[31.342561,30.10104],[31.342553,30.101066],[31.342513,30.101103],[31.342453,30.101128],[31.342438,30.101102],[31.342449,30.101066],[31.342414,30.101038],[31.34239,30.100993],[31.342423,30.10098],[31.342405,30.100947],[31.342438,30.100917],[31.342375,30.100903],[31.342355,30.100969],[31.342408,30.101066],[31.342354,30.101116],[31.342322,30.101109],[31.34229,30.101051],[31.342295,30.101032],[31.342268,30.100981],[31.342216,30.10097],[31.342144,30.100838]]]}},{"type":"Feature","properties":{},"geometry":{"type":"Polygon","coordinates":[[[31.343929,30.102026],[31.343864,30.102047],[31.343842,30.101997],[31.343907,30.101976],[31.343929,30.102026]]]}},{"type":"Feature","properties":{},"geometry":{"type":"Polygon","coordinates":[[[31.346004,30.09524],[31.345944,30.095177],[31.346346,30.094892],[31.346406,30.094955],[31.346004,30.09524]]]}},{"type":"Feature","properties":{},"geometry":{"type":"Polygon","coordinates":[[[31.347623,30.102174],[31.34748,30.102411],[31.347311,30.102336],[31.347343,30.102283],[31.347364,30.102292],[31.347475,30.102107],[31.347623,30.102174]]]}},{"type":"Feature","properties":{},"geometry":{"type":"Polygon","coordinates":[[[31.350223,30.096958],[31.350294,30.097036],[31.35018,30.097114],[31.350109,30.097037],[31.350223,30.096958]]]}},{"type":"Feature","properties":{},"geometry":{"type":"Polygon","coordinates":[[[31.352125,30.102458],[31.3522,30.102357],[31.352284,30.102403],[31.352208,30.102505],[31.352125,30.102458]]]}},{"type":"Feature","properties":{},"geometry":{"type":"Polygon","coordinates":[[[31.353121,30.109869],[31.353182,30.109791],[31.35368,30.110082],[31.353581,30.11021],[31.353503,30.110164],[31.353541,30.110115],[31.353121,30.109869]]]}},{"type":"Feature","properties":{},"geometry":{"type":"Polygon","coordinates":[[[31.353669,30.098912],[31.353702,30.098863],[31.353661,30.098842],[31.353701,30.098782],[31.354043,30.098955],[31.35405,30.098944],[31.354132,30.098986],[31.354033,30.099133],[31.353921,30.099076],[31.35394,30.099049],[31.353669,30.098912]]]}},{"type":"Feature","properties":{},"geometry":{"type":"Polygon","coordinates":[[[31.330588,30.107512],[31.330527,30.107566],[31.330669,30.107685],[31.330591,30.107754],[31.330441,30.107629],[31.330495,30.107581],[31.330334,30.107445],[31.330417,30.10737],[31.330588,30.107512]]]}},{"type":"Feature","properties":{},"geometry":{"type":"Polygon","coordinates":[[[31.332319,30.106723],[31.332451,30.106778],[31.332336,30.106981],[31.332204,30.106925],[31.332319,30.106723]]]}},{"type":"Feature","properties":{},"geometry":{"type":"Polygon","coordinates":[[[31.33326,30.109872],[31.333379,30.109829],[31.333449,30.109975],[31.333331,30.110018],[31.33326,30.109872]]]}},{"type":"Feature","properties":{},"geometry":{"type":"Polygon","coordinates":[[[31.33484,30.10857],[31.334718,30.108617],[31.33459,30.108366],[31.334713,30.10832],[31.33484,30.10857]]]}},{"type":"Feature","properties":{},"geometry":{"type":"Polygon","coordinates":[[[31.33681,30.102934],[31.33694,30.1027],[31.337022,30.102734],[31.336892,30.102968],[31.33681,30.102934]]]}},{"type":"Feature","properties":{},"geometry":{"type":"Polygon","coordinates":[[[31.338845,30.107219],[31.338883,30.107009],[31.339006,30.107026],[31.339081,30.107176],[31.339076,30.107202],[31.339104,30.107205],[31.339135,30.107268],[31.339085,30.107286],[31.339031,30.107279],[31.339028,30.107298],[31.339052,30.107348],[31.338932,30.107393],[31.338845,30.107219]]]}},{"type":"Feature","properties":{},"geometry":{"type":"Polygon","coordinates":[[[31.340315,30.104368],[31.340247,30.104507],[31.34001,30.104421],[31.340079,30.104281],[31.340315,30.104368]]]}},{"type":"Feature","properties":{},"geometry":{"type":"Polygon","coordinates":[[[31.340735,30.106137],[31.340571,30.106209],[31.340522,30.106127],[31.340567,30.106107],[31.340455,30.105917],[31.340574,30.105865],[31.340735,30.106137]]]}},{"type":"Feature","properties":{},"geometry":{"type":"Polygon","coordinates":[[[31.342135,30.100897],[31.342156,30.100945],[31.342199,30.100989],[31.342232,30.101065],[31.342093,30.10111],[31.34204,30.101057],[31.34203,30.101032],[31.341975,30.100976],[31.342011,30.10106],[31.341971,30.10109],[31.342014,30.101133],[31.342048,30.101122],[31.342085,30.10116],[31.341998,30.101224],[31.341957,30.101237],[31.341798,30.101076],[31.341784,30.101043],[31.341847,30.100997],[31.341925,30.100971],[31.341942,30.100959],[31.342135,30.100897]]]}},{"type":"Feature","properties":{},"geometry":{"type":"Polygon","coordinates":[[[31.34351,30.108956],[31.343538,30.108901],[31.343456,30.108871],[31.343518,30.108749],[31.34379,30.108851],[31.343761,30.108908],[31.343823,30.108931],[31.343763,30.109051],[31.34351,30.108956]]]}},{"type":"Feature","properties":{},"geometry":{"type":"Polygon","coordinates":[[[31.343525,30.098914],[31.343554,30.099187],[31.343253,30.099211],[31.343224,30.098938],[31.343525,30.098914]]]}},{"type":"Feature","properties":{},"geometry":{"type":"Polygon","coordinates":[[[31.344008,30.109034],[31.344278,30.108972],[31.344333,30.109154],[31.344063,30.109215],[31.344008,30.109034]]]}},{"type":"Feature","properties":{},"geometry":{"type":"Polygon","coordinates":[[[31.345055,30.098196],[31.344934,30.098363],[31.34466,30.098214],[31.344781,30.098047],[31.345055,30.098196]]]}},{"type":"Feature","properties":{},"geometry":{"type":"Polygon","coordinates":[[[31.345481,30.097966],[31.34535,30.098167],[31.345167,30.098077],[31.345298,30.097877],[31.345481,30.097966]]]}},{"type":"Feature","properties":{},"geometry":{"type":"Polygon","coordinates":[[[31.349218,30.090093],[31.349262,30.090129],[31.349295,30.090099],[31.349396,30.090181],[31.349203,30.090359],[31.349106,30.090281],[31.349161,30.090229],[31.349112,30.09019],[31.349218,30.090093]]]}},{"type":"Feature","properties":{},"geometry":{"type":"Polygon","coordinates":[[[31.349772,30.105058],[31.349835,30.105072],[31.349807,30.105165],[31.349744,30.105151],[31.349772,30.105058]]]}},{"type":"Feature","properties":{},"geometry":{"type":"Polygon","coordinates":[[[31.351227,30.090032],[31.35131,30.090096],[31.351126,30.090274],[31.351043,30.090209],[31.351227,30.090032]]]}},{"type":"Feature","properties":{},"geometry":{"type":"Polygon","coordinates":[[[31.353681,30.10248],[31.353609,30.102576],[31.353482,30.102506],[31.353553,30.102409],[31.353681,30.10248]]]}},{"type":"Feature","properties":{},"geometry":{"type":"Polygon","coordinates":[[[31.330039,30.100633],[31.330078,30.100649],[31.330287,30.100868],[31.330262,30.100913],[31.330161,30.100986],[31.330126,30.100971],[31.330032,30.100873],[31.330079,30.100791],[31.330059,30.100783],[31.33001,30.100818],[31.329905,30.100708],[31.329928,30.100669],[31.329855,30.100592],[31.329812,30.100623],[31.329752,30.100561],[31.32977,30.10053],[31.329734,30.100493],[31.329773,30.100424],[31.329813,30.100396],[31.329921,30.100441],[31.330063,30.10059],[31.330039,30.100633]]]}},{"type":"Feature","properties":{},"geometry":{"type":"Polygon","coordinates":[[[31.330382,30.101336],[31.330423,30.101302],[31.330509,30.101382],[31.330385,30.101482],[31.330288,30.101393],[31.330371,30.101326],[31.330382,30.101336]]]}},{"type":"Feature","properties":{},"geometry":{"type":"Polygon","coordinates":[[[31.330845,30.106935],[31.330929,30.106866],[31.331101,30.10702],[31.331017,30.10709],[31.330845,30.106935]]]}},{"type":"Feature","properties":{},"geometry":{"type":"Polygon","coordinates":[[[31.330911,30.099754],[31.330832,30.099818],[31.330669,30.099666],[31.330749,30.099602],[31.330911,30.099754]]]}},{"type":"Feature","properties":{},"geometry":{"type":"Polygon","coordinates":[[[31.332938,30.093146],[31.332783,30.09325],[31.332681,30.093136],[31.332728,30.093104],[31.332699,30.093072],[31.332739,30.093045],[31.332713,30.093017],[31.332733,30.093003],[31.332789,30.093065],[31.332819,30.093044],[31.332848,30.093076],[31.332864,30.093064],[31.332938,30.093146]]]}},{"type":"Feature","properties":{},"geometry":{"type":"Polygon","coordinates":[[[31.333511,30.096356],[31.333452,30.096498],[31.333258,30.096438],[31.333316,30.096296],[31.333511,30.096356]]]}},{"type":"Feature","properties":{},"geometry":{"type":"Polygon","coordinates":[[[31.33479,30.109296],[31.334727,30.109179],[31.334914,30.109103],[31.335003,30.109268],[31.334857,30.109327],[31.334831,30.10928],[31.33479,30.109296]]]}},{"type":"Feature","properties":{},"geometry":{"type":"Polygon","coordinates":[[[31.334982,30.107362],[31.335148,30.107421],[31.33503,30.107671],[31.334864,30.107612],[31.334982,30.107362]]]}},{"type":"Feature","properties":{},"geometry":{"type":"Polygon","coordinates":[[[31.337099,30.100361],[31.336939,30.100353],[31.33695,30.10019],[31.33711,30.100198],[31.337099,30.100361]]]}},{"type":"Feature","properties":{},"geometry":{"type":"Polygon","coordinates":[[[31.33727,30.096085],[31.337389,30.095994],[31.337565,30.096166],[31.337446,30.096257],[31.33727,30.096085]]]}},{"type":"Feature","properties":{},"geometry":{"type":"Polygon","coordinates":[[[31.33931,30.090884],[31.339158,30.090952],[31.339116,30.090937],[31.339086,30.090886],[31.338936,30.090954],[31.338919,30.090947],[31.33901,30.090762],[31.339065,30.090737],[31.339032,30.090682],[31.339042,30.090661],[31.33912,30.090627],[31.339192,30.090654],[31.339249,30.09075],[31.339184,30.090779],[31.339162,30.090824],[31.339251,30.090784],[31.33931,30.090884]]]}},{"type":"Feature","properties":{},"geometry":{"type":"Polygon","coordinates":[[[31.346383,30.109175],[31.346494,30.109204],[31.34642,30.109415],[31.34631,30.109386],[31.346383,30.109175]]]}},{"type":"Feature","properties":{},"geometry":{"type":"Polygon","coordinates":[[[31.35115,30.102348],[31.351042,30.102295],[31.351084,30.10223],[31.351241,30.102306],[31.351413,30.102042],[31.351334,30.102003],[31.351377,30.101936],[31.351542,30.102017],[31.351061,30.102757],[31.350788,30.102624],[31.350841,30.102543],[31.350979,30.10261],[31.35115,30.102348]]]}},{"type":"Feature","properties":{},"geometry":{"type":"Polygon","coordinates":[[[31.351365,30.100952],[31.351209,30.101156],[31.35115,30.101121],[31.351305,30.100918],[31.351365,30.100952]]]}},{"type":"Feature","properties":{},"geometry":{"type":"Polygon","coordinates":[[[31.35394,30.106611],[31.353971,30.106571],[31.353866,30.106511],[31.353883,30.106488],[31.354172,30.106655],[31.354123,30.106717],[31.35394,30.106611]]]}},{"type":"Feature","properties":{},"geometry":{"type":"Polygon","coordinates":[[[31.330939,30.109443],[31.331001,30.109568],[31.330904,30.109604],[31.330841,30.109479],[31.330939,30.109443]]]}},{"type":"Feature","properties":{},"geometry":{"type":"Polygon","coordinates":[[[31.33098,30.100942],[31.331051,30.101035],[31.330958,30.101088],[31.330887,30.100994],[31.33098,30.100942]]]}},{"type":"Feature","properties":{},"geometry":{"type":"Polygon","coordinates":[[[31.332264,30.107883],[31.332281,30.107788],[31.332423,30.107808],[31.332405,30.107903],[31.332264,30.107883]]]}},{"type":"Feature","properties":{},"geometry":{"type":"Polygon","coordinates":[[[31.332484,30.106567],[31.332626,30.106311],[31.332758,30.106365],[31.332615,30.106622],[31.332484,30.106567]]]}},{"type":"Feature","properties":{},"geometry":{"type":"Polygon","coordinates":[[[31.333016,30.109834],[31.333003,30.109804],[31.333119,30.109767],[31.33317,30.109886],[31.333037,30.109929],[31.333018,30.109884],[31.332995,30.109892],[31.332975,30.109847],[31.333016,30.109834]]]}},{"type":"Feature","properties":{},"geometry":{"type":"Polygon","coordinates":[[[31.333049,30.097745],[31.333102,30.097637],[31.333196,30.097672],[31.333144,30.097779],[31.333049,30.097745]]]}},{"type":"Feature","properties":{},"geometry":{"type":"Polygon","coordinates":[[[31.333837,30.099882],[31.333957,30.100052],[31.333816,30.100127],[31.333696,30.099956],[31.333837,30.099882]]]}},{"type":"Feature","properties":{},"geometry":{"type":"Polygon","coordinates":[[[31.335912,30.108843],[31.335744,30.108908],[31.335632,30.10869],[31.335799,30.108625],[31.335912,30.108843]]]}},{"type":"Feature","properties":{},"geometry":{"type":"Polygon","coordinates":[[[31.339121,30.096164],[31.339097,30.096179],[31.339013,30.096073],[31.33913,30.096004],[31.339225,30.096123],[31.339205,30.096135],[31.339235,30.096173],[31.339162,30.096216],[31.339121,30.096164]]]}},{"type":"Feature","properties":{},"geometry":{"type":"Polygon","coordinates":[[[31.339279,30.101742],[31.339299,30.101624],[31.339344,30.10163],[31.339358,30.101544],[31.339317,30.101539],[31.339336,30.101426],[31.339293,30.10142],[31.339303,30.10136],[31.339411,30.101373],[31.339401,30.101429],[31.339523,30.101444],[31.339488,30.101659],[31.339426,30.101651],[31.339408,30.101758],[31.339279,30.101742]]]}},{"type":"Feature","properties":{},"geometry":{"type":"Polygon","coordinates":[[[31.34081,30.095953],[31.340613,30.096066],[31.340304,30.095662],[31.340503,30.095548],[31.34081,30.095953]]]}},{"type":"Feature","properties":{},"geometry":{"type":"Polygon","coordinates":[[[31.341645,30.100177],[31.341734,30.100361],[31.341593,30.100412],[31.341505,30.100228],[31.341645,30.100177]]]}},{"type":"Feature","properties":{},"geometry":{"type":"Polygon","coordinates":[[[31.341787,30.100052],[31.341819,30.100111],[31.341674,30.10017],[31.341642,30.100111],[31.341787,30.100052]]]}},{"type":"Feature","properties":{},"geometry":{"type":"Polygon","coordinates":[[[31.34421,30.099397],[31.344331,30.099356],[31.344351,30.099401],[31.344526,30.099342],[31.344587,30.099479],[31.344441,30.099529],[31.344484,30.099625],[31.344335,30.099675],[31.34421,30.099397]]]}},{"type":"Feature","properties":{},"geometry":{"type":"Polygon","coordinates":[[[31.34439,30.1084],[31.344417,30.108496],[31.344314,30.108518],[31.344287,30.108422],[31.34439,30.1084]]]}},{"type":"Feature","properties":{},"geometry":{"type":"Polygon","coordinates":[[[31.344443,30.10791],[31.34447,30.107946],[31.344448,30.107959],[31.344496,30.108214],[31.344417,30.108225],[31.344397,30.108197],[31.344353,30.108203],[31.344338,30.108183],[31.34428,30.108191],[31.344287,30.108225],[31.344203,30.108237],[31.344211,30.108279],[31.344151,30.108288],[31.344138,30.10822],[31.344087,30.108227],[31.34407,30.108134],[31.34409,30.108122],[31.344083,30.108082],[31.344046,30.108087],[31.344033,30.108068],[31.344097,30.108033],[31.344076,30.107926],[31.344111,30.107906],[31.344079,30.107863],[31.344121,30.107856],[31.34414,30.107846],[31.344159,30.107871],[31.344224,30.107862],[31.344246,30.10798],[31.344282,30.108028],[31.344264,30.107935],[31.344443,30.10791]]]}},{"type":"Feature","properties":{},"geometry":{"type":"Polygon","coordinates":[[[31.34828,30.101518],[31.348121,30.101784],[31.347955,30.10171],[31.348114,30.101444],[31.34828,30.101518]]]}},{"type":"Feature","properties":{},"geometry":{"type":"Polygon","coordinates":[[[31.349289,30.099733],[31.349195,30.099881],[31.349037,30.099805],[31.349131,30.099658],[31.349289,30.099733]]]}},{"type":"Feature","properties":{},"geometry":{"type":"Polygon","coordinates":[[[31.355913,30.108244],[31.355946,30.1082],[31.356012,30.108237],[31.355979,30.108281],[31.355913,30.108244]]]}},{"type":"Feature","properties":{},"geometry":{"type":"Polygon","coordinates":[[[31.330822,30.097149],[31.330639,30.097294],[31.330486,30.097148],[31.330565,30.097086],[31.330556,30.097077],[31.330659,30.096995],[31.330822,30.097149]]]}},{"type":"Feature","properties":{},"geometry":{"type":"Polygon","coordinates":[[[31.334054,30.098457],[31.334039,30.098449],[31.334052,30.098405],[31.334184,30.098434],[31.334207,30.098401],[31.334167,30.09838],[31.334231,30.09816],[31.334205,30.098147],[31.334217,30.098106],[31.334244,30.098112],[31.334355,30.098172],[31.334588,30.098223],[31.334517,30.098466],[31.33437,30.098434],[31.334386,30.098378],[31.334346,30.098356],[31.334326,30.098423],[31.334295,30.098416],[31.334256,30.098469],[31.334241,30.098523],[31.334144,30.098502],[31.334226,30.098546],[31.334217,30.098575],[31.334182,30.098624],[31.334067,30.098599],[31.334012,30.098569],[31.334023,30.098534],[31.334006,30.098524],[31.334054,30.098457]]]}},{"type":"Feature","properties":{},"geometry":{"type":"Polygon","coordinates":[[[31.336934,30.093764],[31.337126,30.093649],[31.33725,30.093804],[31.337059,30.093919],[31.336934,30.093764]]]}},{"type":"Feature","properties":{},"geometry":{"type":"Polygon","coordinates":[[[31.337173,30.094908],[31.337075,30.094975],[31.336848,30.094722],[31.336946,30.094656],[31.337173,30.094908]]]}},{"type":"Feature","properties":{},"geometry":{"type":"Polygon","coordinates":[[[31.337189,30.103459],[31.337355,30.103527],[31.337282,30.10366],[31.337116,30.103591],[31.337189,30.103459]]]}},{"type":"Feature","properties":{},"geometry":{"type":"Polygon","coordinates":[[[31.338146,30.098726],[31.338555,30.098858],[31.338464,30.099068],[31.338348,30.09903],[31.338332,30.099066],[31.33832,30.099067],[31.338276,30.099169],[31.338279,30.099229],[31.338382,30.099263],[31.338437,30.099261],[31.338468,30.09919],[31.338555,30.099218],[31.338517,30.099306],[31.338966,30.099451],[31.338886,30.099636],[31.338775,30.0996],[31.338772,30.099539],[31.338754,30.099579],[31.338608,30.099531],[31.338605,30.099478],[31.338588,30.099517],[31.338455,30.099473],[31.33845,30.099375],[31.338419,30.099445],[31.338338,30.099419],[31.338364,30.09936],[31.338316,30.099362],[31.338298,30.099402],[31.338178,30.099363],[31.338146,30.098726]]]}},{"type":"Feature","properties":{},"geometry":{"type":"Polygon","coordinates":[[[31.338356,30.105468],[31.338666,30.105609],[31.338642,30.105649],[31.338644,30.105717],[31.338638,30.105718],[31.338646,30.105954],[31.338494,30.105956],[31.338473,30.105991],[31.338612,30.105987],[31.338669,30.106013],[31.338674,30.106148],[31.338482,30.106153],[31.338483,30.106193],[31.33868,30.106188],[31.338703,30.106198],[31.338708,30.106342],[31.338648,30.106344],[31.338651,30.10643],[31.338431,30.106435],[31.338426,30.10627],[31.338439,30.106248],[31.338341,30.106204],[31.338323,30.105523],[31.338356,30.105468]]]}},{"type":"Feature","properties":{},"geometry":{"type":"Polygon","coordinates":[[[31.340765,30.108343],[31.340832,30.108211],[31.341051,30.108294],[31.340995,30.108406],[31.340932,30.108382],[31.340946,30.108355],[31.340887,30.108333],[31.340863,30.10838],[31.340765,30.108343]]]}},{"type":"Feature","properties":{},"geometry":{"type":"Polygon","coordinates":[[[31.34191,30.099081],[31.34187,30.099149],[31.34182,30.099127],[31.341838,30.099096],[31.341775,30.099067],[31.341797,30.099031],[31.34191,30.099081]]]}},{"type":"Feature","properties":{},"geometry":{"type":"Polygon","coordinates":[[[31.348479,30.109105],[31.348549,30.108974],[31.348715,30.10904],[31.348645,30.109171],[31.348479,30.109105]]]}},{"type":"Feature","properties":{},"geometry":{"type":"Polygon","coordinates":[[[31.349446,30.109425],[31.349321,30.109545],[31.349196,30.109447],[31.349321,30.109327],[31.349446,30.109425]]]}},{"type":"Feature","properties":{},"geometry":{"type":"Polygon","coordinates":[[[31.353072,30.106967],[31.353125,30.10691],[31.353175,30.106944],[31.353121,30.107002],[31.353072,30.106967]]]}},{"type":"Feature","properties":{},"geometry":{"type":"Polygon","coordinates":[[[31.355841,30.102279],[31.355998,30.102358],[31.355891,30.102518],[31.355733,30.102439],[31.355841,30.102279]]]}},{"type":"Feature","properties":{},"geometry":{"type":"Polygon","coordinates":[[[31.330798,30.109501],[31.330729,30.109401],[31.330837,30.109345],[31.330906,30.109444],[31.330798,30.109501]]]}},{"type":"Feature","properties":{},"geometry":{"type":"Polygon","coordinates":[[[31.331128,30.098244],[31.331097,30.098271],[31.331036,30.098219],[31.331067,30.098192],[31.331128,30.098244]]]}},{"type":"Feature","properties":{},"geometry":{"type":"Polygon","coordinates":[[[31.33193,30.102109],[31.332011,30.102059],[31.33204,30.102094],[31.331959,30.102145],[31.33193,30.102109]]]}},{"type":"Feature","properties":{},"geometry":{"type":"Polygon","coordinates":[[[31.331939,30.093017],[31.331851,30.092935],[31.332021,30.092799],[31.332109,30.09288],[31.331939,30.093017]]]}},{"type":"Feature","properties":{},"geometry":{"type":"Polygon","coordinates":[[[31.332495,30.107696],[31.332457,30.107794],[31.332307,30.107751],[31.332345,30.107652],[31.332495,30.107696]]]}},{"type":"Feature","properties":{},"geometry":{"type":"Polygon","coordinates":[[[31.333065,30.097648],[31.33305,30.097701],[31.332999,30.09769],[31.333014,30.097638],[31.333065,30.097648]]]}},{"type":"Feature","properties":{},"geometry":{"type":"Polygon","coordinates":[[[31.335411,30.098901],[31.335296,30.098962],[31.335171,30.098785],[31.335341,30.098694],[31.335461,30.098863],[31.335405,30.098893],[31.335411,30.098901]]]}},{"type":"Feature","properties":{},"geometry":{"type":"Polygon","coordinates":[[[31.336807,30.099397],[31.336344,30.099667],[31.336219,30.099507],[31.336487,30.099351],[31.336418,30.099262],[31.336633,30.099137],[31.336747,30.099283],[31.336728,30.099295],[31.336807,30.099397]]]}},{"type":"Feature","properties":{},"geometry":{"type":"Polygon","coordinates":[[[31.337628,30.099751],[31.337773,30.099755],[31.337769,30.099877],[31.337624,30.099873],[31.337628,30.099751]]]}},{"type":"Feature","properties":{},"geometry":{"type":"Polygon","coordinates":[[[31.339801,30.100327],[31.339786,30.10046],[31.339684,30.100451],[31.339694,30.100366],[31.33971,30.100367],[31.339715,30.100319],[31.339801,30.100327]]]}},{"type":"Feature","properties":{},"geometry":{"type":"Polygon","coordinates":[[[31.340593,30.096789],[31.340725,30.096988],[31.340683,30.097009],[31.34065,30.096958],[31.340574,30.096996],[31.340595,30.097028],[31.340565,30.097043],[31.340609,30.09711],[31.340496,30.097166],[31.340332,30.096917],[31.340593,30.096789]]]}},{"type":"Feature","properties":{},"geometry":{"type":"Polygon","coordinates":[[[31.343661,30.091542],[31.343612,30.091495],[31.343564,30.091475],[31.343408,30.091323],[31.343581,30.09119],[31.343689,30.091234],[31.34375,30.091293],[31.34381,30.091317],[31.343842,30.091349],[31.34392,30.09138],[31.343968,30.091427],[31.343991,30.091409],[31.344099,30.091453],[31.34415,30.091503],[31.344045,30.091698],[31.343661,30.091542]]]}},{"type":"Feature","properties":{},"geometry":{"type":"Polygon","coordinates":[[[31.346603,30.106198],[31.346592,30.106219],[31.34647,30.106174],[31.346557,30.106002],[31.34673,30.106067],[31.346655,30.106217],[31.346603,30.106198]]]}},{"type":"Feature","properties":{},"geometry":{"type":"Polygon","coordinates":[[[31.348079,30.099919],[31.348182,30.099784],[31.348333,30.099871],[31.348231,30.100005],[31.348079,30.099919]]]}},{"type":"Feature","properties":{},"geometry":{"type":"Polygon","coordinates":[[[31.330801,30.101071],[31.330777,30.101047],[31.33083,30.101006],[31.330939,30.101114],[31.330848,30.101183],[31.330763,30.1011],[31.330801,30.101071]]]}},{"type":"Feature","properties":{},"geometry":{"type":"Polygon","coordinates":[[[31.330804,30.104438],[31.330671,30.104384],[31.330792,30.104162],[31.330925,30.104216],[31.330804,30.104438]]]}},{"type":"Feature","properties":{},"geometry":{"type":"Polygon","coordinates":[[[31.331479,30.096981],[31.331634,30.096864],[31.331704,30.096934],[31.33155,30.097051],[31.331479,30.096981]]]}},{"type":"Feature","properties":{},"geometry":{"type":"Polygon","coordinates":[[[31.333582,30.095144],[31.333546,30.095109],[31.333475,30.095164],[31.3334,30.095091],[31.333617,30.094924],[31.333728,30.095032],[31.333582,30.095144]]]}},{"type":"Feature","properties":{},"geometry":{"type":"Polygon","coordinates":[[[31.333768,30.092455],[31.333589,30.092569],[31.333514,30.09248],[31.333625,30.092411],[31.3336,30.092381],[31.333669,30.092337],[31.333768,30.092455]]]}},{"type":"Feature","properties":{},"geometry":{"type":"Polygon","coordinates":[[[31.336722,30.105175],[31.336904,30.105328],[31.336715,30.105497],[31.336533,30.105344],[31.336722,30.105175]]]}},{"type":"Feature","properties":{},"geometry":{"type":"Polygon","coordinates":[[[31.337881,30.099748],[31.33775,30.099743],[31.33773,30.099715],[31.337732,30.099678],[31.337714,30.099653],[31.33761,30.099709],[31.337457,30.099494],[31.337774,30.099325],[31.337845,30.099425],[31.337897,30.099427],[31.337881,30.099748]]]}},{"type":"Feature","properties":{},"geometry":{"type":"Polygon","coordinates":[[[31.340097,30.101241],[31.340083,30.101207],[31.340131,30.10091],[31.340081,30.100791],[31.340086,30.10076],[31.340146,30.100709],[31.340292,30.100662],[31.340376,30.100735],[31.340477,30.100974],[31.340453,30.100982],[31.34038,30.100919],[31.340329,30.100935],[31.340385,30.100983],[31.340378,30.101026],[31.34032,30.101019],[31.340312,30.101065],[31.340254,30.101058],[31.340294,30.101093],[31.340326,30.101097],[31.340373,30.101138],[31.340351,30.101272],[31.340097,30.101241]]]}},{"type":"Feature","properties":{},"geometry":{"type":"Polygon","coordinates":[[[31.340114,30.109547],[31.340015,30.109714],[31.339873,30.109651],[31.339972,30.109484],[31.340114,30.109547]]]}},{"type":"Feature","properties":{},"geometry":{"type":"Polygon","coordinates":[[[31.340901,30.105402],[31.340824,30.105568],[31.340628,30.1055],[31.340705,30.105334],[31.340901,30.105402]]]}},{"type":"Feature","properties":{},"geometry":{"type":"Polygon","coordinates":[[[31.341402,30.104579],[31.341375,30.104631],[31.341407,30.104644],[31.341356,30.104743],[31.341146,30.104662],[31.341224,30.10451],[31.341402,30.104579]]]}},{"type":"Feature","properties":{},"geometry":{"type":"Polygon","coordinates":[[[31.341798,30.102991],[31.341877,30.102835],[31.34205,30.102901],[31.342001,30.102999],[31.34205,30.103017],[31.34202,30.103076],[31.341798,30.102991]]]}},{"type":"Feature","properties":{},"geometry":{"type":"Polygon","coordinates":[[[31.344915,30.092004],[31.344925,30.092009],[31.344957,30.091959],[31.345153,30.092052],[31.345043,30.092227],[31.344962,30.092189],[31.344948,30.092212],[31.344821,30.092153],[31.344915,30.092004]]]}},{"type":"Feature","properties":{},"geometry":{"type":"Polygon","coordinates":[[[31.345509,30.102442],[31.345365,30.102351],[31.345558,30.102123],[31.345702,30.102214],[31.345509,30.102442]]]}},{"type":"Feature","properties":{},"geometry":{"type":"Polygon","coordinates":[[[31.347553,30.099703],[31.347692,30.099747],[31.347627,30.099899],[31.347488,30.099855],[31.347553,30.099703]]]}},{"type":"Feature","properties":{},"geometry":{"type":"Polygon","coordinates":[[[31.348977,30.100282],[31.349119,30.100344],[31.34906,30.100446],[31.348918,30.100384],[31.348977,30.100282]]]}},{"type":"Feature","properties":{},"geometry":{"type":"Polygon","coordinates":[[[31.35059,30.09307],[31.350492,30.093118],[31.350332,30.092875],[31.350431,30.092827],[31.35059,30.09307]]]}},{"type":"Feature","properties":{},"geometry":{"type":"Polygon","coordinates":[[[31.330256,30.099272],[31.330189,30.099326],[31.330098,30.099241],[31.330166,30.099187],[31.330256,30.099272]]]}},{"type":"Feature","properties":{},"geometry":{"type":"Polygon","coordinates":[[[31.330532,30.103227],[31.330667,30.103396],[31.330459,30.10352],[31.330324,30.103351],[31.330532,30.103227]]]}},{"type":"Feature","properties":{},"geometry":{"type":"Polygon","coordinates":[[[31.330573,30.095393],[31.330753,30.095473],[31.330632,30.095676],[31.330569,30.095647],[31.330612,30.095575],[31.330481,30.095517],[31.330511,30.095467],[31.330419,30.095426],[31.330454,30.095367],[31.33051,30.095392],[31.330497,30.095414],[31.330547,30.095437],[31.330573,30.095393]]]}},{"type":"Feature","properties":{},"geometry":{"type":"Polygon","coordinates":[[[31.33058,30.109002],[31.33071,30.108897],[31.330791,30.108972],[31.330661,30.109077],[31.33058,30.109002]]]}},{"type":"Feature","properties":{},"geometry":{"type":"Polygon","coordinates":[[[31.332082,30.099131],[31.33215,30.099208],[31.332104,30.09924],[31.332035,30.099163],[31.332082,30.099131]]]}},{"type":"Feature","properties":{},"geometry":{"type":"Polygon","coordinates":[[[31.333472,30.094285],[31.333552,30.094226],[31.333507,30.09418],[31.333586,30.094121],[31.333752,30.09429],[31.333592,30.094408],[31.333472,30.094285]]]}},{"type":"Feature","properties":{},"geometry":{"type":"Polygon","coordinates":[[[31.33504,30.10105],[31.335106,30.100685],[31.335445,30.100732],[31.335403,30.100965],[31.335283,30.100948],[31.335259,30.10108],[31.33504,30.10105]]]}},{"type":"Feature","properties":{},"geometry":{"type":"Polygon","coordinates":[[[31.335901,30.100547],[31.335947,30.100276],[31.336021,30.100285],[31.336132,30.100327],[31.336178,30.100333],[31.336244,30.100358],[31.336137,30.100577],[31.335901,30.100547]]]}},{"type":"Feature","properties":{},"geometry":{"type":"Polygon","coordinates":[[[31.338698,30.097214],[31.338573,30.097291],[31.338426,30.097111],[31.338552,30.097035],[31.338698,30.097214]]]}},{"type":"Feature","properties":{},"geometry":{"type":"Polygon","coordinates":[[[31.338731,30.10301],[31.338673,30.103133],[31.338537,30.103085],[31.338595,30.102962],[31.338731,30.10301]]]}},{"type":"Feature","properties":{},"geometry":{"type":"Polygon","coordinates":[[[31.340466,30.100434],[31.340433,30.100447],[31.340395,30.10038],[31.340505,30.100333],[31.340556,30.100423],[31.340478,30.100456],[31.340466,30.100434]]]}},{"type":"Feature","properties":{},"geometry":{"type":"Polygon","coordinates":[[[31.340543,30.105077],[31.340749,30.105164],[31.34069,30.105269],[31.340484,30.105182],[31.340543,30.105077]]]}},{"type":"Feature","properties":{},"geometry":{"type":"Polygon","coordinates":[[[31.340831,30.102559],[31.340743,30.102717],[31.340475,30.102599],[31.34056,30.102446],[31.340831,30.102559]]]}},{"type":"Feature","properties":{},"geometry":{"type":"Polygon","coordinates":[[[31.340851,30.101878],[31.340774,30.102024],[31.34048,30.101908],[31.340539,30.101796],[31.340499,30.10178],[31.340517,30.101746],[31.340851,30.101878]]]}},{"type":"Feature","properties":{},"geometry":{"type":"Polygon","coordinates":[[[31.345574,30.100126],[31.345382,30.100203],[31.345267,30.099989],[31.34546,30.099912],[31.345574,30.100126]]]}},{"type":"Feature","properties":{},"geometry":{"type":"Polygon","coordinates":[[[31.345654,30.105245],[31.345755,30.105439],[31.34557,30.105511],[31.345469,30.105317],[31.345654,30.105245]]]}},{"type":"Feature","properties":{},"geometry":{"type":"Polygon","coordinates":[[[31.348041,30.100161],[31.348142,30.100016],[31.348277,30.100086],[31.348175,30.100231],[31.348041,30.100161]]]}},{"type":"Feature","properties":{},"geometry":{"type":"Polygon","coordinates":[[[31.348134,30.092827],[31.348162,30.092868],[31.348116,30.092891],[31.348088,30.09285],[31.348134,30.092827]]]}},{"type":"Feature","properties":{},"geometry":{"type":"Polygon","coordinates":[[[31.349246,30.107726],[31.349295,30.107647],[31.349653,30.107815],[31.349647,30.107825],[31.349782,30.107889],[31.349739,30.107958],[31.349246,30.107726]]]}},{"type":"Feature","properties":{},"geometry":{"type":"Polygon","coordinates":[[[31.33064,30.098629],[31.330934,30.098928],[31.330978,30.098896],[31.331074,30.098994],[31.330917,30.09911],[31.330527,30.098713],[31.33064,30.098629]]]}},{"type":"Feature","properties":{},"geometry":{"type":"Polygon","coordinates":[[[31.331993,30.093306],[31.331805,30.093431],[31.331697,30.093309],[31.331791,30.093247],[31.331769,30.093222],[31.331863,30.09316],[31.331993,30.093306]]]}},{"type":"Feature","properties":{},"geometry":{"type":"Polygon","coordinates":[[[31.335058,30.099097],[31.335217,30.099008],[31.335369,30.099211],[31.335209,30.0993],[31.335058,30.099097]]]}},{"type":"Feature","properties":{},"geometry":{"type":"Polygon","coordinates":[[[31.33565,30.108273],[31.335797,30.10821],[31.335907,30.108401],[31.33576,30.108464],[31.33565,30.108273]]]}},{"type":"Feature","properties":{},"geometry":{"type":"Polygon","coordinates":[[[31.338339,30.104569],[31.338439,30.1046],[31.338392,30.104713],[31.338292,30.104682],[31.338339,30.104569]]]}},{"type":"Feature","properties":{},"geometry":{"type":"Polygon","coordinates":[[[31.341091,30.09197],[31.341029,30.091897],[31.341127,30.091834],[31.341268,30.091999],[31.34114,30.092081],[31.341062,30.091989],[31.341091,30.09197]]]}},{"type":"Feature","properties":{},"geometry":{"type":"Polygon","coordinates":[[[31.343514,30.105917],[31.343662,30.105886],[31.343675,30.105932],[31.343809,30.105904],[31.344005,30.106618],[31.34374,30.106673],[31.343684,30.106471],[31.343669,30.106474],[31.343514,30.105917]]]}},{"type":"Feature","properties":{},"geometry":{"type":"Polygon","coordinates":[[[31.345623,30.108682],[31.345837,30.108645],[31.345868,30.108778],[31.345819,30.108787],[31.34585,30.108921],[31.345777,30.108934],[31.345788,30.108983],[31.345673,30.109003],[31.345638,30.108849],[31.345661,30.108845],[31.345623,30.108682]]]}},{"type":"Feature","properties":{},"geometry":{"type":"Polygon","coordinates":[[[31.347051,30.094907],[31.346487,30.09431],[31.346593,30.09424],[31.347108,30.094785],[31.347831,30.094707],[31.347847,30.094816],[31.347723,30.09483],[31.34773,30.094874],[31.347685,30.094906],[31.34725,30.094953],[31.34724,30.094886],[31.347051,30.094907]]]}},{"type":"Feature","properties":{},"geometry":{"type":"Polygon","coordinates":[[[31.34873,30.107152],[31.348448,30.107007],[31.348531,30.106885],[31.348814,30.107029],[31.34873,30.107152]]]}},{"type":"Feature","properties":{},"geometry":{"type":"Polygon","coordinates":[[[31.3515,30.097359],[31.351475,30.097389],[31.351357,30.097315],[31.351382,30.097285],[31.3515,30.097359]]]}},{"type":"Feature","properties":{},"geometry":{"type":"Polygon","coordinates":[[[31.352293,30.103335],[31.352149,30.103256],[31.352171,30.103226],[31.352351,30.103325],[31.35228,30.103421],[31.352244,30.103401],[31.352293,30.103335]]]}},{"type":"Feature","properties":{},"geometry":{"type":"Polygon","coordinates":[[[31.352312,30.105701],[31.352227,30.105811],[31.351863,30.105602],[31.351948,30.105492],[31.352312,30.105701]]]}},{"type":"Feature","properties":{},"geometry":{"type":"Polygon","coordinates":[[[31.353895,30.105646],[31.353775,30.105815],[31.353687,30.105768],[31.353807,30.1056],[31.353895,30.105646]]]}},{"type":"Feature","properties":{},"geometry":{"type":"Polygon","coordinates":[[[31.331197,30.10903],[31.331301,30.108982],[31.331406,30.109152],[31.331301,30.1092],[31.331197,30.10903]]]}},{"type":"Feature","properties":{},"geometry":{"type":"Polygon","coordinates":[[[31.331449,30.09496],[31.331329,30.09506],[31.331133,30.094883],[31.331254,30.094783],[31.331449,30.09496]]]}},{"type":"Feature","properties":{},"geometry":{"type":"Polygon","coordinates":[[[31.333583,30.109572],[31.333638,30.10968],[31.333681,30.109664],[31.333761,30.109822],[31.333653,30.109863],[31.33364,30.109837],[31.333622,30.109844],[31.333592,30.109784],[31.333636,30.109767],[31.333619,30.109732],[31.333484,30.109783],[31.33341,30.109637],[31.333583,30.109572]]]}},{"type":"Feature","properties":{},"geometry":{"type":"Polygon","coordinates":[[[31.335867,30.109844],[31.335938,30.109976],[31.33581,30.110027],[31.335739,30.109896],[31.335867,30.109844]]]}},{"type":"Feature","properties":{},"geometry":{"type":"Polygon","coordinates":[[[31.335925,30.106472],[31.336098,30.106536],[31.335987,30.106759],[31.335814,30.106695],[31.335925,30.106472]]]}},{"type":"Feature","properties":{},"geometry":{"type":"Polygon","coordinates":[[[31.336017,30.097214],[31.335977,30.097349],[31.335881,30.097328],[31.335862,30.097391],[31.335722,30.09736],[31.33578,30.097162],[31.336017,30.097214]]]}},{"type":"Feature","properties":{},"geometry":{"type":"Polygon","coordinates":[[[31.337673,30.091366],[31.337819,30.091395],[31.337783,30.091532],[31.337637,30.091503],[31.337673,30.091366]]]}},{"type":"Feature","properties":{},"geometry":{"type":"Polygon","coordinates":[[[31.338459,30.096446],[31.338394,30.09648],[31.338364,30.096438],[31.338429,30.096404],[31.338459,30.096446]]]}},{"type":"Feature","properties":{},"geometry":{"type":"Polygon","coordinates":[[[31.340042,30.09336],[31.339855,30.093356],[31.339859,30.093206],[31.340047,30.09321],[31.340042,30.09336]]]}},{"type":"Feature","properties":{},"geometry":{"type":"Polygon","coordinates":[[[31.341282,30.103334],[31.34121,30.103465],[31.340985,30.103373],[31.341056,30.103242],[31.341282,30.103334]]]}},{"type":"Feature","properties":{},"geometry":{"type":"Polygon","coordinates":[[[31.346162,30.101685],[31.345995,30.101588],[31.346166,30.101366],[31.346334,30.101463],[31.346162,30.101685]]]}},{"type":"Feature","properties":{},"geometry":{"type":"Polygon","coordinates":[[[31.351806,30.107616],[31.351853,30.107555],[31.35189,30.107576],[31.351994,30.107443],[31.351971,30.107429],[31.352013,30.107375],[31.352126,30.10744],[31.351975,30.107634],[31.351941,30.107614],[31.351898,30.10767],[31.351806,30.107616]]]}},{"type":"Feature","properties":{},"geometry":{"type":"Polygon","coordinates":[[[31.352468,30.09482],[31.352663,30.09489],[31.352636,30.094946],[31.352441,30.094877],[31.352468,30.09482]]]}},{"type":"Feature","properties":{},"geometry":{"type":"Polygon","coordinates":[[[31.354177,30.098942],[31.354284,30.098748],[31.354352,30.098776],[31.354244,30.09897],[31.354177,30.098942]]]}},{"type":"Feature","properties":{},"geometry":{"type":"Polygon","coordinates":[[[31.330466,30.098523],[31.330496,30.098502],[31.33061,30.098624],[31.330504,30.098698],[31.330334,30.098517],[31.33041,30.098464],[31.330466,30.098523]]]}},{"type":"Feature","properties":{},"geometry":{"type":"Polygon","coordinates":[[[31.331685,30.109916],[31.331663,30.109925],[31.331692,30.109978],[31.331547,30.110038],[31.331502,30.109955],[31.331548,30.109936],[31.331513,30.109872],[31.331633,30.109823],[31.331685,30.109916]]]}},{"type":"Feature","properties":{},"geometry":{"type":"Polygon","coordinates":[[[31.332234,30.10409],[31.332352,30.104133],[31.332289,30.104265],[31.332171,30.104222],[31.332234,30.10409]]]}},{"type":"Feature","properties":{},"geometry":{"type":"Polygon","coordinates":[[[31.333665,30.101209],[31.333555,30.101297],[31.333392,30.101146],[31.333502,30.101057],[31.333665,30.101209]]]}},{"type":"Feature","properties":{},"geometry":{"type":"Polygon","coordinates":[[[31.336174,30.104663],[31.33607,30.104756],[31.335917,30.104627],[31.33602,30.104535],[31.336174,30.104663]]]}},{"type":"Feature","properties":{},"geometry":{"type":"Polygon","coordinates":[[[31.337412,30.095687],[31.33747,30.095755],[31.337353,30.09583],[31.337249,30.095706],[31.337348,30.095643],[31.337394,30.095698],[31.337412,30.095687]]]}},{"type":"Feature","properties":{},"geometry":{"type":"Polygon","coordinates":[[[31.341567,30.108653],[31.341641,30.108523],[31.341748,30.108568],[31.341674,30.108698],[31.341567,30.108653]]]}},{"type":"Feature","properties":{},"geometry":{"type":"Polygon","coordinates":[[[31.34215,30.098129],[31.342122,30.097925],[31.342282,30.097909],[31.342288,30.097948],[31.342433,30.097932],[31.342447,30.098035],[31.342408,30.098039],[31.342422,30.098143],[31.342319,30.098154],[31.342313,30.098112],[31.34215,30.098129]]]}},{"type":"Feature","properties":{},"geometry":{"type":"Polygon","coordinates":[[[31.347137,30.108178],[31.347289,30.108266],[31.347208,30.108371],[31.347056,30.108282],[31.347137,30.108178]]]}},{"type":"Feature","properties":{},"geometry":{"type":"Polygon","coordinates":[[[31.349893,30.100282],[31.349993,30.100128],[31.350102,30.100181],[31.350092,30.100197],[31.350146,30.100223],[31.350057,30.100361],[31.349893,30.100282]]]}},{"type":"Feature","properties":{},"geometry":{"type":"Polygon","coordinates":[[[31.352366,30.096374],[31.351975,30.096433],[31.351959,30.096351],[31.35187,30.09624],[31.351704,30.096172],[31.35165,30.096181],[31.351675,30.096211],[31.35171,30.096205],[31.351737,30.096239],[31.351725,30.096262],[31.351678,30.096243],[31.351638,30.096267],[31.351589,30.096274],[31.35158,30.096229],[31.351526,30.096237],[31.351494,30.096257],[31.351514,30.09622],[31.351488,30.096209],[31.351462,30.096256],[31.351423,30.09624],[31.351204,30.095967],[31.351346,30.095882],[31.351744,30.095822],[31.352188,30.096004],[31.352185,30.096009],[31.352251,30.095969],[31.352305,30.096037],[31.352222,30.096086],[31.352337,30.096229],[31.352366,30.096374]]]}},{"type":"Feature","properties":{},"geometry":{"type":"Polygon","coordinates":[[[31.354948,30.106788],[31.355022,30.106663],[31.355124,30.106707],[31.355051,30.106832],[31.354948,30.106788]]]}},{"type":"Feature","properties":{},"geometry":{"type":"Polygon","coordinates":[[[31.331251,30.108631],[31.331347,30.108596],[31.331432,30.108769],[31.331336,30.108804],[31.331251,30.108631]]]}},{"type":"Feature","properties":{},"geometry":{"type":"Polygon","coordinates":[[[31.331878,30.092171],[31.332039,30.09232],[31.331908,30.092426],[31.331746,30.092277],[31.331878,30.092171]]]}},{"type":"Feature","properties":{},"geometry":{"type":"Polygon","coordinates":[[[31.332437,30.095254],[31.332337,30.095333],[31.33217,30.095174],[31.33227,30.095095],[31.332437,30.095254]]]}},{"type":"Feature","properties":{},"geometry":{"type":"Polygon","coordinates":[[[31.332457,30.108025],[31.332495,30.107909],[31.332577,30.107929],[31.332582,30.107914],[31.332672,30.107937],[31.332629,30.108067],[31.332457,30.108025]]]}},{"type":"Feature","properties":{},"geometry":{"type":"Polygon","coordinates":[[[31.334394,30.104979],[31.334503,30.105018],[31.334409,30.105219],[31.3343,30.105181],[31.334394,30.104979]]]}},{"type":"Feature","properties":{},"geometry":{"type":"Polygon","coordinates":[[[31.334962,30.10452],[31.33478,30.104669],[31.334623,30.104524],[31.334647,30.104504],[31.334562,30.104426],[31.33472,30.104298],[31.334962,30.10452]]]}},{"type":"Feature","properties":{},"geometry":{"type":"Polygon","coordinates":[[[31.336014,30.092715],[31.336129,30.092534],[31.336292,30.092611],[31.336177,30.092792],[31.336014,30.092715]]]}},{"type":"Feature","properties":{},"geometry":{"type":"Polygon","coordinates":[[[31.336304,30.094213],[31.336133,30.094329],[31.335978,30.09416],[31.335967,30.094167],[31.335823,30.094009],[31.336005,30.093885],[31.336304,30.094213]]]}},{"type":"Feature","properties":{},"geometry":{"type":"Polygon","coordinates":[[[31.340992,30.106511],[31.340787,30.1066],[31.340576,30.106237],[31.340782,30.106147],[31.340992,30.106511]]]}},{"type":"Feature","properties":{},"geometry":{"type":"Polygon","coordinates":[[[31.343929,30.093738],[31.343951,30.093789],[31.343888,30.093809],[31.343867,30.093758],[31.343929,30.093738]]]}},{"type":"Feature","properties":{},"geometry":{"type":"Polygon","coordinates":[[[31.345184,30.091749],[31.345301,30.091777],[31.345255,30.091922],[31.345138,30.091894],[31.345184,30.091749]]]}},{"type":"Feature","properties":{},"geometry":{"type":"Polygon","coordinates":[[[31.346603,30.090564],[31.346578,30.090358],[31.346708,30.090346],[31.346733,30.090552],[31.346603,30.090564]]]}},{"type":"Feature","properties":{},"geometry":{"type":"Polygon","coordinates":[[[31.348188,30.104689],[31.348094,30.104733],[31.347993,30.104571],[31.348088,30.104527],[31.348188,30.104689]]]}},{"type":"Feature","properties":{},"geometry":{"type":"Polygon","coordinates":[[[31.330112,30.107974],[31.330252,30.108085],[31.330123,30.108207],[31.32997,30.108085],[31.330055,30.108005],[31.330068,30.108015],[31.330112,30.107974]]]}},{"type":"Feature","properties":{},"geometry":{"type":"Polygon","coordinates":[[[31.330592,30.104023],[31.330704,30.103819],[31.330851,30.103879],[31.330739,30.104083],[31.330592,30.104023]]]}},{"type":"Feature","properties":{},"geometry":{"type":"Polygon","coordinates":[[[31.331145,30.093215],[31.33119,30.09318],[31.331154,30.093146],[31.331215,30.093098],[31.331385,30.09326],[31.331279,30.093343],[31.331145,30.093215]]]}},{"type":"Feature","properties":{},"geometry":{"type":"Polygon","coordinates":[[[31.333741,30.09604],[31.333703,30.096032],[31.333692,30.096067],[31.333546,30.096034],[31.333589,30.095893],[31.333773,30.095934],[31.333741,30.09604]]]}},{"type":"Feature","properties":{},"geometry":{"type":"Polygon","coordinates":[[[31.334182,30.098795],[31.334339,30.098841],[31.334281,30.098989],[31.334124,30.098942],[31.334182,30.098795]]]}},{"type":"Feature","properties":{},"geometry":{"type":"Polygon","coordinates":[[[31.335465,30.097929],[31.335505,30.09779],[31.335566,30.097803],[31.33557,30.097787],[31.335645,30.097803],[31.335593,30.097985],[31.335505,30.097966],[31.335512,30.09794],[31.335465,30.097929]]]}},{"type":"Feature","properties":{},"geometry":{"type":"Polygon","coordinates":[[[31.339256,30.103929],[31.339297,30.103849],[31.339239,30.103827],[31.3393,30.103709],[31.339753,30.103882],[31.339652,30.10408],[31.339256,30.103929]]]}},{"type":"Feature","properties":{},"geometry":{"type":"Polygon","coordinates":[[[31.339556,30.090414],[31.339579,30.090616],[31.339412,30.090687],[31.339395,30.090689],[31.339287,30.0905],[31.339281,30.090454],[31.339329,30.090433],[31.339556,30.090414]]]}},{"type":"Feature","properties":{},"geometry":{"type":"Polygon","coordinates":[[[31.339774,30.10586],[31.339699,30.10599],[31.339487,30.105899],[31.339562,30.105769],[31.339774,30.10586]]]}},{"type":"Feature","properties":{},"geometry":{"type":"Polygon","coordinates":[[[31.34034,30.109647],[31.340485,30.109698],[31.340401,30.109875],[31.340256,30.109824],[31.34034,30.109647]]]}},{"type":"Feature","properties":{},"geometry":{"type":"Polygon","coordinates":[[[31.340845,30.0921],[31.340923,30.09204],[31.340982,30.092097],[31.341009,30.092075],[31.341084,30.092148],[31.340979,30.092229],[31.340845,30.0921]]]}},{"type":"Feature","properties":{},"geometry":{"type":"Polygon","coordinates":[[[31.34089,30.104961],[31.340675,30.104879],[31.340738,30.104755],[31.340953,30.104837],[31.34089,30.104961]]]}},{"type":"Feature","properties":{},"geometry":{"type":"Polygon","coordinates":[[[31.34278,30.091747],[31.342561,30.092202],[31.342479,30.092172],[31.342575,30.091973],[31.342513,30.091951],[31.342544,30.091886],[31.342636,30.091918],[31.342727,30.091728],[31.34278,30.091747]]]}},{"type":"Feature","properties":{},"geometry":{"type":"Polygon","coordinates":[[[31.34621,30.090721],[31.346122,30.090822],[31.346253,30.090907],[31.346189,30.090981],[31.345937,30.090819],[31.346089,30.090643],[31.34621,30.090721]]]}},{"type":"Feature","properties":{},"geometry":{"type":"Polygon","coordinates":[[[31.347351,30.099989],[31.347494,30.100058],[31.3474,30.100205],[31.347257,30.100136],[31.347351,30.099989]]]}},{"type":"Feature","properties":{},"geometry":{"type":"Polygon","coordinates":[[[31.347786,30.104841],[31.347651,30.105027],[31.347471,30.10493],[31.347509,30.104878],[31.347461,30.104852],[31.347482,30.104824],[31.347421,30.104791],[31.347499,30.104685],[31.347786,30.104841]]]}},{"type":"Feature","properties":{},"geometry":{"type":"Polygon","coordinates":[[[31.351685,30.091669],[31.351735,30.091657],[31.351767,30.091659],[31.351713,30.091671],[31.351677,30.091715],[31.351675,30.091741],[31.351685,30.091772],[31.351653,30.09177],[31.351595,30.09184],[31.351588,30.091943],[31.351442,30.091977],[31.351409,30.091871],[31.351426,30.09185],[31.351428,30.091816],[31.351375,30.091783],[31.351335,30.091781],[31.351343,30.091654],[31.351301,30.091628],[31.35133,30.091593],[31.351377,30.091622],[31.351414,30.091624],[31.351441,30.091592],[31.351444,30.09155],[31.351406,30.091526],[31.351492,30.091422],[31.35159,30.091483],[31.351582,30.091605],[31.351685,30.091669]]]}},{"type":"Feature","properties":{},"geometry":{"type":"Polygon","coordinates":[[[31.352196,30.104868],[31.351721,30.104673],[31.351747,30.104626],[31.351714,30.104612],[31.351763,30.104521],[31.352353,30.104763],[31.352307,30.104847],[31.35232,30.104852],[31.352201,30.10507],[31.352107,30.105031],[31.352196,30.104868]]]}},{"type":"Feature","properties":{},"geometry":{"type":"Polygon","coordinates":[[[31.353144,30.10515],[31.353307,30.105064],[31.353341,30.10508],[31.353394,30.105155],[31.353372,30.10519],[31.353314,30.105162],[31.35306,30.105561],[31.353099,30.10558],[31.353077,30.105615],[31.353138,30.105582],[31.353182,30.105603],[31.353224,30.105662],[31.353257,30.10561],[31.353285,30.105595],[31.353308,30.105627],[31.353232,30.105746],[31.353124,30.105812],[31.352978,30.105742],[31.352917,30.105656],[31.353007,30.105515],[31.352935,30.105478],[31.353144,30.10515]]]}},{"type":"Feature","properties":{},"geometry":{"type":"Polygon","coordinates":[[[31.333736,30.109137],[31.333653,30.109174],[31.333587,30.109062],[31.33367,30.109025],[31.333736,30.109137]]]}},{"type":"Feature","properties":{},"geometry":{"type":"Polygon","coordinates":[[[31.334539,30.09305],[31.33459,30.093017],[31.334649,30.093083],[31.334597,30.093117],[31.334539,30.09305]]]}},{"type":"Feature","properties":{},"geometry":{"type":"Polygon","coordinates":[[[31.335658,30.098448],[31.335823,30.098335],[31.336179,30.098723],[31.336014,30.098836],[31.335658,30.098448]]]}},{"type":"Feature","properties":{},"geometry":{"type":"Polygon","coordinates":[[[31.337353,30.099383],[31.337234,30.099225],[31.337414,30.099124],[31.337533,30.099282],[31.337353,30.099383]]]}},{"type":"Feature","properties":{},"geometry":{"type":"Polygon","coordinates":[[[31.339811,30.095506],[31.339665,30.095587],[31.339503,30.095368],[31.339579,30.095325],[31.339569,30.095312],[31.33964,30.095273],[31.339811,30.095506]]]}},{"type":"Feature","properties":{},"geometry":{"type":"Polygon","coordinates":[[[31.34423,30.107282],[31.344271,30.107416],[31.344198,30.107433],[31.3442,30.107439],[31.34408,30.107467],[31.344037,30.107326],[31.34423,30.107282]]]}},{"type":"Feature","properties":{},"geometry":{"type":"Polygon","coordinates":[[[31.349753,30.104977],[31.349918,30.104771],[31.350033,30.10484],[31.349868,30.105046],[31.350149,30.105214],[31.35006,30.105325],[31.349795,30.105165],[31.34986,30.105084],[31.349775,30.105033],[31.349798,30.105004],[31.349753,30.104977]]]}},{"type":"Feature","properties":{},"geometry":{"type":"Polygon","coordinates":[[[31.330466,30.103224],[31.330289,30.102982],[31.330486,30.102874],[31.330663,30.103116],[31.330466,30.103224]]]}},{"type":"Feature","properties":{},"geometry":{"type":"Polygon","coordinates":[[[31.330482,30.096356],[31.330358,30.096229],[31.330513,30.096115],[31.330638,30.096243],[31.330482,30.096356]]]}},{"type":"Feature","properties":{},"geometry":{"type":"Polygon","coordinates":[[[31.331834,30.105912],[31.331966,30.105659],[31.332033,30.105685],[31.332046,30.105659],[31.332132,30.105692],[31.33211,30.105735],[31.332131,30.105743],[31.332065,30.105872],[31.332022,30.105855],[31.331966,30.105963],[31.331834,30.105912]]]}},{"type":"Feature","properties":{},"geometry":{"type":"Polygon","coordinates":[[[31.332328,30.107998],[31.332329,30.108032],[31.332229,30.108036],[31.332225,30.107941],[31.332357,30.107936],[31.33236,30.107997],[31.332328,30.107998]]]}},{"type":"Feature","properties":{},"geometry":{"type":"Polygon","coordinates":[[[31.333198,30.105511],[31.333311,30.105284],[31.333465,30.105341],[31.333352,30.105568],[31.333198,30.105511]]]}},{"type":"Feature","properties":{},"geometry":{"type":"Polygon","coordinates":[[[31.333208,30.107108],[31.333342,30.10716],[31.333211,30.107413],[31.333077,30.107361],[31.333208,30.107108]]]}},{"type":"Feature","properties":{},"geometry":{"type":"Polygon","coordinates":[[[31.334468,30.09224],[31.334532,30.092196],[31.334668,30.092342],[31.334605,30.092386],[31.334468,30.09224]]]}},{"type":"Feature","properties":{},"geometry":{"type":"Polygon","coordinates":[[[31.336702,30.099155],[31.336836,30.099078],[31.336846,30.099091],[31.336893,30.099064],[31.337055,30.099275],[31.336874,30.099379],[31.336702,30.099155]]]}},{"type":"Feature","properties":{},"geometry":{"type":"Polygon","coordinates":[[[31.339041,30.096488],[31.339239,30.096388],[31.339329,30.096522],[31.339131,30.096622],[31.339041,30.096488]]]}},{"type":"Feature","properties":{},"geometry":{"type":"Polygon","coordinates":[[[31.339167,30.095927],[31.339252,30.095886],[31.339268,30.095911],[31.339183,30.095952],[31.339167,30.095927]]]}},{"type":"Feature","properties":{},"geometry":{"type":"Polygon","coordinates":[[[31.339862,30.097738],[31.339972,30.097922],[31.339736,30.098029],[31.339631,30.097853],[31.339711,30.097817],[31.339705,30.097808],[31.339862,30.097738]]]}},{"type":"Feature","properties":{},"geometry":{"type":"Polygon","coordinates":[[[31.340291,30.10037],[31.340282,30.10045],[31.340378,30.100458],[31.340369,30.100536],[31.340262,30.100527],[31.340273,30.100433],[31.340228,30.100429],[31.340236,30.100365],[31.340291,30.10037]]]}},{"type":"Feature","properties":{},"geometry":{"type":"Polygon","coordinates":[[[31.341317,30.105551],[31.341468,30.105487],[31.341611,30.105743],[31.341461,30.105806],[31.341317,30.105551]]]}},{"type":"Feature","properties":{},"geometry":{"type":"Polygon","coordinates":[[[31.341933,30.107982],[31.341872,30.107866],[31.341983,30.107823],[31.342044,30.107939],[31.341933,30.107982]]]}},{"type":"Feature","properties":{},"geometry":{"type":"Polygon","coordinates":[[[31.342266,30.105106],[31.342416,30.105355],[31.342256,30.105422],[31.342109,30.105177],[31.342266,30.105106]]]}},{"type":"Feature","properties":{},"geometry":{"type":"Polygon","coordinates":[[[31.343832,30.092329],[31.343812,30.092375],[31.343723,30.092346],[31.343743,30.0923],[31.343832,30.092329]]]}},{"type":"Feature","properties":{},"geometry":{"type":"Polygon","coordinates":[[[31.344999,30.090351],[31.345152,30.090476],[31.34509,30.090532],[31.345023,30.090477],[31.344975,30.090521],[31.34489,30.090451],[31.344999,30.090351]]]}},{"type":"Feature","properties":{},"geometry":{"type":"Polygon","coordinates":[[[31.345371,30.091279],[31.345286,30.091416],[31.345111,30.091335],[31.345195,30.091198],[31.345371,30.091279]]]}},{"type":"Feature","properties":{},"geometry":{"type":"Polygon","coordinates":[[[31.34547,30.102087],[31.345314,30.102324],[31.345142,30.102239],[31.345297,30.102002],[31.34547,30.102087]]]}},{"type":"Feature","properties":{},"geometry":{"type":"Polygon","coordinates":[[[31.347424,30.107154],[31.347363,30.107233],[31.347221,30.107151],[31.347282,30.107073],[31.347424,30.107154]]]}},{"type":"Feature","properties":{},"geometry":{"type":"Polygon","coordinates":[[[31.348643,30.106653],[31.348909,30.106792],[31.348796,30.106954],[31.34853,30.106815],[31.348643,30.106653]]]}},{"type":"Feature","properties":{},"geometry":{"type":"Polygon","coordinates":[[[31.349357,30.107394],[31.349438,30.107441],[31.349286,30.107636],[31.349205,30.107588],[31.349357,30.107394]]]}},{"type":"Feature","properties":{},"geometry":{"type":"Polygon","coordinates":[[[31.350137,30.106915],[31.350181,30.106858],[31.350261,30.106903],[31.350217,30.106961],[31.350137,30.106915]]]}},{"type":"Feature","properties":{},"geometry":{"type":"Polygon","coordinates":[[[31.350721,30.103435],[31.350761,30.10338],[31.350868,30.103439],[31.350827,30.103494],[31.350721,30.103435]]]}},{"type":"Feature","properties":{},"geometry":{"type":"Polygon","coordinates":[[[31.330593,30.107803],[31.33052,30.107873],[31.330367,30.107756],[31.33044,30.107685],[31.330593,30.107803]]]}},{"type":"Feature","properties":{},"geometry":{"type":"Polygon","coordinates":[[[31.333403,30.106802],[31.333455,30.106687],[31.333567,30.106725],[31.333527,30.106813],[31.333555,30.106823],[31.333483,30.106982],[31.33332,30.106927],[31.33338,30.106794],[31.333403,30.106802]]]}},{"type":"Feature","properties":{},"geometry":{"type":"Polygon","coordinates":[[[31.334594,30.092494],[31.334488,30.092577],[31.334302,30.0924],[31.334407,30.092317],[31.334594,30.092494]]]}},{"type":"Feature","properties":{},"geometry":{"type":"Polygon","coordinates":[[[31.334783,30.09455],[31.334636,30.094405],[31.334621,30.094417],[31.3346,30.094397],[31.334695,30.094324],[31.334863,30.094488],[31.334841,30.094504],[31.334875,30.094537],[31.334847,30.094558],[31.334815,30.094526],[31.334783,30.09455]]]}},{"type":"Feature","properties":{},"geometry":{"type":"Polygon","coordinates":[[[31.334935,30.094304],[31.335007,30.094372],[31.334891,30.094465],[31.334791,30.09437],[31.334864,30.094312],[31.334892,30.094338],[31.334935,30.094304]]]}},{"type":"Feature","properties":{},"geometry":{"type":"Polygon","coordinates":[[[31.336527,30.095797],[31.336554,30.095825],[31.336443,30.095906],[31.336416,30.095879],[31.336527,30.095797]]]}},{"type":"Feature","properties":{},"geometry":{"type":"Polygon","coordinates":[[[31.336633,30.099524],[31.336676,30.09958],[31.336513,30.099673],[31.33647,30.099616],[31.336633,30.099524]]]}},{"type":"Feature","properties":{},"geometry":{"type":"Polygon","coordinates":[[[31.336818,30.105728],[31.336607,30.106167],[31.336131,30.105996],[31.336137,30.105984],[31.335871,30.105889],[31.33602,30.10558],[31.336013,30.105578],[31.336081,30.105435],[31.336246,30.105494],[31.336225,30.105538],[31.33649,30.105633],[31.3365,30.105614],[31.336818,30.105728]]]}},{"type":"Feature","properties":{},"geometry":{"type":"Polygon","coordinates":[[[31.337389,30.097899],[31.337339,30.097928],[31.337286,30.097859],[31.337247,30.097881],[31.337157,30.097763],[31.337204,30.097736],[31.337238,30.097781],[31.337282,30.097757],[31.337251,30.097717],[31.337276,30.097703],[31.337315,30.097755],[31.33729,30.097769],[31.337389,30.097899]]]}},{"type":"Feature","properties":{},"geometry":{"type":"Polygon","coordinates":[[[31.339864,30.099822],[31.33989,30.099714],[31.339915,30.099679],[31.340133,30.099795],[31.340093,30.099955],[31.339996,30.099937],[31.340003,30.09991],[31.33995,30.099882],[31.339894,30.099871],[31.339901,30.099842],[31.339864,30.099822]]]}},{"type":"Feature","properties":{},"geometry":{"type":"Polygon","coordinates":[[[31.344407,30.106206],[31.34465,30.106161],[31.34466,30.106201],[31.344681,30.106197],[31.344736,30.106421],[31.344722,30.106424],[31.344756,30.106559],[31.344634,30.106582],[31.34464,30.106608],[31.344512,30.106632],[31.344407,30.106206]]]}},{"type":"Feature","properties":{},"geometry":{"type":"Polygon","coordinates":[[[31.345556,30.104937],[31.345742,30.104866],[31.345861,30.104992],[31.345926,30.105119],[31.345843,30.105178],[31.345947,30.105345],[31.345905,30.105361],[31.345843,30.105405],[31.345818,30.105415],[31.345758,30.105297],[31.345701,30.105237],[31.345691,30.105216],[31.345754,30.105187],[31.345709,30.105099],[31.345556,30.104937]]]}},{"type":"Feature","properties":{},"geometry":{"type":"Polygon","coordinates":[[[31.346236,30.090713],[31.346355,30.090736],[31.346327,30.090848],[31.346208,30.090825],[31.346236,30.090713]]]}},{"type":"Feature","properties":{},"geometry":{"type":"Polygon","coordinates":[[[31.350273,30.094805],[31.35053,30.094584],[31.350581,30.094597],[31.350563,30.094654],[31.350632,30.094596],[31.350517,30.094496],[31.350574,30.094447],[31.350613,30.094456],[31.350598,30.094505],[31.350668,30.094567],[31.350722,30.09458],[31.35074,30.094596],[31.350881,30.09463],[31.350949,30.094693],[31.35097,30.094698],[31.350957,30.094739],[31.350999,30.094749],[31.350982,30.094764],[31.350966,30.094815],[31.351202,30.095021],[31.351179,30.095041],[31.351106,30.094977],[31.351082,30.095049],[31.350866,30.095234],[31.350856,30.095232],[31.350809,30.095272],[31.350273,30.094805]]]}},{"type":"Feature","properties":{},"geometry":{"type":"Polygon","coordinates":[[[31.351953,30.101273],[31.351876,30.101236],[31.351901,30.101197],[31.352181,30.101329],[31.352136,30.101401],[31.351933,30.101305],[31.351953,30.101273]]]}},{"type":"Feature","properties":{},"geometry":{"type":"Polygon","coordinates":[[[31.330534,30.100231],[31.330646,30.100145],[31.330687,30.100185],[31.330575,30.100271],[31.330534,30.100231]]]}},{"type":"Feature","properties":{},"geometry":{"type":"Polygon","coordinates":[[[31.331463,30.104162],[31.331627,30.104228],[31.331562,30.10435],[31.331502,30.104326],[31.331466,30.104393],[31.331362,30.104352],[31.331463,30.104162]]]}},{"type":"Feature","properties":{},"geometry":{"type":"Polygon","coordinates":[[[31.337827,30.094407],[31.337906,30.094342],[31.337937,30.09437],[31.337959,30.094352],[31.338066,30.09445],[31.337965,30.094533],[31.337827,30.094407]]]}},{"type":"Feature","properties":{},"geometry":{"type":"Polygon","coordinates":[[[31.337884,30.096002],[31.337971,30.095965],[31.33809,30.096168],[31.337945,30.096231],[31.33785,30.096068],[31.337908,30.096043],[31.337884,30.096002]]]}},{"type":"Feature","properties":{},"geometry":{"type":"Polygon","coordinates":[[[31.338594,30.095598],[31.338768,30.095504],[31.33882,30.095576],[31.338804,30.095584],[31.338837,30.095629],[31.338786,30.095656],[31.33877,30.095633],[31.338661,30.095691],[31.338594,30.095598]]]}},{"type":"Feature","properties":{},"geometry":{"type":"Polygon","coordinates":[[[31.34079,30.090887],[31.340806,30.09087],[31.340763,30.09084],[31.340827,30.090771],[31.341019,30.090904],[31.340973,30.090953],[31.340996,30.090969],[31.340961,30.091006],[31.34079,30.090887]]]}},{"type":"Feature","properties":{},"geometry":{"type":"Polygon","coordinates":[[[31.34108,30.096914],[31.341238,30.096828],[31.341388,30.097032],[31.34123,30.097119],[31.34108,30.096914]]]}},{"type":"Feature","properties":{},"geometry":{"type":"Polygon","coordinates":[[[31.341406,30.104237],[31.341487,30.10408],[31.341688,30.104158],[31.341607,30.104315],[31.341406,30.104237]]]}},{"type":"Feature","properties":{},"geometry":{"type":"Polygon","coordinates":[[[31.346086,30.108257],[31.346145,30.108288],[31.346088,30.10837],[31.346029,30.108338],[31.346086,30.108257]]]}},{"type":"Feature","properties":{},"geometry":{"type":"Polygon","coordinates":[[[31.346835,30.099884],[31.346859,30.099846],[31.346853,30.099843],[31.346892,30.099782],[31.346971,30.09982],[31.346984,30.099798],[31.34708,30.099844],[31.347004,30.099964],[31.346835,30.099884]]]}},{"type":"Feature","properties":{},"geometry":{"type":"Polygon","coordinates":[[[31.347259,30.101988],[31.347452,30.102086],[31.347294,30.102319],[31.347101,30.102222],[31.347259,30.101988]]]}},{"type":"Feature","properties":{},"geometry":{"type":"Polygon","coordinates":[[[31.349255,30.10038],[31.34937,30.10047],[31.349249,30.100586],[31.349134,30.100496],[31.349255,30.10038]]]}},{"type":"Feature","properties":{},"geometry":{"type":"Polygon","coordinates":[[[31.349634,30.109163],[31.349492,30.109334],[31.349354,30.109249],[31.349496,30.109077],[31.349634,30.109163]]]}},{"type":"Feature","properties":{},"geometry":{"type":"Polygon","coordinates":[[[31.349753,30.100452],[31.349854,30.100308],[31.350019,30.100394],[31.349918,30.100539],[31.349753,30.100452]]]}},{"type":"Feature","properties":{},"geometry":{"type":"Polygon","coordinates":[[[31.350474,30.108966],[31.350466,30.108977],[31.350663,30.109099],[31.350604,30.109179],[31.350573,30.109159],[31.350515,30.109228],[31.350034,30.108931],[31.350064,30.108895],[31.350017,30.108867],[31.35,30.108888],[31.349813,30.108773],[31.349927,30.108635],[31.349879,30.108605],[31.349905,30.108575],[31.349987,30.108625],[31.349965,30.108651],[31.350474,30.108966]]]}},{"type":"Feature","properties":{},"geometry":{"type":"Polygon","coordinates":[[[31.351539,30.104166],[31.35128,30.104515],[31.351115,30.104423],[31.351373,30.104075],[31.351539,30.104166]]]}},{"type":"Feature","properties":{},"geometry":{"type":"Polygon","coordinates":[[[31.330013,30.094058],[31.330129,30.093965],[31.330183,30.094015],[31.330108,30.094075],[31.330178,30.094142],[31.330137,30.094175],[31.330013,30.094058]]]}},{"type":"Feature","properties":{},"geometry":{"type":"Polygon","coordinates":[[[31.331809,30.109611],[31.331885,30.109712],[31.331746,30.109791],[31.331699,30.109729],[31.331724,30.109715],[31.331694,30.109676],[31.331809,30.109611]]]}},{"type":"Feature","properties":{},"geometry":{"type":"Polygon","coordinates":[[[31.333632,30.105695],[31.333737,30.105504],[31.333903,30.105572],[31.333798,30.105763],[31.333632,30.105695]]]}},{"type":"Feature","properties":{},"geometry":{"type":"Polygon","coordinates":[[[31.333795,30.093858],[31.333984,30.09372],[31.334042,30.093779],[31.333853,30.093918],[31.333795,30.093858]]]}},{"type":"Feature","properties":{},"geometry":{"type":"Polygon","coordinates":[[[31.340759,30.097112],[31.3409,30.097037],[31.341046,30.097241],[31.340906,30.097317],[31.340759,30.097112]]]}},{"type":"Feature","properties":{},"geometry":{"type":"Polygon","coordinates":[[[31.340924,30.10293],[31.340984,30.102804],[31.341222,30.10289],[31.341162,30.103015],[31.340924,30.10293]]]}},{"type":"Feature","properties":{},"geometry":{"type":"Polygon","coordinates":[[[31.344549,30.099994],[31.344725,30.10035],[31.344671,30.100394],[31.344624,30.100412],[31.344603,30.100369],[31.344555,30.100386],[31.344497,30.100333],[31.344446,30.100352],[31.344337,30.100132],[31.344218,30.100022],[31.344203,30.099994],[31.34445,30.099903],[31.344549,30.099994]]]}},{"type":"Feature","properties":{},"geometry":{"type":"Polygon","coordinates":[[[31.346857,30.101108],[31.346929,30.100997],[31.346946,30.101004],[31.346996,30.100926],[31.347016,30.100936],[31.347064,30.100861],[31.347272,30.100962],[31.347101,30.101226],[31.346857,30.101108]]]}},{"type":"Feature","properties":{},"geometry":{"type":"Polygon","coordinates":[[[31.348667,30.10072],[31.348834,30.100808],[31.348732,30.100953],[31.348565,30.100865],[31.348667,30.10072]]]}},{"type":"Feature","properties":{},"geometry":{"type":"Polygon","coordinates":[[[31.3494,30.110026],[31.349535,30.109863],[31.349689,30.109959],[31.349554,30.110121],[31.3494,30.110026]]]}},{"type":"Feature","properties":{},"geometry":{"type":"Polygon","coordinates":[[[31.330074,30.107602],[31.330153,30.107529],[31.330369,30.107702],[31.33029,30.107776],[31.330074,30.107602]]]}},{"type":"Feature","properties":{},"geometry":{"type":"Polygon","coordinates":[[[31.330153,30.090831],[31.330299,30.090785],[31.330368,30.09095],[31.330267,30.090981],[31.33026,30.090964],[31.330215,30.090978],[31.330153,30.090831]]]}},{"type":"Feature","properties":{},"geometry":{"type":"Polygon","coordinates":[[[31.332121,30.094687],[31.332173,30.094651],[31.332123,30.094597],[31.332198,30.094545],[31.332223,30.094571],[31.3323,30.094517],[31.332493,30.094722],[31.332417,30.094775],[31.332368,30.094722],[31.332321,30.094755],[31.33237,30.094807],[31.332288,30.094865],[31.332121,30.094687]]]}},{"type":"Feature","properties":{},"geometry":{"type":"Polygon","coordinates":[[[31.334873,30.104637],[31.335033,30.104503],[31.335163,30.10462],[31.335131,30.104646],[31.335101,30.104619],[31.334972,30.104727],[31.334873,30.104637]]]}},{"type":"Feature","properties":{},"geometry":{"type":"Polygon","coordinates":[[[31.33666,30.096222],[31.336708,30.096102],[31.336891,30.096156],[31.336843,30.096277],[31.33666,30.096222]]]}},{"type":"Feature","properties":{},"geometry":{"type":"Polygon","coordinates":[[[31.338871,30.105295],[31.339154,30.105403],[31.339095,30.105519],[31.338812,30.105411],[31.338871,30.105295]]]}},{"type":"Feature","properties":{},"geometry":{"type":"Polygon","coordinates":[[[31.339457,30.091911],[31.339621,30.092067],[31.339501,30.092161],[31.339443,30.092107],[31.339483,30.092076],[31.339376,30.091974],[31.339457,30.091911]]]}},{"type":"Feature","properties":{},"geometry":{"type":"Polygon","coordinates":[[[31.340064,30.109742],[31.340162,30.109563],[31.340323,30.109629],[31.340225,30.109808],[31.340064,30.109742]]]}},{"type":"Feature","properties":{},"geometry":{"type":"Polygon","coordinates":[[[31.340419,30.090585],[31.340301,30.090676],[31.340012,30.090396],[31.340093,30.090334],[31.340154,30.090393],[31.340192,30.090364],[31.340419,30.090585]]]}},{"type":"Feature","properties":{},"geometry":{"type":"Polygon","coordinates":[[[31.34075,30.107912],[31.340634,30.107708],[31.34089,30.107599],[31.341025,30.107834],[31.340813,30.107924],[31.340795,30.107892],[31.34075,30.107912]]]}},{"type":"Feature","properties":{},"geometry":{"type":"Polygon","coordinates":[[[31.342307,30.10506],[31.342427,30.10501],[31.342553,30.105239],[31.342433,30.105289],[31.342307,30.10506]]]}},{"type":"Feature","properties":{},"geometry":{"type":"Polygon","coordinates":[[[31.344644,30.091619],[31.344589,30.09159],[31.344662,30.091485],[31.344821,30.091567],[31.344705,30.091735],[31.344602,30.091681],[31.344644,30.091619]]]}},{"type":"Feature","properties":{},"geometry":{"type":"Polygon","coordinates":[[[31.345605,30.108001],[31.34565,30.108148],[31.345425,30.1082],[31.34538,30.108053],[31.345605,30.108001]]]}},{"type":"Feature","properties":{},"geometry":{"type":"Polygon","coordinates":[[[31.346135,30.10572],[31.346045,30.105984],[31.345865,30.105938],[31.345938,30.105727],[31.345855,30.105585],[31.345862,30.105563],[31.346007,30.1055],[31.346135,30.10572]]]}},{"type":"Feature","properties":{},"geometry":{"type":"Polygon","coordinates":[[[31.346418,30.109418],[31.346545,30.109245],[31.346665,30.109311],[31.346539,30.109484],[31.346418,30.109418]]]}},{"type":"Feature","properties":{},"geometry":{"type":"Polygon","coordinates":[[[31.349082,30.100948],[31.348975,30.101099],[31.348737,30.100973],[31.348844,30.100822],[31.349082,30.100948]]]}},{"type":"Feature","properties":{},"geometry":{"type":"Polygon","coordinates":[[[31.331933,30.104117],[31.331763,30.104053],[31.331859,30.103861],[31.33203,30.103926],[31.331933,30.104117]]]}},{"type":"Feature","properties":{},"geometry":{"type":"Polygon","coordinates":[[[31.332114,30.096087],[31.332287,30.096183],[31.332132,30.096391],[31.331959,30.096295],[31.332114,30.096087]]]}},{"type":"Feature","properties":{},"geometry":{"type":"Polygon","coordinates":[[[31.332569,30.107163],[31.332687,30.106904],[31.332949,30.106993],[31.332838,30.107239],[31.332701,30.107192],[31.332695,30.107205],[31.332569,30.107163]]]}},{"type":"Feature","properties":{},"geometry":{"type":"Polygon","coordinates":[[[31.332802,30.099799],[31.332872,30.099622],[31.332992,30.099658],[31.332923,30.099835],[31.332802,30.099799]]]}},{"type":"Feature","properties":{},"geometry":{"type":"Polygon","coordinates":[[[31.333041,30.09353],[31.333109,30.093489],[31.333035,30.093399],[31.333154,30.093326],[31.333347,30.093561],[31.33321,30.093645],[31.333205,30.093639],[31.333156,30.093669],[31.333041,30.09353]]]}},{"type":"Feature","properties":{},"geometry":{"type":"Polygon","coordinates":[[[31.333689,30.101225],[31.33387,30.101376],[31.333614,30.101607],[31.333433,30.101456],[31.333689,30.101225]]]}},{"type":"Feature","properties":{},"geometry":{"type":"Polygon","coordinates":[[[31.333756,30.108019],[31.333881,30.107773],[31.334072,30.107845],[31.333947,30.108092],[31.333756,30.108019]]]}},{"type":"Feature","properties":{},"geometry":{"type":"Polygon","coordinates":[[[31.335547,30.104905],[31.335705,30.104771],[31.33586,30.104907],[31.335702,30.105042],[31.335547,30.104905]]]}},{"type":"Feature","properties":{},"geometry":{"type":"Polygon","coordinates":[[[31.338142,30.091841],[31.338307,30.091625],[31.338342,30.091645],[31.33837,30.091609],[31.338433,30.091645],[31.33839,30.091702],[31.338407,30.091712],[31.338258,30.091908],[31.338142,30.091841]]]}},{"type":"Feature","properties":{},"geometry":{"type":"Polygon","coordinates":[[[31.34098,30.09505],[31.340885,30.095209],[31.340615,30.095087],[31.34071,30.094929],[31.34098,30.09505]]]}},{"type":"Feature","properties":{},"geometry":{"type":"Polygon","coordinates":[[[31.343285,30.108811],[31.343341,30.108675],[31.343475,30.108716],[31.343419,30.108852],[31.343285,30.108811]]]}},{"type":"Feature","properties":{},"geometry":{"type":"Polygon","coordinates":[[[31.345484,30.098614],[31.345566,30.098587],[31.345616,30.098702],[31.345434,30.098762],[31.345354,30.098581],[31.345455,30.098547],[31.345484,30.098614]]]}},{"type":"Feature","properties":{},"geometry":{"type":"Polygon","coordinates":[[[31.331733,30.103738],[31.331567,30.103666],[31.331669,30.10349],[31.331835,30.103561],[31.331733,30.103738]]]}},{"type":"Feature","properties":{},"geometry":{"type":"Polygon","coordinates":[[[31.335592,30.105756],[31.335459,30.105706],[31.335564,30.105495],[31.335698,30.105545],[31.335592,30.105756]]]}},{"type":"Feature","properties":{},"geometry":{"type":"Polygon","coordinates":[[[31.335732,30.094836],[31.335807,30.094915],[31.335605,30.095058],[31.33553,30.094979],[31.335732,30.094836]]]}},{"type":"Feature","properties":{},"geometry":{"type":"Polygon","coordinates":[[[31.338568,30.100221],[31.33858,30.100178],[31.338648,30.100192],[31.338636,30.100235],[31.338568,30.100221]]]}},{"type":"Feature","properties":{},"geometry":{"type":"Polygon","coordinates":[[[31.341562,30.092501],[31.341581,30.092743],[31.34137,30.092755],[31.341372,30.092781],[31.341329,30.092783],[31.341328,30.092774],[31.341277,30.092777],[31.341265,30.092608],[31.34137,30.092602],[31.341363,30.092512],[31.341562,30.092501]]]}},{"type":"Feature","properties":{},"geometry":{"type":"Polygon","coordinates":[[[31.345212,30.097743],[31.345158,30.097814],[31.345096,30.097779],[31.345113,30.097756],[31.345075,30.097735],[31.345112,30.097686],[31.345212,30.097743]]]}},{"type":"Feature","properties":{},"geometry":{"type":"Polygon","coordinates":[[[31.350779,30.090305],[31.350701,30.090376],[31.350525,30.090233],[31.350602,30.090161],[31.350779,30.090305]]]}},{"type":"Feature","properties":{},"geometry":{"type":"Polygon","coordinates":[[[31.351304,30.097847],[31.351367,30.097748],[31.35167,30.097893],[31.351607,30.097992],[31.351304,30.097847]]]}},{"type":"Feature","properties":{},"geometry":{"type":"Polygon","coordinates":[[[31.333077,30.107428],[31.333248,30.107492],[31.333121,30.107746],[31.33295,30.107682],[31.333077,30.107428]]]}},{"type":"Feature","properties":{},"geometry":{"type":"Polygon","coordinates":[[[31.333279,30.094969],[31.333271,30.094976],[31.333147,30.094864],[31.333241,30.094787],[31.333413,30.094943],[31.333328,30.095013],[31.333279,30.094969]]]}},{"type":"Feature","properties":{},"geometry":{"type":"Polygon","coordinates":[[[31.334298,30.093919],[31.334202,30.093998],[31.334081,30.093887],[31.334102,30.09387],[31.334031,30.093805],[31.334105,30.093743],[31.334298,30.093919]]]}},{"type":"Feature","properties":{},"geometry":{"type":"Polygon","coordinates":[[[31.335665,30.09757],[31.335764,30.097592],[31.335733,30.097684],[31.335578,30.097645],[31.335608,30.097555],[31.335665,30.09757]]]}},{"type":"Feature","properties":{},"geometry":{"type":"Polygon","coordinates":[[[31.33866,30.108599],[31.338994,30.10873],[31.33914,30.108846],[31.339156,30.108831],[31.339261,30.108872],[31.339169,30.109047],[31.339069,30.109008],[31.339096,30.108956],[31.339042,30.109004],[31.33897,30.108976],[31.33903,30.108862],[31.33899,30.108898],[31.338958,30.10896],[31.338771,30.108886],[31.338601,30.108744],[31.338624,30.1087],[31.338594,30.108676],[31.338556,30.108661],[31.338581,30.108613],[31.338613,30.10864],[31.33866,30.108599]]]}},{"type":"Feature","properties":{},"geometry":{"type":"Polygon","coordinates":[[[31.3409,30.103562],[31.340974,30.103434],[31.341206,30.103534],[31.341132,30.103662],[31.3409,30.103562]]]}},{"type":"Feature","properties":{},"geometry":{"type":"Polygon","coordinates":[[[31.341492,30.105434],[31.341643,30.105374],[31.341774,30.105621],[31.341623,30.10568],[31.341492,30.105434]]]}},{"type":"Feature","properties":{},"geometry":{"type":"Polygon","coordinates":[[[31.354175,30.101572],[31.354019,30.101488],[31.354139,30.101323],[31.354295,30.101407],[31.354175,30.101572]]]}},{"type":"Feature","properties":{},"geometry":{"type":"Polygon","coordinates":[[[31.331675,30.106447],[31.331485,30.106647],[31.331284,30.106504],[31.331373,30.10641],[31.331315,30.106369],[31.331357,30.106326],[31.331406,30.106361],[31.331465,30.106298],[31.331675,30.106447]]]}},{"type":"Feature","properties":{},"geometry":{"type":"Polygon","coordinates":[[[31.334139,30.10434],[31.334151,30.104317],[31.334266,30.10421],[31.334458,30.104365],[31.334378,30.104438],[31.334139,30.10434]]]}},{"type":"Feature","properties":{},"geometry":{"type":"Polygon","coordinates":[[[31.341315,30.093941],[31.34136,30.093961],[31.341367,30.09395],[31.341461,30.093994],[31.341378,30.09413],[31.34126,30.094076],[31.341268,30.094063],[31.341246,30.094053],[31.341315,30.093941]]]}},{"type":"Feature","properties":{},"geometry":{"type":"Polygon","coordinates":[[[31.342917,30.107345],[31.342933,30.107439],[31.342793,30.107458],[31.342783,30.107401],[31.342873,30.107389],[31.342867,30.107352],[31.342917,30.107345]]]}},{"type":"Feature","properties":{},"geometry":{"type":"Polygon","coordinates":[[[31.346589,30.10503],[31.346488,30.104839],[31.346639,30.104779],[31.34674,30.10497],[31.346589,30.10503]]]}},{"type":"Feature","properties":{},"geometry":{"type":"Polygon","coordinates":[[[31.348938,30.108481],[31.3491,30.108547],[31.349026,30.108682],[31.348864,30.108615],[31.348938,30.108481]]]}},{"type":"Feature","properties":{},"geometry":{"type":"Polygon","coordinates":[[[31.354314,30.10565],[31.354541,30.105761],[31.354355,30.106046],[31.354127,30.105934],[31.354314,30.10565]]]}},{"type":"Feature","properties":{},"geometry":{"type":"Polygon","coordinates":[[[31.330561,30.10064],[31.330584,30.100619],[31.330561,30.1006],[31.330649,30.100519],[31.330752,30.100604],[31.330641,30.100706],[31.330561,30.10064]]]}},{"type":"Feature","properties":{},"geometry":{"type":"Polygon","coordinates":[[[31.332704,30.096544],[31.332898,30.096658],[31.332853,30.096715],[31.332791,30.096678],[31.33276,30.096718],[31.332847,30.096769],[31.332825,30.096797],[31.332653,30.096696],[31.332716,30.096617],[31.332668,30.096589],[31.332704,30.096544]]]}},{"type":"Feature","properties":{},"geometry":{"type":"Polygon","coordinates":[[[31.332714,30.097851],[31.332855,30.0979],[31.332806,30.098006],[31.332665,30.097957],[31.332714,30.097851]]]}},{"type":"Feature","properties":{},"geometry":{"type":"Polygon","coordinates":[[[31.333507,30.092226],[31.333432,30.092287],[31.333253,30.092121],[31.333328,30.09206],[31.333507,30.092226]]]}},{"type":"Feature","properties":{},"geometry":{"type":"Polygon","coordinates":[[[31.337656,30.102511],[31.337584,30.10267],[31.33743,30.102617],[31.337502,30.102459],[31.337656,30.102511]]]}},{"type":"Feature","properties":{},"geometry":{"type":"Polygon","coordinates":[[[31.339139,30.098695],[31.339092,30.098772],[31.338913,30.09869],[31.338959,30.098614],[31.339139,30.098695]]]}},{"type":"Feature","properties":{},"geometry":{"type":"Polygon","coordinates":[[[31.33987,30.090579],[31.339855,30.090374],[31.340005,30.090366],[31.340019,30.090572],[31.33987,30.090579]]]}},{"type":"Feature","properties":{},"geometry":{"type":"Polygon","coordinates":[[[31.344222,30.101705],[31.344138,30.101665],[31.344114,30.101702],[31.343932,30.101614],[31.344109,30.10134],[31.344375,30.101468],[31.344222,30.101705]]]}},{"type":"Feature","properties":{},"geometry":{"type":"Polygon","coordinates":[[[31.345729,30.099696],[31.345671,30.099563],[31.345847,30.099504],[31.345927,30.099684],[31.345784,30.099731],[31.345763,30.099685],[31.345729,30.099696]]]}},{"type":"Feature","properties":{},"geometry":{"type":"Polygon","coordinates":[[[31.347674,30.102214],[31.347815,30.102283],[31.347657,30.102521],[31.347517,30.102451],[31.347674,30.102214]]]}},{"type":"Feature","properties":{},"geometry":{"type":"Polygon","coordinates":[[[31.348492,30.106008],[31.348652,30.105798],[31.34891,30.105945],[31.34875,30.106155],[31.348492,30.106008]]]}},{"type":"Feature","properties":{},"geometry":{"type":"Polygon","coordinates":[[[31.34868,30.101744],[31.348787,30.101507],[31.349073,30.101604],[31.349006,30.101751],[31.348907,30.101717],[31.348865,30.101807],[31.34868,30.101744]]]}},{"type":"Feature","properties":{},"geometry":{"type":"Polygon","coordinates":[[[31.350063,30.110006],[31.34993,30.109938],[31.350022,30.109802],[31.350155,30.109869],[31.350063,30.110006]]]}},{"type":"Feature","properties":{},"geometry":{"type":"Polygon","coordinates":[[[31.350354,30.102121],[31.350558,30.101807],[31.350697,30.101874],[31.350582,30.102051],[31.350568,30.102044],[31.350479,30.102181],[31.350354,30.102121]]]}},{"type":"Feature","properties":{},"geometry":{"type":"Polygon","coordinates":[[[31.351116,30.098574],[31.351042,30.098708],[31.350727,30.098577],[31.350801,30.098443],[31.351116,30.098574]]]}},{"type":"Feature","properties":{},"geometry":{"type":"Polygon","coordinates":[[[31.352544,30.104327],[31.352719,30.104062],[31.352578,30.103993],[31.35262,30.103929],[31.352775,30.104005],[31.352954,30.103733],[31.352813,30.103664],[31.352854,30.103602],[31.353093,30.10372],[31.352604,30.104463],[31.35233,30.104329],[31.352383,30.104248],[31.352544,30.104327]]]}},{"type":"Feature","properties":{},"geometry":{"type":"Polygon","coordinates":[[[31.355547,30.101851],[31.355442,30.102001],[31.355295,30.101924],[31.3554,30.101774],[31.355547,30.101851]]]}},{"type":"Feature","properties":{},"geometry":{"type":"Polygon","coordinates":[[[31.330031,30.098739],[31.330049,30.098725],[31.330027,30.098705],[31.330148,30.098611],[31.330186,30.098648],[31.330047,30.098755],[31.330031,30.098739]]]}},{"type":"Feature","properties":{},"geometry":{"type":"Polygon","coordinates":[[[31.33035,30.090483],[31.330277,30.090512],[31.330056,30.09009],[31.330129,30.090061],[31.33035,30.090483]]]}},{"type":"Feature","properties":{},"geometry":{"type":"Polygon","coordinates":[[[31.331238,30.107681],[31.331156,30.107754],[31.330999,30.107621],[31.33108,30.107549],[31.331238,30.107681]]]}},{"type":"Feature","properties":{},"geometry":{"type":"Polygon","coordinates":[[[31.332057,30.092522],[31.332144,30.092459],[31.33226,30.092581],[31.332241,30.092594],[31.332286,30.092641],[31.332217,30.09269],[31.332057,30.092522]]]}},{"type":"Feature","properties":{},"geometry":{"type":"Polygon","coordinates":[[[31.336197,30.092921],[31.336379,30.092647],[31.336543,30.092728],[31.336362,30.093003],[31.336197,30.092921]]]}},{"type":"Feature","properties":{},"geometry":{"type":"Polygon","coordinates":[[[31.336547,30.094006],[31.336402,30.094096],[31.336333,30.094013],[31.336478,30.093923],[31.336547,30.094006]]]}},{"type":"Feature","properties":{},"geometry":{"type":"Polygon","coordinates":[[[31.337017,30.096742],[31.337203,30.096792],[31.337172,30.096879],[31.337052,30.096846],[31.337047,30.096859],[31.336981,30.096842],[31.337017,30.096742]]]}},{"type":"Feature","properties":{},"geometry":{"type":"Polygon","coordinates":[[[31.337997,30.099778],[31.338007,30.099686],[31.338071,30.099691],[31.338088,30.099542],[31.338284,30.099558],[31.338274,30.099649],[31.338186,30.099642],[31.33817,30.099792],[31.337997,30.099778]]]}},{"type":"Feature","properties":{},"geometry":{"type":"Polygon","coordinates":[[[31.33908,30.091171],[31.338982,30.091324],[31.338898,30.091284],[31.338996,30.09113],[31.33908,30.091171]]]}},{"type":"Feature","properties":{},"geometry":{"type":"Polygon","coordinates":[[[31.339827,30.105443],[31.339899,30.105318],[31.340111,30.10541],[31.340039,30.105535],[31.339827,30.105443]]]}},{"type":"Feature","properties":{},"geometry":{"type":"Polygon","coordinates":[[[31.339937,30.099905],[31.339996,30.099912],[31.33999,30.099953],[31.339931,30.099946],[31.339937,30.099905]]]}},{"type":"Feature","properties":{},"geometry":{"type":"Polygon","coordinates":[[[31.340061,30.099013],[31.340079,30.098916],[31.340288,30.098945],[31.340247,30.099169],[31.340118,30.099151],[31.340142,30.099024],[31.340061,30.099013]]]}},{"type":"Feature","properties":{},"geometry":{"type":"Polygon","coordinates":[[[31.340442,30.109888],[31.340525,30.109722],[31.34067,30.109776],[31.340644,30.109829],[31.340786,30.109882],[31.340745,30.109964],[31.34065,30.109929],[31.340634,30.10996],[31.340442,30.109888]]]}},{"type":"Feature","properties":{},"geometry":{"type":"Polygon","coordinates":[[[31.340862,30.097338],[31.340709,30.097422],[31.340578,30.097242],[31.340731,30.097159],[31.340862,30.097338]]]}},{"type":"Feature","properties":{},"geometry":{"type":"Polygon","coordinates":[[[31.345369,30.105083],[31.345387,30.105076],[31.34537,30.105042],[31.34552,30.104985],[31.345631,30.105204],[31.345463,30.105268],[31.345369,30.105083]]]}},{"type":"Feature","properties":{},"geometry":{"type":"Polygon","coordinates":[[[31.346457,30.107995],[31.34653,30.107882],[31.346875,30.108047],[31.346788,30.108183],[31.346706,30.108167],[31.346819,30.108221],[31.346957,30.108006],[31.347168,30.108108],[31.347049,30.108294],[31.34721,30.108371],[31.347199,30.108417],[31.347503,30.108558],[31.347478,30.108654],[31.346666,30.108265],[31.346696,30.10815],[31.346664,30.108134],[31.3466,30.108234],[31.346638,30.108087],[31.346584,30.108171],[31.346365,30.108066],[31.346405,30.108002],[31.34647,30.108033],[31.346584,30.108055],[31.346457,30.107995]]]}},{"type":"Feature","properties":{},"geometry":{"type":"Polygon","coordinates":[[[31.347681,30.104292],[31.347851,30.104225],[31.34795,30.104413],[31.34778,30.10448],[31.347681,30.104292]]]}},{"type":"Feature","properties":{},"geometry":{"type":"Polygon","coordinates":[[[31.354038,30.107118],[31.353668,30.107116],[31.353669,30.107048],[31.353752,30.107049],[31.353753,30.106954],[31.353827,30.106955],[31.353828,30.106869],[31.354041,30.10687],[31.354038,30.107118]]]}},{"type":"Feature","properties":{},"geometry":{"type":"Polygon","coordinates":[[[31.33221,30.097825],[31.332244,30.097875],[31.332292,30.097908],[31.332186,30.098017],[31.332148,30.098006],[31.332162,30.097968],[31.332146,30.097943],[31.332131,30.097957],[31.332102,30.098034],[31.332005,30.098007],[31.331993,30.097988],[31.331688,30.097902],[31.331739,30.097849],[31.331772,30.097858],[31.331837,30.097791],[31.331921,30.097853],[31.331868,30.097774],[31.331933,30.097741],[31.331948,30.097703],[31.332009,30.09764],[31.332064,30.097655],[31.332118,30.097735],[31.332111,30.097755],[31.332149,30.097782],[31.332141,30.097804],[31.332083,30.097863],[31.332046,30.097882],[31.332034,30.097914],[31.33221,30.097825]]]}},{"type":"Feature","properties":{},"geometry":{"type":"Polygon","coordinates":[[[31.332403,30.095096],[31.332377,30.095073],[31.332457,30.095008],[31.332556,30.095099],[31.332438,30.095195],[31.332365,30.095127],[31.332403,30.095096]]]}},{"type":"Feature","properties":{},"geometry":{"type":"Polygon","coordinates":[[[31.334186,30.093433],[31.334263,30.093377],[31.334381,30.093498],[31.334193,30.093635],[31.334117,30.093558],[31.334228,30.093477],[31.334186,30.093433]]]}},{"type":"Feature","properties":{},"geometry":{"type":"Polygon","coordinates":[[[31.33529,30.105393],[31.3352,30.105552],[31.335059,30.105492],[31.335149,30.105333],[31.33529,30.105393]]]}},{"type":"Feature","properties":{},"geometry":{"type":"Polygon","coordinates":[[[31.336692,30.109745],[31.336789,30.109703],[31.336818,30.109752],[31.336877,30.109727],[31.336989,30.109916],[31.336833,30.109985],[31.336692,30.109745]]]}},{"type":"Feature","properties":{},"geometry":{"type":"Polygon","coordinates":[[[31.337357,30.106029],[31.337322,30.106077],[31.33727,30.106049],[31.337305,30.106001],[31.337357,30.106029]]]}},{"type":"Feature","properties":{},"geometry":{"type":"Polygon","coordinates":[[[31.338145,30.093766],[31.338311,30.093847],[31.338274,30.093904],[31.338215,30.093875],[31.338138,30.093993],[31.338066,30.093958],[31.338081,30.093935],[31.337991,30.093892],[31.338075,30.093763],[31.33813,30.09379],[31.338145,30.093766]]]}},{"type":"Feature","properties":{},"geometry":{"type":"Polygon","coordinates":[[[31.338451,30.094939],[31.33839,30.094958],[31.338358,30.094882],[31.33842,30.094863],[31.338451,30.094939]]]}},{"type":"Feature","properties":{},"geometry":{"type":"Polygon","coordinates":[[[31.338947,30.098731],[31.339001,30.098754],[31.338929,30.098883],[31.33877,30.098817],[31.338816,30.098735],[31.33892,30.098779],[31.338947,30.098731]]]}},{"type":"Feature","properties":{},"geometry":{"type":"Polygon","coordinates":[[[31.342615,30.092558],[31.342662,30.092581],[31.342614,30.092656],[31.342567,30.092634],[31.342615,30.092558]]]}},{"type":"Feature","properties":{},"geometry":{"type":"Polygon","coordinates":[[[31.342946,30.104098],[31.342978,30.104406],[31.342882,30.104414],[31.34301,30.104462],[31.343045,30.104794],[31.343063,30.104758],[31.343069,30.104819],[31.343025,30.104802],[31.343003,30.104847],[31.343061,30.104842],[31.343064,30.104875],[31.342988,30.104881],[31.342736,30.104787],[31.342747,30.104786],[31.34274,30.10472],[31.34272,30.104713],[31.342699,30.104506],[31.342646,30.104487],[31.342662,30.104454],[31.342731,30.104449],[31.34268,30.10443],[31.342668,30.104315],[31.342685,30.104313],[31.342747,30.104336],[31.342899,30.104324],[31.342894,30.104273],[31.342663,30.104291],[31.342645,30.104122],[31.342946,30.104098]]]}},{"type":"Feature","properties":{},"geometry":{"type":"Polygon","coordinates":[[[31.343283,30.106438],[31.343119,30.106531],[31.343075,30.106473],[31.343088,30.106465],[31.342939,30.106269],[31.342901,30.106291],[31.342856,30.106232],[31.342901,30.106206],[31.342861,30.106152],[31.342949,30.106102],[31.343061,30.106251],[31.343117,30.106219],[31.343283,30.106438]]]}},{"type":"Feature","properties":{},"geometry":{"type":"Polygon","coordinates":[[[31.344204,30.094566],[31.344272,30.09455],[31.344288,30.094602],[31.344221,30.094618],[31.344204,30.094566]]]}},{"type":"Feature","properties":{},"geometry":{"type":"Polygon","coordinates":[[[31.345487,30.092031],[31.345458,30.092219],[31.345316,30.092205],[31.345376,30.091764],[31.345521,30.091779],[31.345487,30.092031]]]}},{"type":"Feature","properties":{},"geometry":{"type":"Polygon","coordinates":[[[31.34591,30.098844],[31.345861,30.098746],[31.34604,30.098679],[31.346122,30.098844],[31.345955,30.098906],[31.345922,30.098839],[31.34591,30.098844]]]}},{"type":"Feature","properties":{},"geometry":{"type":"Polygon","coordinates":[[[31.34631,30.095566],[31.346401,30.095607],[31.346307,30.095764],[31.346216,30.095724],[31.34631,30.095566]]]}},{"type":"Feature","properties":{},"geometry":{"type":"Polygon","coordinates":[[[31.346659,30.101986],[31.346799,30.101731],[31.346976,30.101804],[31.346836,30.102059],[31.346659,30.101986]]]}},{"type":"Feature","properties":{},"geometry":{"type":"Polygon","coordinates":[[[31.348983,30.099829],[31.349159,30.099921],[31.349065,30.100056],[31.348889,30.099964],[31.348983,30.099829]]]}},{"type":"Feature","properties":{},"geometry":{"type":"Polygon","coordinates":[[[31.350206,30.092659],[31.350282,30.092755],[31.350208,30.092799],[31.350133,30.092703],[31.350206,30.092659]]]}},{"type":"Feature","properties":{},"geometry":{"type":"Polygon","coordinates":[[[31.331269,30.107977],[31.331204,30.108053],[31.331031,30.107941],[31.331096,30.107865],[31.331269,30.107977]]]}},{"type":"Feature","properties":{},"geometry":{"type":"Polygon","coordinates":[[[31.334709,30.107777],[31.334837,30.107827],[31.334684,30.108121],[31.334556,30.108071],[31.334709,30.107777]]]}},{"type":"Feature","properties":{},"geometry":{"type":"Polygon","coordinates":[[[31.334941,30.094671],[31.335035,30.094602],[31.33507,30.094638],[31.335055,30.09465],[31.335177,30.094773],[31.335099,30.094831],[31.334941,30.094671]]]}},{"type":"Feature","properties":{},"geometry":{"type":"Polygon","coordinates":[[[31.339026,30.091751],[31.33911,30.091692],[31.339222,30.091811],[31.339264,30.091781],[31.339356,30.091879],[31.339229,30.091968],[31.339026,30.091751]]]}},{"type":"Feature","properties":{},"geometry":{"type":"Polygon","coordinates":[[[31.340775,30.090927],[31.340951,30.091092],[31.340845,30.091176],[31.34067,30.091011],[31.340775,30.090927]]]}},{"type":"Feature","properties":{},"geometry":{"type":"Polygon","coordinates":[[[31.341175,30.093661],[31.341259,30.093543],[31.341211,30.093517],[31.341166,30.093579],[31.341197,30.093596],[31.341154,30.093656],[31.340979,30.093562],[31.341011,30.093517],[31.340959,30.093489],[31.341102,30.093289],[31.341423,30.093462],[31.341334,30.093586],[31.341373,30.093607],[31.34129,30.093723],[31.341175,30.093661]]]}},{"type":"Feature","properties":{},"geometry":{"type":"Polygon","coordinates":[[[31.343963,30.09392],[31.343995,30.093961],[31.343931,30.093999],[31.343906,30.094006],[31.343859,30.093889],[31.343828,30.093843],[31.343891,30.093805],[31.343941,30.093868],[31.344033,30.093818],[31.344007,30.093784],[31.343986,30.093797],[31.343902,30.093693],[31.343948,30.093665],[31.343976,30.093657],[31.344075,30.093783],[31.344135,30.093747],[31.344109,30.093679],[31.344172,30.093645],[31.344241,30.093731],[31.344247,30.093747],[31.344055,30.093863],[31.343987,30.093882],[31.343994,30.093901],[31.343963,30.09392]]]}},{"type":"Feature","properties":{},"geometry":{"type":"Polygon","coordinates":[[[31.346692,30.104754],[31.346843,30.104686],[31.346953,30.104869],[31.346802,30.104937],[31.346692,30.104754]]]}},{"type":"Feature","properties":{},"geometry":{"type":"Polygon","coordinates":[[[31.348151,30.10674],[31.348269,30.106561],[31.348254,30.106554],[31.348313,30.106465],[31.348603,30.106609],[31.348426,30.106876],[31.348151,30.10674]]]}},{"type":"Feature","properties":{},"geometry":{"type":"Polygon","coordinates":[[[31.355899,30.105307],[31.355819,30.105417],[31.355681,30.105341],[31.355761,30.105232],[31.355899,30.105307]]]}},{"type":"Feature","properties":{},"geometry":{"type":"Polygon","coordinates":[[[31.330319,30.095017],[31.330335,30.094975],[31.330292,30.094932],[31.330336,30.0949],[31.330311,30.094875],[31.330393,30.094815],[31.330419,30.094746],[31.330612,30.094937],[31.330651,30.094948],[31.330632,30.094997],[31.330685,30.095012],[31.330702,30.095],[31.330748,30.095013],[31.330827,30.095094],[31.330801,30.095112],[31.33076,30.095101],[31.330747,30.095135],[31.330596,30.095093],[31.330624,30.09502],[31.330568,30.095061],[31.330559,30.095085],[31.330319,30.095017]]]}},{"type":"Feature","properties":{},"geometry":{"type":"Polygon","coordinates":[[[31.33096,30.096833],[31.331271,30.096607],[31.331351,30.096688],[31.33114,30.096842],[31.331167,30.096869],[31.331246,30.096811],[31.331472,30.097044],[31.331403,30.097095],[31.331426,30.097118],[31.331313,30.097201],[31.33096,30.096833]]]}},{"type":"Feature","properties":{},"geometry":{"type":"Polygon","coordinates":[[[31.331609,30.107074],[31.331791,30.107192],[31.331721,30.107273],[31.331539,30.107155],[31.331609,30.107074]]]}},{"type":"Feature","properties":{},"geometry":{"type":"Polygon","coordinates":[[[31.331851,30.091256],[31.331844,30.091135],[31.332004,30.091128],[31.332008,30.091198],[31.331969,30.091199],[31.331972,30.09125],[31.331851,30.091256]]]}},{"type":"Feature","properties":{},"geometry":{"type":"Polygon","coordinates":[[[31.332298,30.097361],[31.332234,30.097476],[31.332154,30.097443],[31.332181,30.097394],[31.332021,30.097327],[31.332058,30.097261],[31.332298,30.097361]]]}},{"type":"Feature","properties":{},"geometry":{"type":"Polygon","coordinates":[[[31.333279,30.092587],[31.333371,30.092504],[31.333544,30.092646],[31.333488,30.092697],[31.333449,30.092664],[31.333433,30.092679],[31.333386,30.09264],[31.333366,30.092658],[31.333279,30.092587]]]}},{"type":"Feature","properties":{},"geometry":{"type":"Polygon","coordinates":[[[31.333377,30.094047],[31.333278,30.094095],[31.33325,30.094051],[31.333349,30.094003],[31.333377,30.094047]]]}},{"type":"Feature","properties":{},"geometry":{"type":"Polygon","coordinates":[[[31.334714,30.095313],[31.334657,30.095354],[31.334601,30.095337],[31.334581,30.095383],[31.33441,30.095206],[31.334428,30.095165],[31.33447,30.095149],[31.334562,30.095082],[31.334505,30.095023],[31.33455,30.094917],[31.334591,30.09493],[31.334609,30.094888],[31.334662,30.094905],[31.334689,30.094933],[31.334762,30.094956],[31.334852,30.095135],[31.334839,30.095167],[31.334885,30.095149],[31.334933,30.095165],[31.335052,30.095288],[31.335074,30.09533],[31.335119,30.095377],[31.335138,30.095414],[31.334926,30.095568],[31.3349,30.095577],[31.334856,30.095564],[31.334825,30.095501],[31.334809,30.095485],[31.334826,30.095444],[31.334757,30.095373],[31.334762,30.095362],[31.334714,30.095313]]]}},{"type":"Feature","properties":{},"geometry":{"type":"Polygon","coordinates":[[[31.334746,30.109977],[31.334805,30.10996],[31.334826,30.110014],[31.334767,30.110032],[31.334746,30.109977]]]}},{"type":"Feature","properties":{},"geometry":{"type":"Polygon","coordinates":[[[31.336408,30.104854],[31.336327,30.10492],[31.336201,30.104804],[31.336282,30.104738],[31.336408,30.104854]]]}},{"type":"Feature","properties":{},"geometry":{"type":"Polygon","coordinates":[[[31.337686,30.094605],[31.33775,30.094718],[31.337605,30.094779],[31.337522,30.094633],[31.337563,30.094616],[31.337547,30.094588],[31.337595,30.094568],[31.33763,30.094629],[31.337686,30.094605]]]}},{"type":"Feature","properties":{},"geometry":{"type":"Polygon","coordinates":[[[31.341508,30.107579],[31.341337,30.10766],[31.341205,30.107451],[31.341312,30.1074],[31.341342,30.107449],[31.341407,30.107418],[31.341508,30.107579]]]}},{"type":"Feature","properties":{},"geometry":{"type":"Polygon","coordinates":[[[31.34372,30.092259],[31.343686,30.092343],[31.343717,30.092352],[31.343683,30.092435],[31.343238,30.0923],[31.343229,30.092323],[31.342972,30.092244],[31.34305,30.092054],[31.34372,30.092259]]]}},{"type":"Feature","properties":{},"geometry":{"type":"Polygon","coordinates":[[[31.345925,30.098308],[31.346066,30.098256],[31.346163,30.098455],[31.346021,30.098507],[31.345925,30.098308]]]}},{"type":"Feature","properties":{},"geometry":{"type":"Polygon","coordinates":[[[31.347276,30.10062],[31.347442,30.100695],[31.347309,30.100916],[31.347142,30.10084],[31.347276,30.10062]]]}},{"type":"Feature","properties":{},"geometry":{"type":"Polygon","coordinates":[[[31.355642,30.101405],[31.355528,30.101545],[31.355382,30.101457],[31.355495,30.101316],[31.355642,30.101405]]]}},{"type":"Feature","properties":{},"geometry":{"type":"Polygon","coordinates":[[[31.33194,30.10681],[31.331805,30.106934],[31.331674,30.106827],[31.331809,30.106703],[31.33194,30.10681]]]}},{"type":"Feature","properties":{},"geometry":{"type":"Polygon","coordinates":[[[31.333142,30.097798],[31.333103,30.09789],[31.333056,30.097875],[31.333032,30.097932],[31.332787,30.097855],[31.33285,30.097705],[31.333142,30.097798]]]}},{"type":"Feature","properties":{},"geometry":{"type":"Polygon","coordinates":[[[31.335219,30.097519],[31.335028,30.097472],[31.335088,30.09729],[31.335279,30.097337],[31.335219,30.097519]]]}},{"type":"Feature","properties":{},"geometry":{"type":"Polygon","coordinates":[[[31.338052,30.107036],[31.33812,30.107027],[31.338129,30.10708],[31.338061,30.107088],[31.338052,30.107036]]]}},{"type":"Feature","properties":{},"geometry":{"type":"Polygon","coordinates":[[[31.338285,30.090588],[31.338102,30.090806],[31.337925,30.090694],[31.338043,30.090554],[31.338099,30.090589],[31.338117,30.090568],[31.338056,30.090529],[31.338103,30.090473],[31.338285,30.090588]]]}},{"type":"Feature","properties":{},"geometry":{"type":"Polygon","coordinates":[[[31.340829,30.103541],[31.340604,30.103453],[31.340673,30.10332],[31.340898,30.103408],[31.340829,30.103541]]]}},{"type":"Feature","properties":{},"geometry":{"type":"Polygon","coordinates":[[[31.341205,30.103031],[31.341278,30.102899],[31.341513,30.102996],[31.341441,30.103128],[31.341205,30.103031]]]}},{"type":"Feature","properties":{},"geometry":{"type":"Polygon","coordinates":[[[31.342265,30.092697],[31.342218,30.092338],[31.342224,30.092321],[31.342196,30.092104],[31.342184,30.092138],[31.342148,30.091861],[31.342058,30.091869],[31.342041,30.091743],[31.342091,30.091756],[31.342063,30.091542],[31.342179,30.091566],[31.342211,30.091816],[31.342339,30.091846],[31.342221,30.091858],[31.342243,30.092026],[31.342311,30.092044],[31.342393,30.09267],[31.342449,30.092684],[31.34243,30.092739],[31.342265,30.092697]]]}},{"type":"Feature","properties":{},"geometry":{"type":"Polygon","coordinates":[[[31.342416,30.104281],[31.342419,30.104408],[31.342268,30.104411],[31.342267,30.104353],[31.342203,30.104354],[31.342201,30.104256],[31.342243,30.104256],[31.342244,30.104283],[31.342416,30.104281]]]}},{"type":"Feature","properties":{},"geometry":{"type":"Polygon","coordinates":[[[31.342536,30.106362],[31.342723,30.1063],[31.34284,30.106568],[31.342812,30.106578],[31.342826,30.10661],[31.342667,30.106662],[31.342536,30.106362]]]}},{"type":"Feature","properties":{},"geometry":{"type":"Polygon","coordinates":[[[31.344915,30.09589],[31.34495,30.09584],[31.344996,30.095864],[31.344961,30.095915],[31.344915,30.09589]]]}},{"type":"Feature","properties":{},"geometry":{"type":"Polygon","coordinates":[[[31.344933,30.100207],[31.345114,30.100221],[31.345093,30.100421],[31.3448,30.100398],[31.344815,30.100256],[31.344927,30.100265],[31.344933,30.100207]]]}},{"type":"Feature","properties":{},"geometry":{"type":"Polygon","coordinates":[[[31.347696,30.10017],[31.34759,30.100321],[31.347441,30.100243],[31.347547,30.100092],[31.347696,30.10017]]]}},{"type":"Feature","properties":{},"geometry":{"type":"Polygon","coordinates":[[[31.348832,30.10809],[31.348924,30.107956],[31.349126,30.10806],[31.348917,30.108363],[31.348701,30.108252],[31.348794,30.108117],[31.348945,30.108194],[31.348969,30.10816],[31.348832,30.10809]]]}},{"type":"Feature","properties":{},"geometry":{"type":"Polygon","coordinates":[[[31.330226,30.108797],[31.33029,30.108865],[31.330171,30.108949],[31.330107,30.108881],[31.330226,30.108797]]]}},{"type":"Feature","properties":{},"geometry":{"type":"Polygon","coordinates":[[[31.331653,30.09241],[31.331772,30.092329],[31.331863,30.092429],[31.331743,30.09251],[31.331653,30.09241]]]}},{"type":"Feature","properties":{},"geometry":{"type":"Polygon","coordinates":[[[31.332233,30.103971],[31.332331,30.103785],[31.332462,30.103836],[31.332364,30.104023],[31.332233,30.103971]]]}},{"type":"Feature","properties":{},"geometry":{"type":"Polygon","coordinates":[[[31.334717,30.098279],[31.334792,30.098284],[31.335354,30.098466],[31.335345,30.098466],[31.335341,30.098518],[31.335293,30.098515],[31.335276,30.098556],[31.33521,30.098552],[31.335073,30.098507],[31.335078,30.098451],[31.335006,30.098447],[31.334984,30.098499],[31.335026,30.098513],[31.335002,30.098568],[31.334928,30.09856],[31.334931,30.098526],[31.334853,30.098522],[31.334853,30.098505],[31.334811,30.098503],[31.334782,30.098568],[31.334763,30.098562],[31.334684,30.098557],[31.334607,30.098532],[31.334717,30.098279]]]}},{"type":"Feature","properties":{},"geometry":{"type":"Polygon","coordinates":[[[31.336323,30.101334],[31.336783,30.101393],[31.336751,30.101581],[31.336696,30.101574],[31.336685,30.10164],[31.336336,30.101596],[31.336347,30.101532],[31.33629,30.101525],[31.336323,30.101334]]]}},{"type":"Feature","properties":{},"geometry":{"type":"Polygon","coordinates":[[[31.33822,30.094765],[31.338189,30.09479],[31.338216,30.094815],[31.338176,30.094849],[31.338009,30.094698],[31.338081,30.094638],[31.33822,30.094765]]]}},{"type":"Feature","properties":{},"geometry":{"type":"Polygon","coordinates":[[[31.34262,30.093963],[31.342461,30.093976],[31.342361,30.093061],[31.342521,30.093048],[31.34262,30.093963]]]}},{"type":"Feature","properties":{},"geometry":{"type":"Polygon","coordinates":[[[31.343327,30.108224],[31.343447,30.108199],[31.343477,30.108306],[31.343357,30.108332],[31.343327,30.108224]]]}},{"type":"Feature","properties":{},"geometry":{"type":"Polygon","coordinates":[[[31.344947,30.106691],[31.345132,30.106653],[31.345219,30.106971],[31.345032,30.107009],[31.344947,30.106691]]]}},{"type":"Feature","properties":{},"geometry":{"type":"Polygon","coordinates":[[[31.345863,30.109195],[31.345722,30.109215],[31.345711,30.109159],[31.345852,30.109139],[31.345863,30.109195]]]}},{"type":"Feature","properties":{},"geometry":{"type":"Polygon","coordinates":[[[31.346575,30.090112],[31.346432,30.090175],[31.346362,30.090055],[31.346462,30.090011],[31.346501,30.090076],[31.346543,30.090058],[31.346575,30.090112]]]}},{"type":"Feature","properties":{},"geometry":{"type":"Polygon","coordinates":[[[31.353925,30.107562],[31.354251,30.107138],[31.354294,30.107162],[31.354307,30.107146],[31.354211,30.10709],[31.354245,30.107046],[31.354445,30.107161],[31.354072,30.107647],[31.353925,30.107562]]]}},{"type":"Feature","properties":{},"geometry":{"type":"Polygon","coordinates":[[[31.330064,30.108612],[31.330181,30.108486],[31.330446,30.10867],[31.330329,30.108796],[31.330064,30.108612]]]}},{"type":"Feature","properties":{},"geometry":{"type":"Polygon","coordinates":[[[31.331243,30.101148],[31.33144,30.10105],[31.331563,30.101236],[31.331344,30.101344],[31.331337,30.101333],[31.331358,30.101322],[31.331243,30.101148]]]}},{"type":"Feature","properties":{},"geometry":{"type":"Polygon","coordinates":[[[31.332705,30.108656],[31.332668,30.108656],[31.332611,30.108681],[31.332589,30.108642],[31.332498,30.108644],[31.332495,30.108503],[31.332567,30.108501],[31.3326,30.108487],[31.332531,30.108488],[31.332522,30.108472],[31.332443,30.108474],[31.332432,30.108362],[31.332496,30.108361],[31.332562,30.108332],[31.33243,30.108335],[31.332427,30.108219],[31.332532,30.108217],[31.332549,30.108244],[31.332593,30.108243],[31.332596,30.10837],[31.332615,30.108402],[31.332578,30.108417],[31.332579,30.108441],[31.332705,30.108656]]]}},{"type":"Feature","properties":{},"geometry":{"type":"Polygon","coordinates":[[[31.334822,30.102413],[31.334927,30.102503],[31.334939,30.102492],[31.335017,30.102559],[31.334849,30.102706],[31.334666,30.102549],[31.334822,30.102413]]]}},{"type":"Feature","properties":{},"geometry":{"type":"Polygon","coordinates":[[[31.338027,30.091621],[31.338177,30.091705],[31.338108,30.091798],[31.338059,30.09177],[31.338047,30.091786],[31.337946,30.091729],[31.338027,30.091621]]]}},{"type":"Feature","properties":{},"geometry":{"type":"Polygon","coordinates":[[[31.339109,30.102811],[31.339193,30.102658],[31.339484,30.102777],[31.3394,30.102931],[31.339109,30.102811]]]}},{"type":"Feature","properties":{},"geometry":{"type":"Polygon","coordinates":[[[31.340461,30.094786],[31.34037,30.094923],[31.340105,30.09479],[31.340196,30.094654],[31.340461,30.094786]]]}},{"type":"Feature","properties":{},"geometry":{"type":"Polygon","coordinates":[[[31.341213,30.096472],[31.341286,30.096436],[31.341273,30.096415],[31.341428,30.09634],[31.341587,30.096585],[31.341358,30.096696],[31.341213,30.096472]]]}},{"type":"Feature","properties":{},"geometry":{"type":"Polygon","coordinates":[[[31.344626,30.106022],[31.344642,30.106076],[31.344442,30.10612],[31.344425,30.106066],[31.344626,30.106022]]]}},{"type":"Feature","properties":{},"geometry":{"type":"Polygon","coordinates":[[[31.345075,30.090624],[31.345193,30.090533],[31.345296,30.090631],[31.345178,30.090723],[31.345075,30.090624]]]}},{"type":"Feature","properties":{},"geometry":{"type":"Polygon","coordinates":[[[31.345174,30.09121],[31.345053,30.091305],[31.344932,30.09119],[31.345053,30.091095],[31.345174,30.09121]]]}},{"type":"Feature","properties":{},"geometry":{"type":"Polygon","coordinates":[[[31.346339,30.105157],[31.346199,30.105212],[31.346099,30.10502],[31.346179,30.104963],[31.346147,30.1049],[31.345998,30.10475],[31.345986,30.104726],[31.346159,30.104659],[31.346275,30.104781],[31.346359,30.104942],[31.346333,30.10496],[31.346253,30.104991],[31.346339,30.105157]]]}},{"type":"Feature","properties":{},"geometry":{"type":"Polygon","coordinates":[[[31.351652,30.105279],[31.351605,30.105307],[31.351572,30.105265],[31.351619,30.105237],[31.351652,30.105279]]]}},{"type":"Feature","properties":{},"geometry":{"type":"Polygon","coordinates":[[[31.354834,30.101165],[31.354918,30.101003],[31.355061,30.101059],[31.354976,30.101221],[31.354834,30.101165]]]}},{"type":"Feature","properties":{},"geometry":{"type":"Polygon","coordinates":[[[31.332078,30.098751],[31.331911,30.098865],[31.331853,30.098802],[31.331911,30.098762],[31.331857,30.098703],[31.331907,30.098668],[31.331875,30.098634],[31.33185,30.098651],[31.331828,30.098628],[31.331771,30.098667],[31.331706,30.098598],[31.331767,30.098556],[31.331743,30.09853],[31.331835,30.098467],[31.332,30.098647],[31.331989,30.098654],[31.332078,30.098751]]]}},{"type":"Feature","properties":{},"geometry":{"type":"Polygon","coordinates":[[[31.332127,30.096065],[31.332181,30.095982],[31.332137,30.09596],[31.332176,30.0959],[31.332474,30.096047],[31.332395,30.096168],[31.33236,30.096151],[31.332346,30.096172],[31.332127,30.096065]]]}},{"type":"Feature","properties":{},"geometry":{"type":"Polygon","coordinates":[[[31.334092,30.104791],[31.334204,30.104588],[31.334354,30.104651],[31.334242,30.104853],[31.334092,30.104791]]]}},{"type":"Feature","properties":{},"geometry":{"type":"Polygon","coordinates":[[[31.33449,30.09387],[31.334612,30.093762],[31.33479,30.093914],[31.334668,30.094021],[31.33449,30.09387]]]}},{"type":"Feature","properties":{},"geometry":{"type":"Polygon","coordinates":[[[31.334496,30.094781],[31.334377,30.09486],[31.334127,30.094578],[31.334246,30.094499],[31.334496,30.094781]]]}},{"type":"Feature","properties":{},"geometry":{"type":"Polygon","coordinates":[[[31.338296,30.093787],[31.338153,30.093727],[31.338249,30.093555],[31.338392,30.093615],[31.338296,30.093787]]]}},{"type":"Feature","properties":{},"geometry":{"type":"Polygon","coordinates":[[[31.34134,30.10532],[31.341321,30.105284],[31.341308,30.105316],[31.341291,30.105311],[31.34128,30.105336],[31.341261,30.1053],[31.341386,30.105017],[31.341378,30.105002],[31.341465,30.105031],[31.34149,30.105078],[31.341476,30.105109],[31.341494,30.105144],[31.341574,30.105113],[31.341613,30.10519],[31.3416,30.105219],[31.34134,30.10532]]]}},{"type":"Feature","properties":{},"geometry":{"type":"Polygon","coordinates":[[[31.348681,30.099465],[31.348715,30.099415],[31.348869,30.099493],[31.348837,30.09954],[31.348869,30.099556],[31.348799,30.099659],[31.348635,30.099577],[31.348702,30.099476],[31.348681,30.099465]]]}},{"type":"Feature","properties":{},"geometry":{"type":"Polygon","coordinates":[[[31.350393,30.09191],[31.350458,30.091997],[31.350168,30.092162],[31.350436,30.092517],[31.350364,30.092558],[31.35003,30.092115],[31.350393,30.09191]]]}},{"type":"Feature","properties":{},"geometry":{"type":"Polygon","coordinates":[[[31.356033,30.104641],[31.355981,30.104708],[31.355958,30.104695],[31.3559,30.104771],[31.355918,30.104793],[31.355876,30.104849],[31.355663,30.104726],[31.355684,30.104699],[31.355553,30.104625],[31.355506,30.104687],[31.355468,30.104665],[31.355426,30.104721],[31.355436,30.104732],[31.355388,30.104794],[31.355068,30.10461],[31.35512,30.104542],[31.355184,30.104579],[31.355461,30.10422],[31.355526,30.104257],[31.355553,30.104222],[31.355483,30.104177],[31.35553,30.104116],[31.35578,30.10426],[31.355689,30.104379],[31.355685,30.104377],[31.355741,30.104443],[31.355684,30.104517],[31.355774,30.104461],[31.355954,30.104564],[31.355937,30.104586],[31.356033,30.104641]]]}},{"type":"Feature","properties":{},"geometry":{"type":"Polygon","coordinates":[[[31.332012,30.10237],[31.331951,30.102395],[31.33193,30.102357],[31.331991,30.102331],[31.332012,30.10237]]]}},{"type":"Feature","properties":{},"geometry":{"type":"Polygon","coordinates":[[[31.332159,30.106952],[31.332143,30.106968],[31.332247,30.107043],[31.332121,30.107175],[31.331825,30.106961],[31.331866,30.106919],[31.331848,30.106906],[31.33195,30.106801],[31.332159,30.106952]]]}},{"type":"Feature","properties":{},"geometry":{"type":"Polygon","coordinates":[[[31.3325,30.107466],[31.332619,30.107219],[31.33277,30.107274],[31.33265,30.107521],[31.3325,30.107466]]]}},{"type":"Feature","properties":{},"geometry":{"type":"Polygon","coordinates":[[[31.335812,30.093216],[31.335747,30.093271],[31.335816,30.093331],[31.335684,30.093443],[31.335597,30.093366],[31.335587,30.093375],[31.335384,30.093196],[31.33559,30.093021],[31.335812,30.093216]]]}},{"type":"Feature","properties":{},"geometry":{"type":"Polygon","coordinates":[[[31.338104,30.094966],[31.338239,30.094881],[31.338496,30.095187],[31.338361,30.095272],[31.338104,30.094966]]]}},{"type":"Feature","properties":{},"geometry":{"type":"Polygon","coordinates":[[[31.339572,30.096425],[31.339699,30.096615],[31.339582,30.096673],[31.339455,30.096483],[31.339572,30.096425]]]}},{"type":"Feature","properties":{},"geometry":{"type":"Polygon","coordinates":[[[31.339725,30.104953],[31.339803,30.104798],[31.340036,30.104885],[31.339958,30.10504],[31.339725,30.104953]]]}},{"type":"Feature","properties":{},"geometry":{"type":"Polygon","coordinates":[[[31.340483,30.097538],[31.340352,30.097607],[31.340322,30.097565],[31.340293,30.09758],[31.340191,30.097436],[31.340351,30.097351],[31.340483,30.097538]]]}},{"type":"Feature","properties":{},"geometry":{"type":"Polygon","coordinates":[[[31.345949,30.090097],[31.34606,30.089996],[31.34615,30.09007],[31.346039,30.090171],[31.345949,30.090097]]]}},{"type":"Feature","properties":{},"geometry":{"type":"Polygon","coordinates":[[[31.331347,30.091675],[31.331439,30.091643],[31.33153,30.091837],[31.3315,30.091847],[31.331478,30.091799],[31.331415,30.091821],[31.331347,30.091675]]]}},{"type":"Feature","properties":{},"geometry":{"type":"Polygon","coordinates":[[[31.332383,30.097748],[31.332438,30.097806],[31.332311,30.097896],[31.332233,30.097814],[31.332315,30.097756],[31.332338,30.09778],[31.332383,30.097748]]]}},{"type":"Feature","properties":{},"geometry":{"type":"Polygon","coordinates":[[[31.333304,30.093965],[31.333242,30.09402],[31.333079,30.093882],[31.333221,30.093757],[31.333269,30.093798],[31.333286,30.093783],[31.333315,30.093807],[31.333288,30.093831],[31.333415,30.093938],[31.333345,30.094],[31.333304,30.093965]]]}},{"type":"Feature","properties":{},"geometry":{"type":"Polygon","coordinates":[[[31.3338,30.094884],[31.333753,30.094828],[31.33386,30.094761],[31.333932,30.094848],[31.333783,30.094942],[31.333757,30.094911],[31.3338,30.094884]]]}},{"type":"Feature","properties":{},"geometry":{"type":"Polygon","coordinates":[[[31.333946,30.091098],[31.334002,30.09116],[31.333896,30.091232],[31.33384,30.09117],[31.333946,30.091098]]]}},{"type":"Feature","properties":{},"geometry":{"type":"Polygon","coordinates":[[[31.333979,30.094536],[31.334046,30.0946],[31.333982,30.094649],[31.333915,30.094586],[31.333979,30.094536]]]}},{"type":"Feature","properties":{},"geometry":{"type":"Polygon","coordinates":[[[31.335135,30.106347],[31.334969,30.106288],[31.335073,30.106067],[31.335144,30.106092],[31.335125,30.106134],[31.335219,30.106167],[31.335135,30.106347]]]}},{"type":"Feature","properties":{},"geometry":{"type":"Polygon","coordinates":[[[31.340086,30.103285],[31.340019,30.103426],[31.339632,30.103289],[31.339699,30.103147],[31.340086,30.103285]]]}},{"type":"Feature","properties":{},"geometry":{"type":"Polygon","coordinates":[[[31.340131,30.095109],[31.340262,30.094932],[31.3404,30.095008],[31.340269,30.095185],[31.340131,30.095109]]]}},{"type":"Feature","properties":{},"geometry":{"type":"Polygon","coordinates":[[[31.341659,30.102778],[31.341427,30.102684],[31.3415,30.102549],[31.341732,30.102642],[31.341659,30.102778]]]}},{"type":"Feature","properties":{},"geometry":{"type":"Polygon","coordinates":[[[31.342457,30.092611],[31.342399,30.092613],[31.342392,30.092499],[31.34245,30.092496],[31.342457,30.092611]]]}},{"type":"Feature","properties":{},"geometry":{"type":"Polygon","coordinates":[[[31.343122,30.098467],[31.343185,30.098474],[31.343176,30.098527],[31.343113,30.098519],[31.343122,30.098467]]]}},{"type":"Feature","properties":{},"geometry":{"type":"Polygon","coordinates":[[[31.343596,30.099799],[31.343819,30.099497],[31.343849,30.099486],[31.344012,30.099827],[31.34375,30.099921],[31.343726,30.099871],[31.343596,30.099799]]]}},{"type":"Feature","properties":{},"geometry":{"type":"Polygon","coordinates":[[[31.344637,30.101647],[31.344427,30.10193],[31.34438,30.101942],[31.344385,30.101957],[31.344351,30.102003],[31.344206,30.102039],[31.344187,30.101984],[31.344233,30.101972],[31.344216,30.101924],[31.344267,30.101911],[31.344257,30.10188],[31.344296,30.10187],[31.344315,30.101925],[31.344353,30.101872],[31.344337,30.101863],[31.344305,30.101871],[31.344285,30.10186],[31.344218,30.101877],[31.344208,30.101847],[31.344254,30.101835],[31.344236,30.101784],[31.344279,30.101727],[31.344265,30.101687],[31.344403,30.101501],[31.34463,30.101626],[31.344637,30.101647]]]}},{"type":"Feature","properties":{},"geometry":{"type":"Polygon","coordinates":[[[31.345916,30.091135],[31.345887,30.09115],[31.345746,30.091181],[31.345735,30.091145],[31.345722,30.091126],[31.345691,30.091029],[31.345763,30.091014],[31.345734,30.090914],[31.345784,30.090904],[31.345748,30.090848],[31.345784,30.09083],[31.345813,30.090871],[31.345861,30.090846],[31.345949,30.090827],[31.346099,30.091042],[31.346055,30.091065],[31.345978,30.091082],[31.345919,30.090997],[31.345884,30.091005],[31.345853,30.091021],[31.345904,30.091095],[31.345916,30.091135]]]}},{"type":"Feature","properties":{},"geometry":{"type":"Polygon","coordinates":[[[31.346546,30.104773],[31.346356,30.104856],[31.346218,30.104616],[31.346407,30.104534],[31.346546,30.104773]]]}},{"type":"Feature","properties":{},"geometry":{"type":"Polygon","coordinates":[[[31.347707,30.106512],[31.347529,30.106774],[31.347382,30.106699],[31.347561,30.106437],[31.347707,30.106512]]]}},{"type":"Feature","properties":{},"geometry":{"type":"Polygon","coordinates":[[[31.330942,30.098041],[31.331079,30.098171],[31.331036,30.098205],[31.330899,30.098076],[31.330942,30.098041]]]}},{"type":"Feature","properties":{},"geometry":{"type":"Polygon","coordinates":[[[31.331808,30.100823],[31.331886,30.100777],[31.331955,30.100865],[31.331877,30.100911],[31.331808,30.100823]]]}},{"type":"Feature","properties":{},"geometry":{"type":"Polygon","coordinates":[[[31.335577,30.094144],[31.335735,30.094035],[31.33601,30.094335],[31.335853,30.094444],[31.335577,30.094144]]]}},{"type":"Feature","properties":{},"geometry":{"type":"Polygon","coordinates":[[[31.335692,30.103904],[31.335828,30.104025],[31.335675,30.104154],[31.335539,30.104034],[31.335692,30.103904]]]}},{"type":"Feature","properties":{},"geometry":{"type":"Polygon","coordinates":[[[31.336398,30.107948],[31.336553,30.107663],[31.336731,30.107736],[31.336575,30.10802],[31.336398,30.107948]]]}},{"type":"Feature","properties":{},"geometry":{"type":"Polygon","coordinates":[[[31.337151,30.095832],[31.337198,30.095798],[31.337169,30.095769],[31.337221,30.09573],[31.337361,30.095871],[31.337263,30.095944],[31.337151,30.095832]]]}},{"type":"Feature","properties":{},"geometry":{"type":"Polygon","coordinates":[[[31.337561,30.096263],[31.337666,30.096199],[31.337776,30.096334],[31.337671,30.096398],[31.337561,30.096263]]]}},{"type":"Feature","properties":{},"geometry":{"type":"Polygon","coordinates":[[[31.338889,30.097103],[31.338757,30.097174],[31.338624,30.096989],[31.338755,30.096918],[31.338889,30.097103]]]}},{"type":"Feature","properties":{},"geometry":{"type":"Polygon","coordinates":[[[31.341765,30.096474],[31.341633,30.096539],[31.341444,30.096251],[31.341576,30.096187],[31.341765,30.096474]]]}},{"type":"Feature","properties":{},"geometry":{"type":"Polygon","coordinates":[[[31.343731,30.103051],[31.343705,30.102747],[31.343687,30.102717],[31.343682,30.102656],[31.343709,30.102644],[31.34369,30.102426],[31.3436,30.102271],[31.34367,30.102241],[31.343708,30.102306],[31.344038,30.102284],[31.344051,30.102432],[31.343996,30.102435],[31.343991,30.102379],[31.343947,30.102382],[31.343954,30.102452],[31.343808,30.102516],[31.343819,30.102644],[31.343971,30.102634],[31.343978,30.102709],[31.343948,30.102722],[31.343963,30.10289],[31.343897,30.102894],[31.343886,30.102874],[31.343827,30.102878],[31.34384,30.102901],[31.343875,30.102898],[31.343902,30.102944],[31.34391,30.103039],[31.343731,30.103051]]]}},{"type":"Feature","properties":{},"geometry":{"type":"Polygon","coordinates":[[[31.343992,30.103443],[31.343952,30.103444],[31.34395,30.103379],[31.343991,30.103378],[31.343992,30.103443]]]}},{"type":"Feature","properties":{},"geometry":{"type":"Polygon","coordinates":[[[31.34667,30.091196],[31.346554,30.091133],[31.3466,30.09107],[31.346716,30.091132],[31.34667,30.091196]]]}},{"type":"Feature","properties":{},"geometry":{"type":"Polygon","coordinates":[[[31.347528,30.105169],[31.347372,30.105374],[31.34723,30.105293],[31.347386,30.105088],[31.347528,30.105169]]]}},{"type":"Feature","properties":{},"geometry":{"type":"Polygon","coordinates":[[[31.330604,30.095845],[31.330703,30.095934],[31.330559,30.096053],[31.33046,30.095964],[31.330604,30.095845]]]}},{"type":"Feature","properties":{},"geometry":{"type":"Polygon","coordinates":[[[31.330884,30.097489],[31.330674,30.09764],[31.330583,30.097546],[31.330793,30.097394],[31.330884,30.097489]]]}},{"type":"Feature","properties":{},"geometry":{"type":"Polygon","coordinates":[[[31.336449,30.09591],[31.336582,30.095817],[31.33674,30.095985],[31.3365,30.096153],[31.336477,30.096129],[31.336444,30.096152],[31.336389,30.096094],[31.33635,30.096121],[31.336275,30.096041],[31.336425,30.095936],[31.336512,30.096028],[31.336541,30.096008],[31.336449,30.09591]]]}},{"type":"Feature","properties":{},"geometry":{"type":"Polygon","coordinates":[[[31.338041,30.095197],[31.338129,30.095128],[31.338265,30.095259],[31.338177,30.095328],[31.338041,30.095197]]]}},{"type":"Feature","properties":{},"geometry":{"type":"Polygon","coordinates":[[[31.340979,30.098249],[31.340897,30.098376],[31.340739,30.0983],[31.340748,30.098286],[31.340624,30.098226],[31.340697,30.098113],[31.340979,30.098249]]]}},{"type":"Feature","properties":{},"geometry":{"type":"Polygon","coordinates":[[[31.341929,30.099222],[31.34196,30.09917],[31.342079,30.099224],[31.342103,30.099184],[31.342202,30.099229],[31.342146,30.09932],[31.341929,30.099222]]]}},{"type":"Feature","properties":{},"geometry":{"type":"Polygon","coordinates":[[[31.349287,30.105969],[31.349382,30.105831],[31.349566,30.105927],[31.34947,30.106065],[31.349287,30.105969]]]}},{"type":"Feature","properties":{},"geometry":{"type":"Polygon","coordinates":[[[31.33242,30.096812],[31.332472,30.096848],[31.332434,30.096889],[31.332382,30.096854],[31.33242,30.096812]]]}},{"type":"Feature","properties":{},"geometry":{"type":"Polygon","coordinates":[[[31.332893,30.095434],[31.332953,30.095467],[31.332886,30.095558],[31.332827,30.095526],[31.332893,30.095434]]]}},{"type":"Feature","properties":{},"geometry":{"type":"Polygon","coordinates":[[[31.335231,30.094412],[31.335389,30.094502],[31.335561,30.094692],[31.335589,30.094708],[31.335709,30.09484],[31.335524,30.094963],[31.335494,30.094946],[31.33536,30.094799],[31.335372,30.094783],[31.335275,30.094727],[31.335235,30.094755],[31.335209,30.094726],[31.335181,30.09471],[31.335123,30.094647],[31.335128,30.09464],[31.335039,30.094542],[31.335231,30.094412]]]}},{"type":"Feature","properties":{},"geometry":{"type":"Polygon","coordinates":[[[31.338992,30.096225],[31.338877,30.096312],[31.338787,30.096224],[31.338839,30.096184],[31.3388,30.096146],[31.338751,30.096183],[31.338542,30.095978],[31.338653,30.095892],[31.338992,30.096225]]]}},{"type":"Feature","properties":{},"geometry":{"type":"Polygon","coordinates":[[[31.345558,30.10651],[31.345325,30.106558],[31.345285,30.106415],[31.345286,30.106393],[31.345313,30.106376],[31.345282,30.106364],[31.345227,30.106168],[31.345133,30.106057],[31.34518,30.106028],[31.345246,30.106054],[31.345272,30.106038],[31.345491,30.106124],[31.345519,30.106158],[31.345518,30.1062],[31.345527,30.106234],[31.345478,30.106265],[31.345477,30.106293],[31.345467,30.106311],[31.345407,30.106349],[31.345476,30.106351],[31.345499,30.106432],[31.345537,30.106433],[31.345558,30.10651]]]}},{"type":"Feature","properties":{},"geometry":{"type":"Polygon","coordinates":[[[31.345586,30.10797],[31.345363,30.108011],[31.345328,30.107866],[31.345551,30.107825],[31.345586,30.10797]]]}},{"type":"Feature","properties":{},"geometry":{"type":"Polygon","coordinates":[[[31.346769,30.10762],[31.346698,30.107575],[31.346745,30.107519],[31.346816,30.107564],[31.346769,30.10762]]]}},{"type":"Feature","properties":{},"geometry":{"type":"Polygon","coordinates":[[[31.347347,30.100957],[31.347486,30.100739],[31.347644,30.100815],[31.347506,30.101032],[31.347347,30.100957]]]}},{"type":"Feature","properties":{},"geometry":{"type":"Polygon","coordinates":[[[31.347539,30.101474],[31.34772,30.101219],[31.347877,30.101303],[31.347696,30.101557],[31.347539,30.101474]]]}},{"type":"Feature","properties":{},"geometry":{"type":"Polygon","coordinates":[[[31.354317,30.106773],[31.354411,30.106828],[31.354374,30.106876],[31.35428,30.106821],[31.354317,30.106773]]]}},{"type":"Feature","properties":{},"geometry":{"type":"Polygon","coordinates":[[[31.331866,30.097707],[31.331656,30.097866],[31.331475,30.097686],[31.331541,30.097637],[31.331553,30.097649],[31.331762,30.097499],[31.331744,30.097482],[31.331857,30.097397],[31.331895,30.097435],[31.331938,30.097403],[31.331998,30.097463],[31.331939,30.097507],[31.331983,30.097552],[31.331938,30.097586],[31.33189,30.097539],[31.33178,30.097621],[31.331866,30.097707]]]}},{"type":"Feature","properties":{},"geometry":{"type":"Polygon","coordinates":[[[31.335225,30.106105],[31.335341,30.105895],[31.335516,30.105967],[31.33552,30.105959],[31.335662,30.106018],[31.335542,30.106235],[31.335225,30.106105]]]}},{"type":"Feature","properties":{},"geometry":{"type":"Polygon","coordinates":[[[31.335435,30.102371],[31.33529,30.102505],[31.335226,30.102453],[31.33537,30.102319],[31.335435,30.102371]]]}},{"type":"Feature","properties":{},"geometry":{"type":"Polygon","coordinates":[[[31.336047,30.106182],[31.335934,30.106407],[31.335838,30.106371],[31.335716,30.106615],[31.335589,30.106568],[31.335699,30.106348],[31.335803,30.106387],[31.335819,30.106355],[31.335626,30.106283],[31.335735,30.106065],[31.336047,30.106182]]]}},{"type":"Feature","properties":{},"geometry":{"type":"Polygon","coordinates":[[[31.337095,30.095447],[31.337138,30.095487],[31.337087,30.095527],[31.337044,30.095487],[31.337095,30.095447]]]}},{"type":"Feature","properties":{},"geometry":{"type":"Polygon","coordinates":[[[31.337734,30.091202],[31.337808,30.091238],[31.337756,30.091318],[31.337682,30.091282],[31.337734,30.091202]]]}},{"type":"Feature","properties":{},"geometry":{"type":"Polygon","coordinates":[[[31.338203,30.096429],[31.33825,30.096411],[31.338287,30.096483],[31.338183,30.096522],[31.338177,30.096511],[31.338104,30.096538],[31.338036,30.0964],[31.338164,30.096352],[31.338203,30.096429]]]}},{"type":"Feature","properties":{},"geometry":{"type":"Polygon","coordinates":[[[31.338858,30.094167],[31.338776,30.094302],[31.338643,30.094241],[31.338695,30.094156],[31.338658,30.094139],[31.338687,30.09409],[31.338858,30.094167]]]}},{"type":"Feature","properties":{},"geometry":{"type":"Polygon","coordinates":[[[31.339444,30.093218],[31.339551,30.093262],[31.339572,30.093224],[31.339716,30.093283],[31.339639,30.093423],[31.339388,30.093321],[31.339444,30.093218]]]}},{"type":"Feature","properties":{},"geometry":{"type":"Polygon","coordinates":[[[31.341482,30.10589],[31.341602,30.106126],[31.341365,30.106216],[31.341246,30.10598],[31.341482,30.10589]]]}},{"type":"Feature","properties":{},"geometry":{"type":"Polygon","coordinates":[[[31.341849,30.100107],[31.34196,30.100322],[31.341789,30.100388],[31.341678,30.100173],[31.341849,30.100107]]]}},{"type":"Feature","properties":{},"geometry":{"type":"Polygon","coordinates":[[[31.350944,30.104629],[31.350985,30.104541],[31.35115,30.104598],[31.351109,30.104686],[31.350944,30.104629]]]}},{"type":"Feature","properties":{},"geometry":{"type":"Polygon","coordinates":[[[31.3311,30.104],[31.331291,30.104076],[31.331185,30.104274],[31.330995,30.104198],[31.3311,30.104]]]}},{"type":"Feature","properties":{},"geometry":{"type":"Polygon","coordinates":[[[31.331668,30.092524],[31.331522,30.092633],[31.331416,30.092528],[31.331563,30.092418],[31.331668,30.092524]]]}},{"type":"Feature","properties":{},"geometry":{"type":"Polygon","coordinates":[[[31.332008,30.099189],[31.331889,30.099303],[31.3318,30.099233],[31.331953,30.099087],[31.332017,30.099137],[31.331983,30.09917],[31.332008,30.099189]]]}},{"type":"Feature","properties":{},"geometry":{"type":"Polygon","coordinates":[[[31.333196,30.098492],[31.333166,30.098568],[31.33261,30.098406],[31.332649,30.098306],[31.332957,30.098396],[31.332967,30.098371],[31.333012,30.098385],[31.332994,30.098433],[31.333196,30.098492]]]}},{"type":"Feature","properties":{},"geometry":{"type":"Polygon","coordinates":[[[31.333267,30.100322],[31.333346,30.100102],[31.333422,30.100122],[31.333554,30.100266],[31.333525,30.100348],[31.33348,30.100336],[31.333424,30.100375],[31.333323,30.100348],[31.33331,30.100334],[31.333267,30.100322]]]}},{"type":"Feature","properties":{},"geometry":{"type":"Polygon","coordinates":[[[31.334524,30.104728],[31.334429,30.104925],[31.334301,30.104879],[31.334396,30.104681],[31.334524,30.104728]]]}},{"type":"Feature","properties":{},"geometry":{"type":"Polygon","coordinates":[[[31.336054,30.100008],[31.33603,30.100142],[31.335985,30.100136],[31.335988,30.100121],[31.335861,30.100104],[31.335882,30.099985],[31.336054,30.100008]]]}},{"type":"Feature","properties":{},"geometry":{"type":"Polygon","coordinates":[[[31.338056,30.101514],[31.337818,30.101487],[31.337866,30.101172],[31.338104,30.101199],[31.338056,30.101514]]]}},{"type":"Feature","properties":{},"geometry":{"type":"Polygon","coordinates":[[[31.338836,30.09688],[31.339043,30.096797],[31.339131,30.096963],[31.338925,30.097045],[31.338836,30.09688]]]}},{"type":"Feature","properties":{},"geometry":{"type":"Polygon","coordinates":[[[31.340234,30.108284],[31.340125,30.108559],[31.339967,30.108512],[31.339976,30.108488],[31.339919,30.108471],[31.339948,30.108398],[31.339933,30.108394],[31.339973,30.108294],[31.340011,30.108306],[31.340043,30.108227],[31.340234,30.108284]]]}},{"type":"Feature","properties":{},"geometry":{"type":"Polygon","coordinates":[[[31.343152,30.107999],[31.343071,30.108007],[31.343059,30.107915],[31.34314,30.107907],[31.343152,30.107999]]]}},{"type":"Feature","properties":{},"geometry":{"type":"Polygon","coordinates":[[[31.345164,30.093997],[31.345307,30.093914],[31.345361,30.093984],[31.345219,30.094067],[31.345164,30.093997]]]}},{"type":"Feature","properties":{},"geometry":{"type":"Polygon","coordinates":[[[31.346085,30.103269],[31.346183,30.10323],[31.346271,30.103395],[31.346173,30.103434],[31.346085,30.103269]]]}},{"type":"Feature","properties":{},"geometry":{"type":"Polygon","coordinates":[[[31.347289,30.096428],[31.347259,30.096457],[31.347156,30.096374],[31.347187,30.096345],[31.347289,30.096428]]]}},{"type":"Feature","properties":{},"geometry":{"type":"Polygon","coordinates":[[[31.330463,30.107229],[31.330703,30.107418],[31.330655,30.107463],[31.330642,30.107453],[31.33061,30.107483],[31.330383,30.107305],[31.330463,30.107229]]]}},{"type":"Feature","properties":{},"geometry":{"type":"Polygon","coordinates":[[[31.331608,30.099175],[31.331495,30.099251],[31.331403,30.099149],[31.331516,30.099073],[31.331608,30.099175]]]}},{"type":"Feature","properties":{},"geometry":{"type":"Polygon","coordinates":[[[31.332239,30.091007],[31.332284,30.091091],[31.332214,30.091119],[31.332232,30.091152],[31.33217,30.091177],[31.332107,30.09106],[31.332239,30.091007]]]}},{"type":"Feature","properties":{},"geometry":{"type":"Polygon","coordinates":[[[31.332692,30.095241],[31.332867,30.095406],[31.332787,30.095469],[31.332612,30.095303],[31.332692,30.095241]]]}},{"type":"Feature","properties":{},"geometry":{"type":"Polygon","coordinates":[[[31.33316,30.104913],[31.333366,30.104988],[31.33326,30.105206],[31.333054,30.10513],[31.33316,30.104913]]]}},{"type":"Feature","properties":{},"geometry":{"type":"Polygon","coordinates":[[[31.334511,30.104994],[31.334545,30.10492],[31.334498,30.104904],[31.334562,30.104762],[31.334761,30.10483],[31.334663,30.105046],[31.334511,30.104994]]]}},{"type":"Feature","properties":{},"geometry":{"type":"Polygon","coordinates":[[[31.339327,30.09507],[31.339343,30.095094],[31.339403,30.095065],[31.339485,30.095191],[31.339382,30.095241],[31.339284,30.09509],[31.339327,30.09507]]]}},{"type":"Feature","properties":{},"geometry":{"type":"Polygon","coordinates":[[[31.339503,30.104251],[31.339778,30.10436],[31.339707,30.104494],[31.339432,30.104385],[31.339503,30.104251]]]}},{"type":"Feature","properties":{},"geometry":{"type":"Polygon","coordinates":[[[31.341423,30.100528],[31.341293,30.100295],[31.341464,30.100224],[31.341534,30.10035],[31.341515,30.100358],[31.341576,30.100467],[31.341634,30.100443],[31.341704,30.100568],[31.341654,30.100588],[31.34177,30.100797],[31.341623,30.100858],[31.341436,30.100523],[31.341423,30.100528]]]}},{"type":"Feature","properties":{},"geometry":{"type":"Polygon","coordinates":[[[31.342353,30.103972],[31.342349,30.104111],[31.34222,30.104107],[31.342225,30.103969],[31.342353,30.103972]]]}},{"type":"Feature","properties":{},"geometry":{"type":"Polygon","coordinates":[[[31.344416,30.096069],[31.344455,30.096022],[31.344505,30.096053],[31.344466,30.0961],[31.344416,30.096069]]]}},{"type":"Feature","properties":{},"geometry":{"type":"Polygon","coordinates":[[[31.345071,30.090545],[31.345018,30.090577],[31.344987,30.090538],[31.345039,30.090506],[31.345071,30.090545]]]}},{"type":"Feature","properties":{},"geometry":{"type":"Polygon","coordinates":[[[31.34791,30.099419],[31.348015,30.09928],[31.348159,30.099361],[31.348054,30.0995],[31.34791,30.099419]]]}},{"type":"Feature","properties":{},"geometry":{"type":"Polygon","coordinates":[[[31.348354,30.100815],[31.348681,30.100975],[31.348583,30.101125],[31.348256,30.100965],[31.348354,30.100815]]]}},{"type":"Feature","properties":{},"geometry":{"type":"Polygon","coordinates":[[[31.351582,30.097184],[31.351617,30.09725],[31.351523,30.097288],[31.351487,30.097223],[31.351582,30.097184]]]}},{"type":"Feature","properties":{},"geometry":{"type":"Polygon","coordinates":[[[31.355928,30.109763],[31.355996,30.109804],[31.355965,30.109841],[31.355898,30.1098],[31.355928,30.109763]]]}},{"type":"Feature","properties":{},"geometry":{"type":"Polygon","coordinates":[[[31.330301,30.109441],[31.330423,30.109333],[31.330512,30.109409],[31.33039,30.109516],[31.330301,30.109441]]]}},{"type":"Feature","properties":{},"geometry":{"type":"Polygon","coordinates":[[[31.33117,30.092539],[31.331422,30.092754],[31.331336,30.092828],[31.331153,30.092672],[31.331119,30.092701],[31.33125,30.092813],[31.330581,30.093399],[31.33051,30.093338],[31.3306,30.093259],[31.330469,30.093147],[31.330573,30.093056],[31.330633,30.093107],[31.330592,30.093142],[31.330647,30.093189],[31.33082,30.093039],[31.330745,30.092975],[31.330724,30.092993],[31.330648,30.092928],[31.330938,30.092674],[31.330977,30.092708],[31.33117,30.092539]]]}},{"type":"Feature","properties":{},"geometry":{"type":"Polygon","coordinates":[[[31.332192,30.109449],[31.33225,30.109581],[31.33203,30.109652],[31.331972,30.10952],[31.332192,30.109449]]]}},{"type":"Feature","properties":{},"geometry":{"type":"Polygon","coordinates":[[[31.333496,30.096863],[31.333673,30.0969],[31.333634,30.097038],[31.333457,30.097],[31.333496,30.096863]]]}},{"type":"Feature","properties":{},"geometry":{"type":"Polygon","coordinates":[[[31.33417,30.095535],[31.334276,30.095631],[31.334128,30.095754],[31.334022,30.095658],[31.33417,30.095535]]]}},{"type":"Feature","properties":{},"geometry":{"type":"Polygon","coordinates":[[[31.335669,30.092825],[31.335609,30.092917],[31.335469,30.093031],[31.335338,30.092909],[31.335355,30.092882],[31.335406,30.092842],[31.335525,30.092901],[31.335446,30.092827],[31.335406,30.092807],[31.335362,30.092766],[31.335412,30.09269],[31.335508,30.092737],[31.33553,30.092757],[31.335669,30.092825]]]}},{"type":"Feature","properties":{},"geometry":{"type":"Polygon","coordinates":[[[31.336817,30.096589],[31.336989,30.096638],[31.336898,30.096881],[31.336725,30.096833],[31.336817,30.096589]]]}},{"type":"Feature","properties":{},"geometry":{"type":"Polygon","coordinates":[[[31.339795,30.092908],[31.339773,30.092805],[31.339752,30.09282],[31.339767,30.092892],[31.339699,30.092902],[31.339671,30.092771],[31.339697,30.092754],[31.339779,30.092741],[31.339745,30.092703],[31.339769,30.092687],[31.33982,30.092679],[31.339867,30.092731],[31.339882,30.092804],[31.339915,30.092782],[31.339903,30.092726],[31.339976,30.092714],[31.339982,30.092743],[31.339998,30.092761],[31.340022,30.092744],[31.340012,30.092694],[31.340082,30.092646],[31.340169,30.092632],[31.340271,30.092745],[31.340274,30.092761],[31.340184,30.092821],[31.340089,30.092837],[31.340041,30.092869],[31.339795,30.092908]]]}},{"type":"Feature","properties":{},"geometry":{"type":"Polygon","coordinates":[[[31.340955,30.096914],[31.340809,30.096994],[31.34067,30.096803],[31.340816,30.096723],[31.340955,30.096914]]]}},{"type":"Feature","properties":{},"geometry":{"type":"Polygon","coordinates":[[[31.340984,30.104844],[31.341204,30.104929],[31.341142,30.10505],[31.340921,30.104965],[31.340984,30.104844]]]}},{"type":"Feature","properties":{},"geometry":{"type":"Polygon","coordinates":[[[31.34464,30.092729],[31.344699,30.092753],[31.344659,30.092825],[31.34462,30.092809],[31.344647,30.09276],[31.344628,30.092751],[31.34464,30.092729]]]}},{"type":"Feature","properties":{},"geometry":{"type":"Polygon","coordinates":[[[31.346998,30.092894],[31.347079,30.092849],[31.347117,30.092899],[31.347036,30.092944],[31.346998,30.092894]]]}},{"type":"Feature","properties":{},"geometry":{"type":"Polygon","coordinates":[[[31.348766,30.106535],[31.348856,30.10639],[31.34912,30.106512],[31.34903,30.106657],[31.348766,30.106535]]]}},{"type":"Feature","properties":{},"geometry":{"type":"Polygon","coordinates":[[[31.331979,30.104645],[31.332088,30.104442],[31.332308,30.10453],[31.332199,30.104734],[31.331979,30.104645]]]}},{"type":"Feature","properties":{},"geometry":{"type":"Polygon","coordinates":[[[31.331988,30.090534],[31.332122,30.090309],[31.332406,30.090436],[31.332354,30.090524],[31.332311,30.090505],[31.332277,30.090563],[31.332248,30.09055],[31.332212,30.090611],[31.332106,30.090564],[31.332095,30.090582],[31.331988,30.090534]]]}},{"type":"Feature","properties":{},"geometry":{"type":"Polygon","coordinates":[[[31.334418,30.09295],[31.33472,30.092719],[31.334696,30.092696],[31.334751,30.092653],[31.33492,30.092818],[31.334837,30.092881],[31.334746,30.092793],[31.334473,30.093004],[31.334418,30.09295]]]}},{"type":"Feature","properties":{},"geometry":{"type":"Polygon","coordinates":[[[31.334462,30.106062],[31.334571,30.105864],[31.33468,30.105909],[31.334572,30.106107],[31.334462,30.106062]]]}},{"type":"Feature","properties":{},"geometry":{"type":"Polygon","coordinates":[[[31.335117,30.091942],[31.335016,30.092111],[31.334874,30.092047],[31.334882,30.092034],[31.334806,30.092],[31.334899,30.091845],[31.335117,30.091942]]]}},{"type":"Feature","properties":{},"geometry":{"type":"Polygon","coordinates":[[[31.33599,30.094567],[31.336094,30.094662],[31.336029,30.094714],[31.336039,30.094724],[31.335951,30.094796],[31.335833,30.094689],[31.335896,30.094638],[31.33592,30.09466],[31.335955,30.094631],[31.335935,30.094612],[31.33599,30.094567]]]}},{"type":"Feature","properties":{},"geometry":{"type":"Polygon","coordinates":[[[31.336822,30.105493],[31.336971,30.105349],[31.337139,30.105479],[31.33699,30.105623],[31.336822,30.105493]]]}},{"type":"Feature","properties":{},"geometry":{"type":"Polygon","coordinates":[[[31.337737,30.108954],[31.337722,30.108926],[31.337789,30.108899],[31.337883,30.109073],[31.337745,30.109129],[31.337665,30.108983],[31.337737,30.108954]]]}},{"type":"Feature","properties":{},"geometry":{"type":"Polygon","coordinates":[[[31.339264,30.098799],[31.339349,30.098673],[31.339529,30.098764],[31.339444,30.09889],[31.339264,30.098799]]]}},{"type":"Feature","properties":{},"geometry":{"type":"Polygon","coordinates":[[[31.339298,30.095846],[31.339362,30.095806],[31.339392,30.095844],[31.339453,30.095806],[31.339559,30.095936],[31.339434,30.096013],[31.339298,30.095846]]]}},{"type":"Feature","properties":{},"geometry":{"type":"Polygon","coordinates":[[[31.340706,30.103952],[31.340774,30.103804],[31.340982,30.103876],[31.340915,30.104023],[31.340706,30.103952]]]}},{"type":"Feature","properties":{},"geometry":{"type":"Polygon","coordinates":[[[31.342773,30.108637],[31.342855,30.108448],[31.343185,30.108555],[31.343103,30.108745],[31.342773,30.108637]]]}},{"type":"Feature","properties":{},"geometry":{"type":"Polygon","coordinates":[[[31.345315,30.09091],[31.345382,30.090779],[31.345635,30.090876],[31.345568,30.091007],[31.345315,30.09091]]]}},{"type":"Feature","properties":{},"geometry":{"type":"Polygon","coordinates":[[[31.346638,30.09983],[31.346885,30.09999],[31.346771,30.100122],[31.346571,30.099993],[31.346608,30.09995],[31.346561,30.099919],[31.346638,30.09983]]]}},{"type":"Feature","properties":{},"geometry":{"type":"Polygon","coordinates":[[[31.348542,30.106382],[31.348386,30.106316],[31.348516,30.106088],[31.348671,30.106154],[31.348542,30.106382]]]}},{"type":"Feature","properties":{},"geometry":{"type":"Polygon","coordinates":[[[31.348579,30.09699],[31.348722,30.097071],[31.34867,30.097139],[31.348527,30.097057],[31.348579,30.09699]]]}},{"type":"Feature","properties":{},"geometry":{"type":"Polygon","coordinates":[[[31.330297,30.097105],[31.330166,30.097206],[31.329996,30.097039],[31.330127,30.096938],[31.330297,30.097105]]]}},{"type":"Feature","properties":{},"geometry":{"type":"Polygon","coordinates":[[[31.330848,30.105687],[31.330811,30.105764],[31.330604,30.105688],[31.330641,30.105611],[31.330848,30.105687]]]}},{"type":"Feature","properties":{},"geometry":{"type":"Polygon","coordinates":[[[31.331484,30.099047],[31.33134,30.09915],[31.33129,30.099098],[31.331361,30.099047],[31.331339,30.099024],[31.331252,30.099086],[31.331166,30.098997],[31.331326,30.098882],[31.331484,30.099047]]]}},{"type":"Feature","properties":{},"geometry":{"type":"Polygon","coordinates":[[[31.332892,30.106745],[31.333026,30.106489],[31.33319,30.106554],[31.333056,30.10681],[31.332892,30.106745]]]}},{"type":"Feature","properties":{},"geometry":{"type":"Polygon","coordinates":[[[31.333024,30.094332],[31.333126,30.094439],[31.333082,30.09447],[31.333093,30.094482],[31.332985,30.094559],[31.332872,30.094441],[31.333024,30.094332]]]}},{"type":"Feature","properties":{},"geometry":{"type":"Polygon","coordinates":[[[31.334514,30.097093],[31.334548,30.096998],[31.334731,30.096918],[31.334883,30.097178],[31.334847,30.097193],[31.334822,30.097262],[31.334835,30.097283],[31.334789,30.097413],[31.334587,30.09736],[31.334552,30.0973],[31.334563,30.097268],[31.334538,30.097225],[31.334558,30.097168],[31.334514,30.097093]]]}},{"type":"Feature","properties":{},"geometry":{"type":"Polygon","coordinates":[[[31.334602,30.097773],[31.334585,30.097817],[31.334561,30.097811],[31.334498,30.097986],[31.334429,30.097968],[31.334509,30.097748],[31.334602,30.097773]]]}},{"type":"Feature","properties":{},"geometry":{"type":"Polygon","coordinates":[[[31.335765,30.104746],[31.335881,30.104653],[31.336029,30.104792],[31.335914,30.104885],[31.335765,30.104746]]]}},{"type":"Feature","properties":{},"geometry":{"type":"Polygon","coordinates":[[[31.336093,30.106251],[31.336231,30.106302],[31.336137,30.106493],[31.335999,30.106442],[31.336093,30.106251]]]}},{"type":"Feature","properties":{},"geometry":{"type":"Polygon","coordinates":[[[31.339967,30.092462],[31.340002,30.092626],[31.339932,30.092637],[31.339925,30.092604],[31.339857,30.092615],[31.33984,30.092534],[31.339855,30.092531],[31.339845,30.092482],[31.339967,30.092462]]]}},{"type":"Feature","properties":{},"geometry":{"type":"Polygon","coordinates":[[[31.341946,30.090038],[31.341906,30.089994],[31.3419,30.089952],[31.341974,30.089945],[31.341979,30.08998],[31.341994,30.089997],[31.342051,30.089991],[31.342068,30.090011],[31.342114,30.090006],[31.342253,30.090158],[31.34205,30.090298],[31.342015,30.090301],[31.341982,30.090323],[31.341946,30.090038]]]}},{"type":"Feature","properties":{},"geometry":{"type":"Polygon","coordinates":[[[31.342159,30.096232],[31.342011,30.096308],[31.341987,30.096311],[31.341936,30.096237],[31.341978,30.096215],[31.34197,30.096163],[31.341915,30.096192],[31.341888,30.096195],[31.341816,30.09609],[31.341984,30.096003],[31.341903,30.096012],[31.342033,30.095945],[31.342137,30.096096],[31.342159,30.096232]]]}},{"type":"Feature","properties":{},"geometry":{"type":"Polygon","coordinates":[[[31.343373,30.098261],[31.343435,30.098166],[31.343869,30.09838],[31.343836,30.098429],[31.343867,30.098444],[31.343837,30.09849],[31.343373,30.098261]]]}},{"type":"Feature","properties":{},"geometry":{"type":"Polygon","coordinates":[[[31.343898,30.090534],[31.343978,30.090477],[31.344013,30.090513],[31.344172,30.090398],[31.344153,30.090379],[31.344229,30.090324],[31.344326,30.090424],[31.344011,30.090651],[31.343898,30.090534]]]}},{"type":"Feature","properties":{},"geometry":{"type":"Polygon","coordinates":[[[31.350332,30.097445],[31.350277,30.097416],[31.350307,30.097377],[31.350401,30.097431],[31.350372,30.097468],[31.350332,30.097445]]]}},{"type":"Feature","properties":{},"geometry":{"type":"Polygon","coordinates":[[[31.352608,30.094992],[31.352822,30.095064],[31.352734,30.095259],[31.35252,30.095187],[31.352608,30.094992]]]}},{"type":"Feature","properties":{},"geometry":{"type":"Polygon","coordinates":[[[31.33169,30.094288],[31.331633,30.094342],[31.331579,30.0943],[31.331636,30.094245],[31.33169,30.094288]]]}},{"type":"Feature","properties":{},"geometry":{"type":"Polygon","coordinates":[[[31.332048,30.109675],[31.33226,30.109587],[31.332324,30.109703],[31.332112,30.109791],[31.332048,30.109675]]]}},{"type":"Feature","properties":{},"geometry":{"type":"Polygon","coordinates":[[[31.332469,30.106794],[31.3326,30.106843],[31.332484,30.107076],[31.332353,30.107027],[31.332469,30.106794]]]}},{"type":"Feature","properties":{},"geometry":{"type":"Polygon","coordinates":[[[31.332646,30.096412],[31.332564,30.096497],[31.332275,30.096288],[31.332357,30.096203],[31.332646,30.096412]]]}},{"type":"Feature","properties":{},"geometry":{"type":"Polygon","coordinates":[[[31.33449,30.100611],[31.334427,30.100914],[31.334022,30.100851],[31.334054,30.100697],[31.334132,30.100709],[31.334163,30.10056],[31.33449,30.100611]]]}},{"type":"Feature","properties":{},"geometry":{"type":"Polygon","coordinates":[[[31.336907,30.104986],[31.337103,30.105141],[31.336949,30.105286],[31.336754,30.105131],[31.336907,30.104986]]]}},{"type":"Feature","properties":{},"geometry":{"type":"Polygon","coordinates":[[[31.338374,30.096919],[31.338405,30.096896],[31.338508,30.097003],[31.338414,30.097072],[31.338318,30.096972],[31.338382,30.096927],[31.338374,30.096919]]]}},{"type":"Feature","properties":{},"geometry":{"type":"Polygon","coordinates":[[[31.338993,30.090747],[31.338883,30.090906],[31.338683,30.090803],[31.338793,30.090644],[31.338993,30.090747]]]}},{"type":"Feature","properties":{},"geometry":{"type":"Polygon","coordinates":[[[31.342006,30.103241],[31.342041,30.103177],[31.342073,30.103178],[31.342086,30.102888],[31.342206,30.10289],[31.342203,30.10304],[31.342153,30.103039],[31.342112,30.103113],[31.342125,30.103119],[31.34223,30.10312],[31.34223,30.103151],[31.342204,30.103197],[31.342203,30.103274],[31.342184,30.103307],[31.342166,30.103307],[31.342006,30.103241]]]}},{"type":"Feature","properties":{},"geometry":{"type":"Polygon","coordinates":[[[31.342804,30.108682],[31.342942,30.108732],[31.342857,30.108908],[31.342719,30.108858],[31.342804,30.108682]]]}},{"type":"Feature","properties":{},"geometry":{"type":"Polygon","coordinates":[[[31.34349,30.090327],[31.343323,30.090426],[31.343348,30.090457],[31.343302,30.090484],[31.343245,30.090411],[31.343498,30.090262],[31.343578,30.090364],[31.343538,30.090388],[31.34349,30.090327]]]}},{"type":"Feature","properties":{},"geometry":{"type":"Polygon","coordinates":[[[31.345365,30.098826],[31.345199,30.098886],[31.345076,30.098633],[31.345243,30.098572],[31.345365,30.098826]]]}},{"type":"Feature","properties":{},"geometry":{"type":"Polygon","coordinates":[[[31.346341,30.095801],[31.346402,30.095647],[31.34649,30.095673],[31.34643,30.095827],[31.346341,30.095801]]]}},{"type":"Feature","properties":{},"geometry":{"type":"Polygon","coordinates":[[[31.34664,30.098679],[31.346455,30.098747],[31.346335,30.098502],[31.34652,30.098434],[31.34664,30.098679]]]}},{"type":"Feature","properties":{},"geometry":{"type":"Polygon","coordinates":[[[31.346879,30.090863],[31.346823,30.090858],[31.34682,30.090885],[31.346756,30.090879],[31.346778,30.090707],[31.346897,30.090719],[31.346879,30.090863]]]}},{"type":"Feature","properties":{},"geometry":{"type":"Polygon","coordinates":[[[31.348286,30.109193],[31.348084,30.109089],[31.348173,30.108959],[31.348375,30.109062],[31.348286,30.109193]]]}},{"type":"Feature","properties":{},"geometry":{"type":"Polygon","coordinates":[[[31.349064,30.097116],[31.349021,30.097199],[31.348925,30.097162],[31.348968,30.097079],[31.349064,30.097116]]]}},{"type":"Feature","properties":{},"geometry":{"type":"Polygon","coordinates":[[[31.349616,30.104972],[31.349745,30.10503],[31.349595,30.105278],[31.349467,30.10522],[31.349616,30.104972]]]}},{"type":"Feature","properties":{},"geometry":{"type":"Polygon","coordinates":[[[31.35142,30.090716],[31.351441,30.090694],[31.351364,30.090637],[31.351422,30.090577],[31.351548,30.090668],[31.351468,30.09075],[31.35142,30.090716]]]}},{"type":"Feature","properties":{},"geometry":{"type":"Polygon","coordinates":[[[31.354378,30.10891],[31.354433,30.108941],[31.354328,30.109082],[31.354273,30.109052],[31.354378,30.10891]]]}},{"type":"Feature","properties":{},"geometry":{"type":"Polygon","coordinates":[[[31.355708,30.105361],[31.355761,30.105389],[31.355734,30.105427],[31.355681,30.105399],[31.355708,30.105361]]]}},{"type":"Feature","properties":{},"geometry":{"type":"Polygon","coordinates":[[[31.332418,30.104038],[31.332517,30.103855],[31.332649,30.103909],[31.33255,30.104092],[31.332418,30.104038]]]}},{"type":"Feature","properties":{},"geometry":{"type":"Polygon","coordinates":[[[31.336356,30.096284],[31.33653,30.096331],[31.33646,30.096522],[31.336286,30.096474],[31.336356,30.096284]]]}},{"type":"Feature","properties":{},"geometry":{"type":"Polygon","coordinates":[[[31.336646,30.104318],[31.336912,30.10409],[31.336996,30.104163],[31.336886,30.104258],[31.337031,30.104385],[31.336876,30.104518],[31.336646,30.104318]]]}},{"type":"Feature","properties":{},"geometry":{"type":"Polygon","coordinates":[[[31.336815,30.101326],[31.336863,30.101021],[31.337088,30.101047],[31.337065,30.101197],[31.336991,30.101188],[31.336994,30.101172],[31.33695,30.101167],[31.336938,30.101244],[31.337048,30.101257],[31.337034,30.101352],[31.336815,30.101326]]]}},{"type":"Feature","properties":{},"geometry":{"type":"Polygon","coordinates":[[[31.337987,30.096817],[31.337966,30.096871],[31.338015,30.096885],[31.337992,30.096943],[31.337724,30.096866],[31.337752,30.096795],[31.337766,30.096799],[31.337783,30.096757],[31.337987,30.096817]]]}},{"type":"Feature","properties":{},"geometry":{"type":"Polygon","coordinates":[[[31.338322,30.09185],[31.338468,30.091749],[31.338579,30.091869],[31.338433,30.09197],[31.338322,30.09185]]]}},{"type":"Feature","properties":{},"geometry":{"type":"Polygon","coordinates":[[[31.338596,30.092427],[31.338559,30.092476],[31.338502,30.092445],[31.338539,30.092395],[31.338596,30.092427]]]}},{"type":"Feature","properties":{},"geometry":{"type":"Polygon","coordinates":[[[31.339117,30.092103],[31.339272,30.092243],[31.339111,30.092377],[31.338955,30.092237],[31.339117,30.092103]]]}},{"type":"Feature","properties":{},"geometry":{"type":"Polygon","coordinates":[[[31.340638,30.094785],[31.340721,30.094821],[31.340682,30.09489],[31.340598,30.094854],[31.340638,30.094785]]]}},{"type":"Feature","properties":{},"geometry":{"type":"Polygon","coordinates":[[[31.34101,30.107633],[31.341096,30.107598],[31.341062,30.107534],[31.341146,30.1075],[31.341257,30.107709],[31.341087,30.107777],[31.34101,30.107633]]]}},{"type":"Feature","properties":{},"geometry":{"type":"Polygon","coordinates":[[[31.345621,30.103227],[31.345576,30.103251],[31.345563,30.10328],[31.345508,30.103278],[31.345498,30.103299],[31.345206,30.103461],[31.34517,30.103412],[31.345171,30.103379],[31.345156,30.103359],[31.34517,30.103351],[31.345146,30.103319],[31.345247,30.103321],[31.345152,30.103192],[31.345174,30.103145],[31.345233,30.103147],[31.34533,30.103277],[31.345358,30.103278],[31.345369,30.103255],[31.345438,30.103216],[31.345498,30.103218],[31.3455,30.103137],[31.345382,30.103097],[31.345345,30.103048],[31.345372,30.102991],[31.34538,30.102986],[31.345572,30.103054],[31.345624,30.103124],[31.345621,30.103227]]]}},{"type":"Feature","properties":{},"geometry":{"type":"Polygon","coordinates":[[[31.34944,30.100083],[31.349619,30.100171],[31.349521,30.10032],[31.349342,30.100233],[31.34944,30.100083]]]}},{"type":"Feature","properties":{},"geometry":{"type":"Polygon","coordinates":[[[31.349893,30.100751],[31.349653,30.101082],[31.349443,30.100968],[31.349613,30.100734],[31.349579,30.100715],[31.349602,30.100683],[31.349569,30.100665],[31.349595,30.100628],[31.349613,30.100638],[31.349634,30.10061],[31.349893,30.100751]]]}},{"type":"Feature","properties":{},"geometry":{"type":"Polygon","coordinates":[[[31.331463,30.10581],[31.331564,30.105854],[31.331423,30.106096],[31.331322,30.106052],[31.331463,30.10581]]]}},{"type":"Feature","properties":{},"geometry":{"type":"Polygon","coordinates":[[[31.332621,30.109637],[31.332665,30.10973],[31.332494,30.109791],[31.33245,30.109698],[31.332621,30.109637]]]}},{"type":"Feature","properties":{},"geometry":{"type":"Polygon","coordinates":[[[31.332851,30.1093],[31.332649,30.109374],[31.332492,30.109056],[31.332499,30.109054],[31.332478,30.109011],[31.332673,30.108939],[31.332851,30.1093]]]}},{"type":"Feature","properties":{},"geometry":{"type":"Polygon","coordinates":[[[31.333152,30.092018],[31.333244,30.091953],[31.333331,30.092045],[31.333239,30.09211],[31.333152,30.092018]]]}},{"type":"Feature","properties":{},"geometry":{"type":"Polygon","coordinates":[[[31.334448,30.10235],[31.334613,30.102207],[31.334388,30.102013],[31.33422,30.102158],[31.334062,30.102022],[31.334333,30.101787],[31.334606,30.102022],[31.334598,30.102029],[31.334896,30.102286],[31.334636,30.102512],[31.334448,30.10235]]]}},{"type":"Feature","properties":{},"geometry":{"type":"Polygon","coordinates":[[[31.335976,30.093562],[31.335842,30.09367],[31.335704,30.093541],[31.335834,30.09343],[31.335976,30.093562]]]}},{"type":"Feature","properties":{},"geometry":{"type":"Polygon","coordinates":[[[31.342724,30.093267],[31.342809,30.093094],[31.342961,30.09315],[31.342877,30.093323],[31.342724,30.093267]]]}},{"type":"Feature","properties":{},"geometry":{"type":"Polygon","coordinates":[[[31.346093,30.098581],[31.34628,30.098506],[31.34643,30.098788],[31.346242,30.098862],[31.346093,30.098581]]]}},{"type":"Feature","properties":{},"geometry":{"type":"Polygon","coordinates":[[[31.346501,30.098416],[31.346636,30.09823],[31.346731,30.098282],[31.346596,30.098468],[31.346501,30.098416]]]}},{"type":"Feature","properties":{},"geometry":{"type":"Polygon","coordinates":[[[31.348504,30.102643],[31.348333,30.102541],[31.348443,30.102403],[31.348397,30.102376],[31.348491,30.102257],[31.348708,30.102386],[31.348504,30.102643]]]}},{"type":"Feature","properties":{},"geometry":{"type":"Polygon","coordinates":[[[31.349987,30.093719],[31.349694,30.093348],[31.350015,30.093157],[31.350307,30.093526],[31.350281,30.093541],[31.350312,30.09358],[31.35006,30.09373],[31.350031,30.093693],[31.349987,30.093719]]]}},{"type":"Feature","properties":{},"geometry":{"type":"Polygon","coordinates":[[[31.352013,30.099414],[31.352615,30.099713],[31.352495,30.099895],[31.352251,30.099774],[31.352208,30.099839],[31.352431,30.099949],[31.352318,30.10012],[31.352141,30.100033],[31.352153,30.100015],[31.352076,30.099977],[31.352023,30.100058],[31.351918,30.100006],[31.35198,30.099911],[31.351744,30.099794],[31.351848,30.099637],[31.352101,30.099763],[31.352143,30.099699],[31.351903,30.09958],[31.352013,30.099414]]]}},{"type":"Feature","properties":{},"geometry":{"type":"Polygon","coordinates":[[[31.355157,30.101629],[31.355062,30.101789],[31.35491,30.101722],[31.355006,30.101562],[31.355157,30.101629]]]}},{"type":"Feature","properties":{},"geometry":{"type":"Polygon","coordinates":[[[31.330531,30.09955],[31.330486,30.099586],[31.33043,30.099533],[31.330567,30.099425],[31.330704,30.099556],[31.330679,30.099576],[31.330649,30.099547],[31.330582,30.099599],[31.330531,30.09955]]]}},{"type":"Feature","properties":{},"geometry":{"type":"Polygon","coordinates":[[[31.331978,30.099018],[31.332047,30.099085],[31.332024,30.099103],[31.331954,30.099036],[31.331978,30.099018]]]}},{"type":"Feature","properties":{},"geometry":{"type":"Polygon","coordinates":[[[31.332264,30.10048],[31.332361,30.100394],[31.332458,30.100476],[31.332489,30.100449],[31.332552,30.100502],[31.332425,30.100615],[31.332264,30.10048]]]}},{"type":"Feature","properties":{},"geometry":{"type":"Polygon","coordinates":[[[31.332284,30.095556],[31.332458,30.095409],[31.332593,30.095528],[31.332419,30.095675],[31.332284,30.095556]]]}},{"type":"Feature","properties":{},"geometry":{"type":"Polygon","coordinates":[[[31.33297,30.109373],[31.333009,30.109359],[31.333001,30.109343],[31.333122,30.109299],[31.333177,30.109413],[31.333018,30.109471],[31.33297,30.109373]]]}},{"type":"Feature","properties":{},"geometry":{"type":"Polygon","coordinates":[[[31.333174,30.091667],[31.333278,30.091793],[31.333139,30.091879],[31.333035,30.091753],[31.333174,30.091667]]]}},{"type":"Feature","properties":{},"geometry":{"type":"Polygon","coordinates":[[[31.334038,30.092411],[31.334016,30.092389],[31.33406,30.092357],[31.334114,30.092412],[31.333917,30.092556],[31.333885,30.092523],[31.334038,30.092411]]]}},{"type":"Feature","properties":{},"geometry":{"type":"Polygon","coordinates":[[[31.338382,30.095281],[31.338499,30.095237],[31.338613,30.095461],[31.338496,30.095506],[31.338382,30.095281]]]}},{"type":"Feature","properties":{},"geometry":{"type":"Polygon","coordinates":[[[31.343047,30.104629],[31.343138,30.104627],[31.343141,30.104748],[31.34305,30.104749],[31.343047,30.104629]]]}},{"type":"Feature","properties":{},"geometry":{"type":"Polygon","coordinates":[[[31.344512,30.094462],[31.344588,30.094431],[31.344606,30.094463],[31.34453,30.094494],[31.344512,30.094462]]]}},{"type":"Feature","properties":{},"geometry":{"type":"Polygon","coordinates":[[[31.344765,30.094717],[31.344828,30.094791],[31.344736,30.094849],[31.344612,30.094702],[31.344675,30.094663],[31.344737,30.094735],[31.344765,30.094717]]]}},{"type":"Feature","properties":{},"geometry":{"type":"Polygon","coordinates":[[[31.345655,30.095213],[31.345801,30.095209],[31.345804,30.095279],[31.345848,30.095278],[31.34585,30.095338],[31.34566,30.095343],[31.345655,30.095213]]]}},{"type":"Feature","properties":{},"geometry":{"type":"Polygon","coordinates":[[[31.349764,30.109849],[31.349866,30.109693],[31.350016,30.109766],[31.349913,30.109922],[31.349764,30.109849]]]}},{"type":"Feature","properties":{},"geometry":{"type":"Polygon","coordinates":[[[31.350867,30.101977],[31.350935,30.102011],[31.350775,30.102251],[31.350707,30.102217],[31.350867,30.101977]]]}},{"type":"Feature","properties":{},"geometry":{"type":"Polygon","coordinates":[[[31.354209,30.109087],[31.354265,30.109118],[31.354227,30.109169],[31.354171,30.109138],[31.354209,30.109087]]]}},{"type":"Feature","properties":{},"geometry":{"type":"Polygon","coordinates":[[[31.354629,30.100338],[31.354499,30.100286],[31.354518,30.100249],[31.35458,30.100274],[31.354589,30.100257],[31.354658,30.100284],[31.354629,30.100338]]]}},{"type":"Feature","properties":{},"geometry":{"type":"Polygon","coordinates":[[[31.330066,30.099797],[31.330184,30.099907],[31.330074,30.099995],[31.329957,30.099885],[31.330066,30.099797]]]}},{"type":"Feature","properties":{},"geometry":{"type":"Polygon","coordinates":[[[31.330086,30.105516],[31.33039,30.104932],[31.330737,30.105067],[31.330665,30.105206],[31.330585,30.105175],[31.330571,30.105202],[31.33075,30.105272],[31.330601,30.105557],[31.330494,30.105515],[31.330425,30.105648],[31.330086,30.105516]]]}},{"type":"Feature","properties":{},"geometry":{"type":"Polygon","coordinates":[[[31.331774,30.108187],[31.331779,30.108076],[31.331854,30.108079],[31.331853,30.108085],[31.331995,30.108089],[31.33199,30.108195],[31.331774,30.108187]]]}},{"type":"Feature","properties":{},"geometry":{"type":"Polygon","coordinates":[[[31.333047,30.092069],[31.3331,30.092026],[31.333153,30.092075],[31.333099,30.092118],[31.333047,30.092069]]]}},{"type":"Feature","properties":{},"geometry":{"type":"Polygon","coordinates":[[[31.335141,30.104331],[31.335043,30.104436],[31.33502,30.104419],[31.33499,30.10445],[31.334751,30.104282],[31.334878,30.104147],[31.335141,30.104331]]]}},{"type":"Feature","properties":{},"geometry":{"type":"Polygon","coordinates":[[[31.336065,30.10449],[31.336134,30.104435],[31.336119,30.10442],[31.336213,30.104345],[31.33635,30.104473],[31.336321,30.104497],[31.336349,30.104523],[31.336216,30.10463],[31.336065,30.10449]]]}},{"type":"Feature","properties":{},"geometry":{"type":"Polygon","coordinates":[[[31.338276,30.096415],[31.338168,30.096299],[31.338322,30.096192],[31.33843,30.096307],[31.338276,30.096415]]]}},{"type":"Feature","properties":{},"geometry":{"type":"Polygon","coordinates":[[[31.341832,30.108645],[31.342006,30.108711],[31.341937,30.108845],[31.341842,30.108808],[31.341828,30.108834],[31.34175,30.108804],[31.341832,30.108645]]]}},{"type":"Feature","properties":{},"geometry":{"type":"Polygon","coordinates":[[[31.343233,30.10741],[31.343104,30.107426],[31.343082,30.107299],[31.34321,30.107283],[31.343233,30.10741]]]}},{"type":"Feature","properties":{},"geometry":{"type":"Polygon","coordinates":[[[31.343633,30.093865],[31.343731,30.093822],[31.34386,30.09404],[31.343762,30.094083],[31.343633,30.093865]]]}},{"type":"Feature","properties":{},"geometry":{"type":"Polygon","coordinates":[[[31.344843,30.103955],[31.344735,30.103998],[31.344803,30.104125],[31.344634,30.104193],[31.34453,30.103998],[31.344707,30.103927],[31.344691,30.103896],[31.34479,30.103856],[31.344843,30.103955]]]}},{"type":"Feature","properties":{},"geometry":{"type":"Polygon","coordinates":[[[31.346025,30.091773],[31.34606,30.09193],[31.345937,30.09195],[31.345903,30.091794],[31.346025,30.091773]]]}},{"type":"Feature","properties":{},"geometry":{"type":"Polygon","coordinates":[[[31.346557,30.091559],[31.34662,30.091646],[31.346644,30.091633],[31.34668,30.091684],[31.346533,30.091763],[31.346435,30.091626],[31.346557,30.091559]]]}},{"type":"Feature","properties":{},"geometry":{"type":"Polygon","coordinates":[[[31.352002,30.106585],[31.35206,30.106479],[31.352117,30.106502],[31.352059,30.106609],[31.352002,30.106585]]]}},{"type":"Feature","properties":{},"geometry":{"type":"Polygon","coordinates":[[[31.355548,30.102332],[31.35566,30.102174],[31.355813,30.102255],[31.355702,30.102413],[31.355548,30.102332]]]}},{"type":"Feature","properties":{},"geometry":{"type":"Polygon","coordinates":[[[31.330469,30.100029],[31.330443,30.100053],[31.330308,30.099945],[31.330335,30.09992],[31.330469,30.100029]]]}},{"type":"Feature","properties":{},"geometry":{"type":"Polygon","coordinates":[[[31.33099,30.109979],[31.330874,30.110027],[31.330776,30.109852],[31.330892,30.109804],[31.33099,30.109979]]]}},{"type":"Feature","properties":{},"geometry":{"type":"Polygon","coordinates":[[[31.331887,30.106527],[31.332033,30.10659],[31.331951,30.106731],[31.331805,30.106668],[31.331887,30.106527]]]}},{"type":"Feature","properties":{},"geometry":{"type":"Polygon","coordinates":[[[31.331994,30.090178],[31.331954,30.090237],[31.331996,30.090258],[31.331927,30.090362],[31.331877,30.090338],[31.331801,30.090453],[31.331736,30.090421],[31.331771,30.090369],[31.3317,30.090334],[31.331819,30.090153],[31.331832,30.09016],[31.331863,30.090113],[31.331994,30.090178]]]}},{"type":"Feature","properties":{},"geometry":{"type":"Polygon","coordinates":[[[31.332495,30.091756],[31.332579,30.091708],[31.332624,30.091767],[31.332539,30.091815],[31.332495,30.091756]]]}},{"type":"Feature","properties":{},"geometry":{"type":"Polygon","coordinates":[[[31.332806,30.108656],[31.332762,30.108549],[31.332876,30.108513],[31.332894,30.108557],[31.332972,30.108532],[31.333014,30.108632],[31.332875,30.108675],[31.33286,30.108639],[31.332806,30.108656]]]}},{"type":"Feature","properties":{},"geometry":{"type":"Polygon","coordinates":[[[31.332822,30.100335],[31.332717,30.100305],[31.332725,30.100282],[31.332671,30.100267],[31.332663,30.100288],[31.332612,30.100274],[31.332694,30.100064],[31.332679,30.10006],[31.332715,30.099964],[31.332938,30.100027],[31.332822,30.100335]]]}},{"type":"Feature","properties":{},"geometry":{"type":"Polygon","coordinates":[[[31.336447,30.092973],[31.336615,30.092748],[31.336795,30.092848],[31.336627,30.093073],[31.336447,30.092973]]]}},{"type":"Feature","properties":{},"geometry":{"type":"Polygon","coordinates":[[[31.336538,30.104894],[31.33668,30.104767],[31.336845,30.104905],[31.336703,30.105032],[31.336538,30.104894]]]}},{"type":"Feature","properties":{},"geometry":{"type":"Polygon","coordinates":[[[31.337033,30.098947],[31.337199,30.098856],[31.337375,30.099095],[31.337171,30.099208],[31.337158,30.09919],[31.337196,30.099168],[31.337033,30.098947]]]}},{"type":"Feature","properties":{},"geometry":{"type":"Polygon","coordinates":[[[31.338558,30.100457],[31.338745,30.100467],[31.338736,30.100593],[31.338549,30.100583],[31.338558,30.100457]]]}},{"type":"Feature","properties":{},"geometry":{"type":"Polygon","coordinates":[[[31.339509,30.090023],[31.339654,30.090101],[31.339577,30.090208],[31.339432,30.09013],[31.339509,30.090023]]]}},{"type":"Feature","properties":{},"geometry":{"type":"Polygon","coordinates":[[[31.341037,30.104676],[31.340966,30.104794],[31.340758,30.104701],[31.340829,30.104582],[31.341037,30.104676]]]}},{"type":"Feature","properties":{},"geometry":{"type":"Polygon","coordinates":[[[31.341915,30.097574],[31.341941,30.097743],[31.341823,30.097757],[31.341828,30.097785],[31.341716,30.097798],[31.34165,30.097371],[31.34179,30.097355],[31.341792,30.097369],[31.341873,30.09736],[31.341907,30.097575],[31.341915,30.097574]]]}},{"type":"Feature","properties":{},"geometry":{"type":"Polygon","coordinates":[[[31.347664,30.095814],[31.347712,30.095777],[31.347846,30.095904],[31.347799,30.095941],[31.347664,30.095814]]]}},{"type":"Feature","properties":{},"geometry":{"type":"Polygon","coordinates":[[[31.348328,30.09597],[31.34813,30.096119],[31.348049,30.09604],[31.348011,30.096068],[31.34797,30.096028],[31.348209,30.095853],[31.348328,30.09597]]]}},{"type":"Feature","properties":{},"geometry":{"type":"Polygon","coordinates":[[[31.330784,30.107588],[31.33071,30.107658],[31.330559,30.107539],[31.330633,30.107469],[31.330784,30.107588]]]}},{"type":"Feature","properties":{},"geometry":{"type":"Polygon","coordinates":[[[31.332056,30.092127],[31.332114,30.092189],[31.332017,30.092256],[31.33196,30.092194],[31.332056,30.092127]]]}},{"type":"Feature","properties":{},"geometry":{"type":"Polygon","coordinates":[[[31.33286,30.09187],[31.332986,30.09177],[31.333129,30.091905],[31.333002,30.092005],[31.33286,30.09187]]]}},{"type":"Feature","properties":{},"geometry":{"type":"Polygon","coordinates":[[[31.333582,30.103911],[31.333536,30.103977],[31.333276,30.103842],[31.333322,30.103776],[31.333582,30.103911]]]}},{"type":"Feature","properties":{},"geometry":{"type":"Polygon","coordinates":[[[31.335228,30.093893],[31.335078,30.094012],[31.334926,30.093869],[31.335077,30.09375],[31.335228,30.093893]]]}},{"type":"Feature","properties":{},"geometry":{"type":"Polygon","coordinates":[[[31.335405,30.096617],[31.335434,30.096525],[31.335469,30.096533],[31.335493,30.096456],[31.33554,30.096467],[31.335565,30.096388],[31.33565,30.096408],[31.335637,30.096449],[31.335688,30.096485],[31.335716,30.096396],[31.335742,30.096414],[31.335857,30.096441],[31.33579,30.096395],[31.335691,30.096371],[31.33571,30.096309],[31.335775,30.096324],[31.335716,30.096283],[31.335731,30.096233],[31.335809,30.096251],[31.335826,30.096197],[31.335772,30.096159],[31.335846,30.096081],[31.335975,30.09617],[31.335876,30.096485],[31.335856,30.096507],[31.335807,30.096665],[31.335825,30.096646],[31.335801,30.096725],[31.335757,30.096715],[31.335688,30.096667],[31.335676,30.09668],[31.335405,30.096617]]]}},{"type":"Feature","properties":{},"geometry":{"type":"Polygon","coordinates":[[[31.339451,30.108957],[31.339352,30.109126],[31.339207,30.109063],[31.339306,30.108893],[31.339451,30.108957]]]}},{"type":"Feature","properties":{},"geometry":{"type":"Polygon","coordinates":[[[31.339866,30.105222],[31.339922,30.105117],[31.340134,30.105201],[31.340077,30.105306],[31.339866,30.105222]]]}},{"type":"Feature","properties":{},"geometry":{"type":"Polygon","coordinates":[[[31.343074,30.108999],[31.343162,30.108833],[31.343286,30.108882],[31.343199,30.109048],[31.343074,30.108999]]]}},{"type":"Feature","properties":{},"geometry":{"type":"Polygon","coordinates":[[[31.344158,30.099217],[31.344227,30.099246],[31.344152,30.099374],[31.343968,30.099294],[31.344027,30.099192],[31.344143,30.099242],[31.344158,30.099217]]]}},{"type":"Feature","properties":{},"geometry":{"type":"Polygon","coordinates":[[[31.344567,30.109455],[31.344578,30.109514],[31.344414,30.109537],[31.344403,30.109479],[31.344567,30.109455]]]}},{"type":"Feature","properties":{},"geometry":{"type":"Polygon","coordinates":[[[31.345603,30.098737],[31.345646,30.098823],[31.345492,30.098881],[31.345449,30.098795],[31.345603,30.098737]]]}},{"type":"Feature","properties":{},"geometry":{"type":"Polygon","coordinates":[[[31.34562,30.090035],[31.345693,30.089953],[31.34584,30.090051],[31.345768,30.090133],[31.34562,30.090035]]]}},{"type":"Feature","properties":{},"geometry":{"type":"Polygon","coordinates":[[[31.349696,30.099966],[31.349595,30.100106],[31.349437,30.10002],[31.349537,30.099881],[31.349696,30.099966]]]}},{"type":"Feature","properties":{},"geometry":{"type":"Polygon","coordinates":[[[31.350537,30.103225],[31.350405,30.10316],[31.350451,30.103092],[31.350671,30.103202],[31.350177,30.103946],[31.349972,30.103843],[31.35002,30.103771],[31.350117,30.103819],[31.350294,30.103554],[31.350216,30.103516],[31.350262,30.103446],[31.350358,30.103494],[31.350537,30.103225]]]}},{"type":"Feature","properties":{},"geometry":{"type":"Polygon","coordinates":[[[31.351139,30.10697],[31.351079,30.107032],[31.350952,30.106942],[31.351011,30.10688],[31.351139,30.10697]]]}},{"type":"Feature","properties":{},"geometry":{"type":"Polygon","coordinates":[[[31.33114,30.109033],[31.331268,30.109213],[31.33118,30.109259],[31.331052,30.109079],[31.33114,30.109033]]]}},{"type":"Feature","properties":{},"geometry":{"type":"Polygon","coordinates":[[[31.331484,30.094586],[31.331339,30.094688],[31.331057,30.094387],[31.33099,30.094434],[31.330928,30.094368],[31.330966,30.094341],[31.330944,30.094318],[31.331033,30.094255],[31.331064,30.094289],[31.33115,30.094229],[31.331484,30.094586]]]}},{"type":"Feature","properties":{},"geometry":{"type":"Polygon","coordinates":[[[31.331563,30.099402],[31.331496,30.099321],[31.331616,30.099246],[31.331707,30.099354],[31.331612,30.099414],[31.331588,30.099386],[31.331563,30.099402]]]}},{"type":"Feature","properties":{},"geometry":{"type":"Polygon","coordinates":[[[31.333102,30.092122],[31.333174,30.092065],[31.333392,30.092271],[31.33332,30.092328],[31.333102,30.092122]]]}},{"type":"Feature","properties":{},"geometry":{"type":"Polygon","coordinates":[[[31.333636,30.107611],[31.333774,30.107364],[31.333902,30.107418],[31.333764,30.107664],[31.333636,30.107611]]]}},{"type":"Feature","properties":{},"geometry":{"type":"Polygon","coordinates":[[[31.335079,30.094878],[31.334944,30.094964],[31.334789,30.094783],[31.334853,30.094742],[31.33483,30.094715],[31.334901,30.09467],[31.335079,30.094878]]]}},{"type":"Feature","properties":{},"geometry":{"type":"Polygon","coordinates":[[[31.335585,30.107946],[31.335726,30.107699],[31.33587,30.107761],[31.33573,30.108007],[31.335585,30.107946]]]}},{"type":"Feature","properties":{},"geometry":{"type":"Polygon","coordinates":[[[31.337795,30.098872],[31.337609,30.098974],[31.337394,30.098679],[31.337581,30.098577],[31.337795,30.098872]]]}},{"type":"Feature","properties":{},"geometry":{"type":"Polygon","coordinates":[[[31.348882,30.106269],[31.348733,30.106495],[31.348573,30.106416],[31.348722,30.10619],[31.348882,30.106269]]]}},{"type":"Feature","properties":{},"geometry":{"type":"Polygon","coordinates":[[[31.349317,30.097048],[31.349287,30.097094],[31.349335,30.097118],[31.349228,30.097281],[31.349287,30.09731],[31.349261,30.09735],[31.349022,30.097233],[31.349165,30.097015],[31.349221,30.097043],[31.349241,30.097011],[31.349317,30.097048]]]}},{"type":"Feature","properties":{},"geometry":{"type":"Polygon","coordinates":[[[31.331572,30.093158],[31.331737,30.093062],[31.331802,30.093145],[31.331752,30.093174],[31.331769,30.093196],[31.331654,30.093263],[31.331572,30.093158]]]}},{"type":"Feature","properties":{},"geometry":{"type":"Polygon","coordinates":[[[31.333645,30.091464],[31.33349,30.091415],[31.333501,30.091391],[31.333473,30.091382],[31.333571,30.091151],[31.333753,30.091209],[31.333645,30.091464]]]}},{"type":"Feature","properties":{},"geometry":{"type":"Polygon","coordinates":[[[31.340696,30.103251],[31.340785,30.103125],[31.340999,30.103239],[31.34091,30.103365],[31.340696,30.103251]]]}},{"type":"Feature","properties":{},"geometry":{"type":"Polygon","coordinates":[[[31.343469,30.110043],[31.34361,30.109767],[31.343801,30.109839],[31.343721,30.109996],[31.343655,30.109971],[31.343594,30.11009],[31.343469,30.110043]]]}},{"type":"Feature","properties":{},"geometry":{"type":"Polygon","coordinates":[[[31.344229,30.103592],[31.344242,30.10363],[31.344179,30.103647],[31.344165,30.103609],[31.344229,30.103592]]]}},{"type":"Feature","properties":{},"geometry":{"type":"Polygon","coordinates":[[[31.346086,30.096674],[31.346145,30.096703],[31.345976,30.096955],[31.345917,30.096925],[31.346086,30.096674]]]}},{"type":"Feature","properties":{},"geometry":{"type":"Polygon","coordinates":[[[31.347625,30.104531],[31.347621,30.104524],[31.347534,30.104561],[31.347429,30.104373],[31.347601,30.1043],[31.347711,30.104495],[31.347625,30.104531]]]}},{"type":"Feature","properties":{},"geometry":{"type":"Polygon","coordinates":[[[31.349003,30.105493],[31.348851,30.105714],[31.348723,30.105648],[31.348747,30.105613],[31.348712,30.105595],[31.348689,30.105628],[31.348569,30.105566],[31.34872,30.105347],[31.349003,30.105493]]]}},{"type":"Feature","properties":{},"geometry":{"type":"Polygon","coordinates":[[[31.352184,30.106683],[31.352259,30.106589],[31.35231,30.106619],[31.352235,30.106714],[31.352184,30.106683]]]}},{"type":"Feature","properties":{},"geometry":{"type":"Polygon","coordinates":[[[31.330956,30.107167],[31.331114,30.107296],[31.331031,30.107372],[31.330874,30.107243],[31.330956,30.107167]]]}},{"type":"Feature","properties":{},"geometry":{"type":"Polygon","coordinates":[[[31.331761,30.103274],[31.3318,30.103196],[31.332142,30.103328],[31.332133,30.103345],[31.332178,30.103362],[31.332155,30.103407],[31.332097,30.103385],[31.332092,30.103397],[31.331761,30.103274]]]}},{"type":"Feature","properties":{},"geometry":{"type":"Polygon","coordinates":[[[31.332954,30.104289],[31.333005,30.104206],[31.333034,30.10422],[31.333092,30.104127],[31.333276,30.104212],[31.333197,30.104341],[31.333144,30.104317],[31.333115,30.104364],[31.332954,30.104289]]]}},{"type":"Feature","properties":{},"geometry":{"type":"Polygon","coordinates":[[[31.333799,30.093236],[31.333634,30.093346],[31.333475,30.093167],[31.333537,30.093125],[31.333518,30.093103],[31.333644,30.093019],[31.333667,30.093045],[31.333643,30.093061],[31.333799,30.093236]]]}},{"type":"Feature","properties":{},"geometry":{"type":"Polygon","coordinates":[[[31.337778,30.090902],[31.337876,30.09094],[31.337793,30.091105],[31.33766,30.091055],[31.33772,30.090936],[31.337754,30.090949],[31.337778,30.090902]]]}},{"type":"Feature","properties":{},"geometry":{"type":"Polygon","coordinates":[[[31.339531,30.109671],[31.33958,30.109665],[31.339593,30.109747],[31.339741,30.109729],[31.339769,30.109902],[31.33981,30.109897],[31.339857,30.110196],[31.339619,30.110224],[31.339531,30.109671]]]}},{"type":"Feature","properties":{},"geometry":{"type":"Polygon","coordinates":[[[31.339742,30.100909],[31.339868,30.100929],[31.339816,30.101183],[31.339661,30.101159],[31.339666,30.101133],[31.339653,30.101131],[31.339687,30.10097],[31.339728,30.100976],[31.339742,30.100909]]]}},{"type":"Feature","properties":{},"geometry":{"type":"Polygon","coordinates":[[[31.340718,30.102233],[31.340808,30.102066],[31.341058,30.102167],[31.340968,30.102334],[31.340718,30.102233]]]}},{"type":"Feature","properties":{},"geometry":{"type":"Polygon","coordinates":[[[31.342157,30.103342],[31.342099,30.103484],[31.341893,30.103422],[31.341951,30.103279],[31.342157,30.103342]]]}},{"type":"Feature","properties":{},"geometry":{"type":"Polygon","coordinates":[[[31.342263,30.108992],[31.342325,30.108877],[31.3425,30.108948],[31.342436,30.109066],[31.342263,30.108992]]]}},{"type":"Feature","properties":{},"geometry":{"type":"Polygon","coordinates":[[[31.342485,30.107826],[31.342337,30.107883],[31.342212,30.107641],[31.342241,30.10763],[31.342131,30.107415],[31.342285,30.107356],[31.342431,30.107638],[31.342395,30.107652],[31.342485,30.107826]]]}},{"type":"Feature","properties":{},"geometry":{"type":"Polygon","coordinates":[[[31.342975,30.107004],[31.343137,30.106974],[31.34321,30.107269],[31.343049,30.107299],[31.342975,30.107004]]]}},{"type":"Feature","properties":{},"geometry":{"type":"Polygon","coordinates":[[[31.344991,30.099072],[31.345177,30.099012],[31.345267,30.099216],[31.345081,30.099277],[31.344991,30.099072]]]}},{"type":"Feature","properties":{},"geometry":{"type":"Polygon","coordinates":[[[31.345813,30.10626],[31.34604,30.106341],[31.346028,30.106365],[31.34607,30.10638],[31.345978,30.106572],[31.34571,30.106476],[31.345813,30.10626]]]}},{"type":"Feature","properties":{},"geometry":{"type":"Polygon","coordinates":[[[31.346744,30.10297],[31.346854,30.103189],[31.34673,30.103235],[31.346721,30.103216],[31.346499,30.103294],[31.346522,30.103338],[31.346466,30.103359],[31.34647,30.103366],[31.346304,30.103429],[31.346188,30.103196],[31.346277,30.103163],[31.346269,30.103146],[31.346367,30.103109],[31.346383,30.103141],[31.346599,30.103058],[31.34664,30.10314],[31.346654,30.103135],[31.346598,30.103025],[31.346744,30.10297]]]}},{"type":"Feature","properties":{},"geometry":{"type":"Polygon","coordinates":[[[31.34685,30.105097],[31.346921,30.105225],[31.346719,30.105309],[31.346648,30.10518],[31.34685,30.105097]]]}},{"type":"Feature","properties":{},"geometry":{"type":"Polygon","coordinates":[[[31.349621,30.102393],[31.349794,30.102478],[31.349838,30.102412],[31.349961,30.102473],[31.349908,30.102553],[31.350037,30.102617],[31.349723,30.103093],[31.349332,30.102901],[31.349306,30.10294],[31.349272,30.102923],[31.349621,30.102393]]]}},{"type":"Feature","properties":{},"geometry":{"type":"Polygon","coordinates":[[[31.350614,30.092779],[31.350916,30.092606],[31.35091,30.092598],[31.351057,30.092513],[31.351372,30.092924],[31.351258,30.092989],[31.351282,30.09302],[31.350947,30.093212],[31.350614,30.092779]]]}},{"type":"Feature","properties":{},"geometry":{"type":"Polygon","coordinates":[[[31.350803,30.104489],[31.350866,30.104385],[31.350944,30.10442],[31.350882,30.104524],[31.350803,30.104489]]]}},{"type":"Feature","properties":{},"geometry":{"type":"Polygon","coordinates":[[[31.334823,30.10896],[31.334816,30.108963],[31.33486,30.109046],[31.334669,30.10912],[31.334621,30.109029],[31.334655,30.109016],[31.334541,30.108799],[31.334706,30.108735],[31.334823,30.10896]]]}},{"type":"Feature","properties":{},"geometry":{"type":"Polygon","coordinates":[[[31.335536,30.106313],[31.335539,30.106307],[31.335601,30.106332],[31.335503,30.10651],[31.335394,30.106466],[31.335488,30.106293],[31.335536,30.106313]]]}},{"type":"Feature","properties":{},"geometry":{"type":"Polygon","coordinates":[[[31.337609,30.109834],[31.33764,30.109946],[31.337469,30.109982],[31.337438,30.10987],[31.337609,30.109834]]]}},{"type":"Feature","properties":{},"geometry":{"type":"Polygon","coordinates":[[[31.338964,30.109013],[31.338879,30.109185],[31.33867,30.109108],[31.338755,30.108936],[31.338964,30.109013]]]}},{"type":"Feature","properties":{},"geometry":{"type":"Polygon","coordinates":[[[31.340233,30.105548],[31.340377,30.105609],[31.340443,30.105728],[31.340129,30.10586],[31.340071,30.105836],[31.340233,30.105548]]]}},{"type":"Feature","properties":{},"geometry":{"type":"Polygon","coordinates":[[[31.342969,30.103454],[31.343093,30.103463],[31.343072,30.103387],[31.343215,30.103399],[31.343216,30.103389],[31.34326,30.103393],[31.343265,30.103409],[31.343247,30.103413],[31.343257,30.103446],[31.343279,30.103448],[31.343276,30.103564],[31.343243,30.103561],[31.343246,30.103536],[31.343178,30.10353],[31.343159,30.103469],[31.343159,30.103475],[31.343139,30.103479],[31.343133,30.10354],[31.343087,30.103536],[31.343053,30.103544],[31.342976,30.103538],[31.342964,30.103498],[31.342969,30.103454]]]}},{"type":"Feature","properties":{},"geometry":{"type":"Polygon","coordinates":[[[31.346068,30.103263],[31.346154,30.103435],[31.346095,30.103457],[31.346182,30.10363],[31.345972,30.103709],[31.345799,30.103364],[31.345817,30.103357],[31.345834,30.103391],[31.345881,30.103373],[31.345865,30.10334],[31.346068,30.103263]]]}},{"type":"Feature","properties":{},"geometry":{"type":"Polygon","coordinates":[[[31.34983,30.109657],[31.349688,30.109788],[31.349555,30.109681],[31.349697,30.10955],[31.34983,30.109657]]]}},{"type":"Feature","properties":{},"geometry":{"type":"Polygon","coordinates":[[[31.350217,30.098],[31.350295,30.098031],[31.350266,30.098087],[31.350187,30.098055],[31.350217,30.098]]]}},{"type":"Feature","properties":{},"geometry":{"type":"Polygon","coordinates":[[[31.350247,30.107068],[31.350396,30.106883],[31.350555,30.106979],[31.350545,30.106991],[31.350884,30.107195],[31.350745,30.107367],[31.350247,30.107068]]]}},{"type":"Feature","properties":{},"geometry":{"type":"Polygon","coordinates":[[[31.350753,30.10166],[31.350896,30.101454],[31.350963,30.101488],[31.35082,30.101695],[31.350753,30.10166]]]}},{"type":"Feature","properties":{},"geometry":{"type":"Polygon","coordinates":[[[31.330255,30.108322],[31.330335,30.108242],[31.330502,30.108369],[31.330458,30.108412],[31.33042,30.108383],[31.330384,30.108419],[31.330255,30.108322]]]}},{"type":"Feature","properties":{},"geometry":{"type":"Polygon","coordinates":[[[31.331198,30.107459],[31.331375,30.107595],[31.33129,30.107677],[31.331114,30.107541],[31.331198,30.107459]]]}},{"type":"Feature","properties":{},"geometry":{"type":"Polygon","coordinates":[[[31.331609,30.102676],[31.331706,30.102718],[31.331618,30.10287],[31.331521,30.102828],[31.331609,30.102676]]]}},{"type":"Feature","properties":{},"geometry":{"type":"Polygon","coordinates":[[[31.33171,30.108358],[31.331783,30.108492],[31.331813,30.108479],[31.331864,30.108572],[31.331752,30.108618],[31.331628,30.108391],[31.33171,30.108358]]]}},{"type":"Feature","properties":{},"geometry":{"type":"Polygon","coordinates":[[[31.332266,30.091204],[31.332324,30.091334],[31.33224,30.091362],[31.332182,30.091232],[31.332266,30.091204]]]}},{"type":"Feature","properties":{},"geometry":{"type":"Polygon","coordinates":[[[31.332724,30.097139],[31.332662,30.097297],[31.332613,30.097282],[31.332597,30.097301],[31.332557,30.097289],[31.332569,30.097257],[31.332525,30.097228],[31.332535,30.097203],[31.332563,30.097171],[31.332581,30.097126],[31.332532,30.097094],[31.332484,30.097148],[31.332291,30.097022],[31.332359,30.096943],[31.332417,30.09696],[31.332665,30.097122],[31.332724,30.097139]]]}},{"type":"Feature","properties":{},"geometry":{"type":"Polygon","coordinates":[[[31.333652,30.093642],[31.333534,30.093539],[31.333646,30.093443],[31.333613,30.093414],[31.333632,30.093398],[31.333807,30.093551],[31.333639,30.093696],[31.333615,30.093675],[31.333652,30.093642]]]}},{"type":"Feature","properties":{},"geometry":{"type":"Polygon","coordinates":[[[31.334945,30.106269],[31.334822,30.106223],[31.334932,30.106004],[31.335055,30.106051],[31.334945,30.106269]]]}},{"type":"Feature","properties":{},"geometry":{"type":"Polygon","coordinates":[[[31.335117,30.107743],[31.335243,30.107493],[31.335455,30.107574],[31.335328,30.107823],[31.335117,30.107743]]]}},{"type":"Feature","properties":{},"geometry":{"type":"Polygon","coordinates":[[[31.341137,30.093826],[31.34123,30.093868],[31.341195,30.093926],[31.34125,30.093951],[31.341183,30.094061],[31.341052,30.094002],[31.341116,30.093898],[31.341099,30.09389],[31.341137,30.093826]]]}},{"type":"Feature","properties":{},"geometry":{"type":"Polygon","coordinates":[[[31.342689,30.090779],[31.342533,30.090925],[31.342336,30.090768],[31.342317,30.090787],[31.342138,30.090645],[31.342219,30.090568],[31.342269,30.090608],[31.342316,30.090564],[31.342271,30.090528],[31.342372,30.090433],[31.34238,30.09044],[31.342446,30.090379],[31.342537,30.090452],[31.342505,30.090482],[31.342598,30.090555],[31.342574,30.090578],[31.342598,30.090597],[31.342535,30.090656],[31.342689,30.090779]]]}},{"type":"Feature","properties":{},"geometry":{"type":"Polygon","coordinates":[[[31.343112,30.108764],[31.343201,30.108601],[31.34333,30.108654],[31.343242,30.108817],[31.343112,30.108764]]]}},{"type":"Feature","properties":{},"geometry":{"type":"Polygon","coordinates":[[[31.345157,30.092175],[31.345142,30.092168],[31.345214,30.092063],[31.345261,30.092087],[31.345245,30.092111],[31.345306,30.092143],[31.345177,30.092332],[31.345083,30.092284],[31.345157,30.092175]]]}},{"type":"Feature","properties":{},"geometry":{"type":"Polygon","coordinates":[[[31.346282,30.103604],[31.346426,30.10384],[31.346273,30.10391],[31.346129,30.103674],[31.346282,30.103604]]]}},{"type":"Feature","properties":{},"geometry":{"type":"Polygon","coordinates":[[[31.346434,30.092012],[31.346304,30.092059],[31.34624,30.091926],[31.34637,30.091879],[31.346434,30.092012]]]}},{"type":"Feature","properties":{},"geometry":{"type":"Polygon","coordinates":[[[31.347047,30.096902],[31.347219,30.096956],[31.347167,30.097078],[31.346996,30.097024],[31.347047,30.096902]]]}},{"type":"Feature","properties":{},"geometry":{"type":"Polygon","coordinates":[[[31.347376,30.104402],[31.347471,30.104577],[31.34731,30.104642],[31.347216,30.104467],[31.347376,30.104402]]]}},{"type":"Feature","properties":{},"geometry":{"type":"Polygon","coordinates":[[[31.35031,30.093589],[31.350347,30.093641],[31.350222,30.093707],[31.350185,30.093655],[31.35031,30.093589]]]}},{"type":"Feature","properties":{},"geometry":{"type":"Polygon","coordinates":[[[31.350575,30.102135],[31.350665,30.102036],[31.350698,30.102059],[31.350609,30.102158],[31.350575,30.102135]]]}},{"type":"Feature","properties":{},"geometry":{"type":"Polygon","coordinates":[[[31.35374,30.098425],[31.353681,30.098403],[31.353746,30.098274],[31.353804,30.098296],[31.35374,30.098425]]]}},{"type":"Feature","properties":{},"geometry":{"type":"Polygon","coordinates":[[[31.354843,30.105677],[31.354911,30.105595],[31.354978,30.105637],[31.354909,30.105719],[31.354843,30.105677]]]}},{"type":"Feature","properties":{},"geometry":{"type":"Polygon","coordinates":[[[31.332219,30.102277],[31.332198,30.10221],[31.332185,30.102193],[31.332223,30.10217],[31.332311,30.10215],[31.332318,30.102171],[31.332339,30.102198],[31.332295,30.102224],[31.332282,30.102207],[31.332306,30.102285],[31.332401,30.102406],[31.332324,30.102451],[31.332361,30.102498],[31.332322,30.102521],[31.332262,30.102535],[31.332183,30.102436],[31.332229,30.102409],[31.332214,30.102363],[31.332095,30.102391],[31.332091,30.102385],[31.332043,30.102413],[31.332054,30.102447],[31.33197,30.102468],[31.331931,30.102491],[31.331907,30.102461],[31.332219,30.102277]]]}},{"type":"Feature","properties":{},"geometry":{"type":"Polygon","coordinates":[[[31.333165,30.096705],[31.333124,30.096898],[31.332883,30.09686],[31.332904,30.096758],[31.332977,30.096769],[31.332996,30.096678],[31.333165,30.096705]]]}},{"type":"Feature","properties":{},"geometry":{"type":"Polygon","coordinates":[[[31.333419,30.105595],[31.333522,30.105411],[31.333685,30.105479],[31.333582,30.105663],[31.333419,30.105595]]]}},{"type":"Feature","properties":{},"geometry":{"type":"Polygon","coordinates":[[[31.336505,30.109531],[31.336721,30.109449],[31.33677,30.109546],[31.336716,30.109566],[31.336739,30.109611],[31.336577,30.109673],[31.336505,30.109531]]]}},{"type":"Feature","properties":{},"geometry":{"type":"Polygon","coordinates":[[[31.336789,30.102028],[31.337179,30.102],[31.337192,30.102127],[31.337228,30.102125],[31.337253,30.102382],[31.337105,30.102392],[31.337107,30.10241],[31.336846,30.102429],[31.33685,30.102479],[31.336741,30.102487],[31.33671,30.102166],[31.336802,30.102159],[31.336789,30.102028]]]}},{"type":"Feature","properties":{},"geometry":{"type":"Polygon","coordinates":[[[31.341811,30.107698],[31.341835,30.107687],[31.341798,30.10762],[31.341894,30.107581],[31.341979,30.107735],[31.341859,30.107784],[31.341811,30.107698]]]}},{"type":"Feature","properties":{},"geometry":{"type":"Polygon","coordinates":[[[31.344203,30.108299],[31.344424,30.108259],[31.344439,30.108321],[31.344334,30.10834],[31.344338,30.108358],[31.344294,30.108366],[31.344306,30.108413],[31.344234,30.108426],[31.344203,30.108299]]]}},{"type":"Feature","properties":{},"geometry":{"type":"Polygon","coordinates":[[[31.344293,30.10454],[31.344335,30.104522],[31.344329,30.104512],[31.344476,30.10445],[31.344617,30.1047],[31.344429,30.104779],[31.344293,30.10454]]]}},{"type":"Feature","properties":{},"geometry":{"type":"Polygon","coordinates":[[[31.355633,30.104918],[31.355661,30.104871],[31.355691,30.104885],[31.355735,30.104812],[31.3558,30.104842],[31.355727,30.104961],[31.355633,30.104918]]]}},{"type":"Feature","properties":{},"geometry":{"type":"Polygon","coordinates":[[[31.33127,30.105498],[31.331175,30.105668],[31.331108,30.10564],[31.331203,30.10547],[31.33127,30.105498]]]}},{"type":"Feature","properties":{},"geometry":{"type":"Polygon","coordinates":[[[31.331581,30.100911],[31.331717,30.100816],[31.33175,30.100851],[31.331615,30.100947],[31.331581,30.100911]]]}},{"type":"Feature","properties":{},"geometry":{"type":"Polygon","coordinates":[[[31.332208,30.100995],[31.332135,30.101162],[31.332011,30.101121],[31.332036,30.101065],[31.331991,30.10105],[31.33204,30.10094],[31.332208,30.100995]]]}},{"type":"Feature","properties":{},"geometry":{"type":"Polygon","coordinates":[[[31.332777,30.09652],[31.33286,30.09643],[31.33302,30.096541],[31.332902,30.096669],[31.332861,30.09664],[31.332897,30.096602],[31.332777,30.09652]]]}},{"type":"Feature","properties":{},"geometry":{"type":"Polygon","coordinates":[[[31.333453,30.106251],[31.333412,30.106312],[31.333294,30.106252],[31.333335,30.106192],[31.333453,30.106251]]]}},{"type":"Feature","properties":{},"geometry":{"type":"Polygon","coordinates":[[[31.334377,30.109077],[31.334195,30.109152],[31.334019,30.108832],[31.334201,30.108757],[31.334377,30.109077]]]}},{"type":"Feature","properties":{},"geometry":{"type":"Polygon","coordinates":[[[31.335743,30.11005],[31.335606,30.110105],[31.335394,30.109707],[31.335635,30.109611],[31.33567,30.109676],[31.335714,30.109658],[31.33582,30.109857],[31.335672,30.109916],[31.335743,30.11005]]]}},{"type":"Feature","properties":{},"geometry":{"type":"Polygon","coordinates":[[[31.337563,30.098953],[31.337428,30.099053],[31.3372,30.098822],[31.337335,30.098722],[31.337563,30.098953]]]}},{"type":"Feature","properties":{},"geometry":{"type":"Polygon","coordinates":[[[31.339347,30.105486],[31.339581,30.105576],[31.339519,30.105697],[31.339285,30.105606],[31.339347,30.105486]]]}},{"type":"Feature","properties":{},"geometry":{"type":"Polygon","coordinates":[[[31.343341,30.096966],[31.342924,30.096989],[31.342919,30.096923],[31.342871,30.096926],[31.342861,30.096789],[31.343261,30.096767],[31.34327,30.096875],[31.343334,30.096872],[31.343341,30.096966]]]}},{"type":"Feature","properties":{},"geometry":{"type":"Polygon","coordinates":[[[31.346057,30.099717],[31.345964,30.099468],[31.345641,30.099558],[31.345589,30.099418],[31.345682,30.099359],[31.345982,30.099275],[31.346056,30.099326],[31.346118,30.099286],[31.346056,30.099213],[31.34622,30.099167],[31.346248,30.099243],[31.346231,30.099248],[31.346268,30.099273],[31.346178,30.099298],[31.346116,30.099366],[31.346204,30.099341],[31.346284,30.099557],[31.346214,30.099633],[31.346183,30.099642],[31.346196,30.099675],[31.346202,30.099674],[31.34624,30.099777],[31.345681,30.099932],[31.345707,30.100004],[31.345613,30.10003],[31.345549,30.09986],[31.345802,30.09979],[31.345816,30.099799],[31.346015,30.099744],[31.346057,30.099717]]]}},{"type":"Feature","properties":{},"geometry":{"type":"Polygon","coordinates":[[[31.346732,30.105826],[31.346857,30.105644],[31.347039,30.105738],[31.346915,30.10592],[31.346732,30.105826]]]}},{"type":"Feature","properties":{},"geometry":{"type":"Polygon","coordinates":[[[31.348077,30.106314],[31.347922,30.106587],[31.347789,30.10653],[31.347944,30.106257],[31.348077,30.106314]]]}},{"type":"Feature","properties":{},"geometry":{"type":"Polygon","coordinates":[[[31.349783,30.092556],[31.349807,30.092602],[31.349676,30.092652],[31.349653,30.092605],[31.349783,30.092556]]]}},{"type":"Feature","properties":{},"geometry":{"type":"Polygon","coordinates":[[[31.35526,30.10611],[31.355354,30.106165],[31.35532,30.106208],[31.355226,30.106153],[31.35526,30.10611]]]}},{"type":"Feature","properties":{},"geometry":{"type":"Polygon","coordinates":[[[31.330332,30.095991],[31.330389,30.095956],[31.330414,30.095987],[31.330357,30.096022],[31.330332,30.095991]]]}},{"type":"Feature","properties":{},"geometry":{"type":"Polygon","coordinates":[[[31.331156,30.105967],[31.331196,30.105894],[31.331332,30.10595],[31.331292,30.106022],[31.331156,30.105967]]]}},{"type":"Feature","properties":{},"geometry":{"type":"Polygon","coordinates":[[[31.332059,30.099359],[31.332068,30.099367],[31.332191,30.099266],[31.332318,30.099383],[31.332125,30.099541],[31.331989,30.099416],[31.332059,30.099359]]]}},{"type":"Feature","properties":{},"geometry":{"type":"Polygon","coordinates":[[[31.332507,30.100163],[31.33267,30.099943],[31.332719,30.099971],[31.332661,30.100049],[31.332708,30.100076],[31.332606,30.100214],[31.332631,30.100227],[31.332628,30.100231],[31.332507,30.100163]]]}},{"type":"Feature","properties":{},"geometry":{"type":"Polygon","coordinates":[[[31.33336,30.109195],[31.333386,30.109241],[31.33334,30.10926],[31.333379,30.109331],[31.333293,30.109366],[31.333228,30.109249],[31.33336,30.109195]]]}},{"type":"Feature","properties":{},"geometry":{"type":"Polygon","coordinates":[[[31.334554,30.109429],[31.334573,30.10942],[31.334608,30.109475],[31.33447,30.10954],[31.33434,30.109332],[31.334415,30.109297],[31.334431,30.109324],[31.334489,30.109297],[31.334504,30.109322],[31.334491,30.109328],[31.334554,30.109429]]]}},{"type":"Feature","properties":{},"geometry":{"type":"Polygon","coordinates":[[[31.334614,30.108618],[31.334407,30.108684],[31.334365,30.108586],[31.334573,30.10852],[31.334614,30.108618]]]}},{"type":"Feature","properties":{},"geometry":{"type":"Polygon","coordinates":[[[31.335899,30.095646],[31.335846,30.095679],[31.335928,30.095778],[31.335789,30.095864],[31.335601,30.095637],[31.335793,30.095518],[31.335899,30.095646]]]}},{"type":"Feature","properties":{},"geometry":{"type":"Polygon","coordinates":[[[31.336075,30.095534],[31.335958,30.095629],[31.335817,30.095499],[31.335893,30.095437],[31.335928,30.09547],[31.33597,30.095436],[31.336075,30.095534]]]}},{"type":"Feature","properties":{},"geometry":{"type":"Polygon","coordinates":[[[31.336599,30.097609],[31.336398,30.097546],[31.336477,30.097358],[31.336678,30.097421],[31.336599,30.097609]]]}},{"type":"Feature","properties":{},"geometry":{"type":"Polygon","coordinates":[[[31.33783,30.099001],[31.337889,30.099],[31.337881,30.099143],[31.33776,30.099138],[31.337769,30.098998],[31.33783,30.099001]]]}},{"type":"Feature","properties":{},"geometry":{"type":"Polygon","coordinates":[[[31.338331,30.096151],[31.338419,30.096098],[31.338579,30.096293],[31.338492,30.096347],[31.338331,30.096151]]]}},{"type":"Feature","properties":{},"geometry":{"type":"Polygon","coordinates":[[[31.338807,30.100673],[31.338795,30.100727],[31.33874,30.100718],[31.338751,30.100664],[31.338807,30.100673]]]}},{"type":"Feature","properties":{},"geometry":{"type":"Polygon","coordinates":[[[31.339809,30.100019],[31.340034,30.100056],[31.340003,30.100196],[31.339778,30.100159],[31.339809,30.100019]]]}},{"type":"Feature","properties":{},"geometry":{"type":"Polygon","coordinates":[[[31.339835,30.100384],[31.339873,30.10039],[31.339866,30.100428],[31.33993,30.100438],[31.339917,30.100501],[31.339813,30.100485],[31.339835,30.100384]]]}},{"type":"Feature","properties":{},"geometry":{"type":"Polygon","coordinates":[[[31.341441,30.096694],[31.341579,30.096614],[31.341744,30.096825],[31.341606,30.096906],[31.341441,30.096694]]]}},{"type":"Feature","properties":{},"geometry":{"type":"Polygon","coordinates":[[[31.341916,30.10721],[31.34199,30.107347],[31.341817,30.107418],[31.341743,30.107283],[31.341801,30.107259],[31.341827,30.107307],[31.341883,30.107284],[31.341856,30.107235],[31.341916,30.10721]]]}},{"type":"Feature","properties":{},"geometry":{"type":"Polygon","coordinates":[[[31.342284,30.092909],[31.342192,30.092908],[31.342196,30.092727],[31.342226,30.092727],[31.342226,30.092716],[31.342289,30.092717],[31.342284,30.092909]]]}},{"type":"Feature","properties":{},"geometry":{"type":"Polygon","coordinates":[[[31.342425,30.108513],[31.342548,30.108554],[31.342481,30.108704],[31.342359,30.108663],[31.342425,30.108513]]]}},{"type":"Feature","properties":{},"geometry":{"type":"Polygon","coordinates":[[[31.346069,30.100296],[31.346228,30.100374],[31.346056,30.100634],[31.345898,30.100556],[31.346069,30.100296]]]}},{"type":"Feature","properties":{},"geometry":{"type":"Polygon","coordinates":[[[31.348254,30.106839],[31.348395,30.106905],[31.348234,30.107164],[31.348093,30.107098],[31.348254,30.106839]]]}},{"type":"Feature","properties":{},"geometry":{"type":"Polygon","coordinates":[[[31.330968,30.107646],[31.331122,30.107768],[31.331043,30.107842],[31.33089,30.10772],[31.330968,30.107646]]]}},{"type":"Feature","properties":{},"geometry":{"type":"Polygon","coordinates":[[[31.331797,30.098156],[31.331938,30.098064],[31.331991,30.098124],[31.33185,30.098217],[31.331797,30.098156]]]}},{"type":"Feature","properties":{},"geometry":{"type":"Polygon","coordinates":[[[31.332081,30.110041],[31.332024,30.110058],[31.331977,30.10994],[31.332033,30.109923],[31.332081,30.110041]]]}},{"type":"Feature","properties":{},"geometry":{"type":"Polygon","coordinates":[[[31.332489,30.091433],[31.332674,30.091625],[31.33242,30.091813],[31.332232,30.091618],[31.332489,30.091433]]]}},{"type":"Feature","properties":{},"geometry":{"type":"Polygon","coordinates":[[[31.334262,30.097943],[31.334317,30.097789],[31.334329,30.097792],[31.334351,30.097731],[31.33447,30.097763],[31.334392,30.097978],[31.334262,30.097943]]]}},{"type":"Feature","properties":{},"geometry":{"type":"Polygon","coordinates":[[[31.33442,30.098508],[31.334625,30.098556],[31.334546,30.098807],[31.334341,30.098759],[31.33442,30.098508]]]}},{"type":"Feature","properties":{},"geometry":{"type":"Polygon","coordinates":[[[31.334969,30.102739],[31.335077,30.10265],[31.33511,30.102681],[31.335246,30.10257],[31.335309,30.102627],[31.335142,30.102764],[31.335413,30.10301],[31.335336,30.103074],[31.334969,30.102739]]]}},{"type":"Feature","properties":{},"geometry":{"type":"Polygon","coordinates":[[[31.337004,30.095775],[31.336905,30.095844],[31.336753,30.095682],[31.336852,30.095613],[31.337004,30.095775]]]}},{"type":"Feature","properties":{},"geometry":{"type":"Polygon","coordinates":[[[31.337469,30.095167],[31.337622,30.095327],[31.337485,30.095426],[31.337331,30.095265],[31.337469,30.095167]]]}},{"type":"Feature","properties":{},"geometry":{"type":"Polygon","coordinates":[[[31.337973,30.10977],[31.33778,30.109825],[31.337729,30.109689],[31.337922,30.109635],[31.337973,30.10977]]]}},{"type":"Feature","properties":{},"geometry":{"type":"Polygon","coordinates":[[[31.338198,30.109728],[31.338017,30.109739],[31.338002,30.109566],[31.338184,30.109555],[31.338198,30.109728]]]}},{"type":"Feature","properties":{},"geometry":{"type":"Polygon","coordinates":[[[31.34039,30.105325],[31.340443,30.105228],[31.34065,30.105313],[31.340596,30.10541],[31.34039,30.105325]]]}},{"type":"Feature","properties":{},"geometry":{"type":"Polygon","coordinates":[[[31.342418,30.092886],[31.342302,30.09289],[31.342298,30.092816],[31.342415,30.092812],[31.342418,30.092886]]]}},{"type":"Feature","properties":{},"geometry":{"type":"Polygon","coordinates":[[[31.345578,30.100618],[31.345716,30.10068],[31.345553,30.100949],[31.345416,30.100886],[31.345578,30.100618]]]}},{"type":"Feature","properties":{},"geometry":{"type":"Polygon","coordinates":[[[31.346288,30.093391],[31.346478,30.09329],[31.346525,30.093357],[31.346335,30.093458],[31.346288,30.093391]]]}},{"type":"Feature","properties":{},"geometry":{"type":"Polygon","coordinates":[[[31.34663,30.098498],[31.346741,30.098367],[31.34694,30.098492],[31.346855,30.098593],[31.346803,30.098561],[31.346743,30.098633],[31.34667,30.098587],[31.346705,30.098545],[31.34663,30.098498]]]}},{"type":"Feature","properties":{},"geometry":{"type":"Polygon","coordinates":[[[31.347276,30.107029],[31.347199,30.107142],[31.347141,30.107112],[31.347105,30.107165],[31.347041,30.107133],[31.347156,30.106967],[31.347276,30.107029]]]}},{"type":"Feature","properties":{},"geometry":{"type":"Polygon","coordinates":[[[31.34995,30.092751],[31.349728,30.092881],[31.349605,30.092722],[31.349599,30.092726],[31.349561,30.092676],[31.349652,30.092623],[31.34969,30.092672],[31.349826,30.092592],[31.34995,30.092751]]]}},{"type":"Feature","properties":{},"geometry":{"type":"Polygon","coordinates":[[[31.352059,30.104992],[31.352112,30.104909],[31.352157,30.10493],[31.352104,30.105014],[31.352059,30.104992]]]}},{"type":"Feature","properties":{},"geometry":{"type":"Polygon","coordinates":[[[31.332992,30.098798],[31.33293,30.098839],[31.332894,30.098799],[31.333079,30.098673],[31.333154,30.098755],[31.33308,30.098805],[31.333064,30.098788],[31.333014,30.098822],[31.332992,30.098798]]]}},{"type":"Feature","properties":{},"geometry":{"type":"Polygon","coordinates":[[[31.333124,30.106151],[31.333269,30.1062],[31.333139,30.106488],[31.332995,30.10644],[31.333124,30.106151]]]}},{"type":"Feature","properties":{},"geometry":{"type":"Polygon","coordinates":[[[31.334484,30.091927],[31.334453,30.091978],[31.334329,30.091922],[31.334361,30.09187],[31.334484,30.091927]]]}},{"type":"Feature","properties":{},"geometry":{"type":"Polygon","coordinates":[[[31.335303,30.104435],[31.335285,30.104451],[31.335323,30.104481],[31.335217,30.104581],[31.335069,30.104463],[31.335192,30.104347],[31.335303,30.104435]]]}},{"type":"Feature","properties":{},"geometry":{"type":"Polygon","coordinates":[[[31.336114,30.100178],[31.336139,30.100037],[31.336341,30.100063],[31.336302,30.100286],[31.336162,30.100268],[31.336176,30.100186],[31.336114,30.100178]]]}},{"type":"Feature","properties":{},"geometry":{"type":"Polygon","coordinates":[[[31.336223,30.108365],[31.336469,30.108271],[31.336604,30.108539],[31.336358,30.108633],[31.336223,30.108365]]]}},{"type":"Feature","properties":{},"geometry":{"type":"Polygon","coordinates":[[[31.336473,30.107616],[31.336322,30.107898],[31.336143,30.107826],[31.336294,30.107544],[31.336473,30.107616]]]}},{"type":"Feature","properties":{},"geometry":{"type":"Polygon","coordinates":[[[31.33889,30.09412],[31.338903,30.094101],[31.338844,30.09407],[31.338858,30.094049],[31.338809,30.094025],[31.338854,30.093959],[31.33902,30.094044],[31.338948,30.094149],[31.33889,30.09412]]]}},{"type":"Feature","properties":{},"geometry":{"type":"Polygon","coordinates":[[[31.339787,30.09872],[31.340104,30.09888],[31.340048,30.098963],[31.340012,30.098945],[31.339967,30.099013],[31.339852,30.098954],[31.339898,30.098885],[31.339846,30.098859],[31.339811,30.09891],[31.339784,30.098896],[31.339818,30.098845],[31.339778,30.098824],[31.339752,30.098862],[31.339706,30.098839],[31.339787,30.09872]]]}},{"type":"Feature","properties":{},"geometry":{"type":"Polygon","coordinates":[[[31.340121,30.106461],[31.339954,30.106524],[31.339794,30.106209],[31.339961,30.106145],[31.340121,30.106461]]]}},{"type":"Feature","properties":{},"geometry":{"type":"Polygon","coordinates":[[[31.340284,30.108127],[31.340155,30.108179],[31.340096,30.108071],[31.340225,30.108018],[31.340284,30.108127]]]}},{"type":"Feature","properties":{},"geometry":{"type":"Polygon","coordinates":[[[31.34061,30.107493],[31.340533,30.107546],[31.340459,30.107465],[31.340568,30.10739],[31.340611,30.107438],[31.34058,30.107459],[31.34061,30.107493]]]}},{"type":"Feature","properties":{},"geometry":{"type":"Polygon","coordinates":[[[31.341665,30.099001],[31.341491,30.099225],[31.341429,30.099189],[31.34141,30.099213],[31.341212,30.099098],[31.341268,30.099026],[31.341377,30.099089],[31.341514,30.098913],[31.341665,30.099001]]]}},{"type":"Feature","properties":{},"geometry":{"type":"Polygon","coordinates":[[[31.34227,30.1046],[31.342362,30.104418],[31.342501,30.104471],[31.342409,30.104653],[31.34227,30.1046]]]}},{"type":"Feature","properties":{},"geometry":{"type":"Polygon","coordinates":[[[31.343986,30.103264],[31.343996,30.103374],[31.343931,30.103378],[31.343938,30.103457],[31.3438,30.103462],[31.343763,30.103055],[31.343938,30.103043],[31.343958,30.103266],[31.343986,30.103264]]]}},{"type":"Feature","properties":{},"geometry":{"type":"Polygon","coordinates":[[[31.344836,30.09897],[31.344671,30.099055],[31.344612,30.098969],[31.344651,30.098949],[31.344617,30.0989],[31.344743,30.098834],[31.344836,30.09897]]]}},{"type":"Feature","properties":{},"geometry":{"type":"Polygon","coordinates":[[[31.346361,30.100111],[31.346248,30.100309],[31.346013,30.100209],[31.346067,30.100115],[31.346131,30.100143],[31.346191,30.100039],[31.346361,30.100111]]]}},{"type":"Feature","properties":{},"geometry":{"type":"Polygon","coordinates":[[[31.347518,30.102062],[31.347394,30.102],[31.347386,30.102011],[31.34724,30.101937],[31.347424,30.101663],[31.347695,30.1018],[31.347518,30.102062]]]}},{"type":"Feature","properties":{},"geometry":{"type":"Polygon","coordinates":[[[31.331718,30.09865],[31.331832,30.098747],[31.331711,30.098853],[31.331597,30.098757],[31.331718,30.09865]]]}},{"type":"Feature","properties":{},"geometry":{"type":"Polygon","coordinates":[[[31.333147,30.107955],[31.333118,30.108062],[31.332976,30.108034],[31.333004,30.107926],[31.333147,30.107955]]]}},{"type":"Feature","properties":{},"geometry":{"type":"Polygon","coordinates":[[[31.333202,30.092974],[31.333053,30.093088],[31.332842,30.09288],[31.33299,30.092767],[31.333202,30.092974]]]}},{"type":"Feature","properties":{},"geometry":{"type":"Polygon","coordinates":[[[31.335811,30.10049],[31.335626,30.100464],[31.335614,30.100528],[31.335409,30.100499],[31.335467,30.100187],[31.335667,30.100215],[31.335663,30.10024],[31.335852,30.100266],[31.335811,30.10049]]]}},{"type":"Feature","properties":{},"geometry":{"type":"Polygon","coordinates":[[[31.336257,30.093915],[31.33638,30.093829],[31.336461,30.093916],[31.336376,30.093976],[31.336338,30.093935],[31.336301,30.093961],[31.336257,30.093915]]]}},{"type":"Feature","properties":{},"geometry":{"type":"Polygon","coordinates":[[[31.338043,30.104361],[31.338075,30.104421],[31.337906,30.10449],[31.337873,30.10443],[31.338043,30.104361]]]}},{"type":"Feature","properties":{},"geometry":{"type":"Polygon","coordinates":[[[31.339372,30.091325],[31.339321,30.091363],[31.339176,30.091219],[31.339211,30.091192],[31.339192,30.091173],[31.339247,30.091131],[31.339321,30.091113],[31.339295,30.091132],[31.339421,30.091101],[31.339439,30.091119],[31.339487,30.091264],[31.339458,30.091286],[31.33941,30.091298],[31.339372,30.091325]]]}},{"type":"Feature","properties":{},"geometry":{"type":"Polygon","coordinates":[[[31.339618,30.103318],[31.339766,30.103386],[31.339681,30.103526],[31.339533,30.103458],[31.339618,30.103318]]]}},{"type":"Feature","properties":{},"geometry":{"type":"Polygon","coordinates":[[[31.339783,30.094584],[31.339837,30.094477],[31.340063,30.094561],[31.34001,30.094669],[31.339783,30.094584]]]}},{"type":"Feature","properties":{},"geometry":{"type":"Polygon","coordinates":[[[31.339785,30.100195],[31.339992,30.100224],[31.339975,30.100317],[31.339768,30.100288],[31.339785,30.100195]]]}},{"type":"Feature","properties":{},"geometry":{"type":"Polygon","coordinates":[[[31.342641,30.102669],[31.342639,30.102619],[31.342706,30.102617],[31.342708,30.102667],[31.342641,30.102669]]]}},{"type":"Feature","properties":{},"geometry":{"type":"Polygon","coordinates":[[[31.343092,30.108814],[31.343002,30.108952],[31.342913,30.108908],[31.343002,30.108771],[31.343092,30.108814]]]}},{"type":"Feature","properties":{},"geometry":{"type":"Polygon","coordinates":[[[31.343544,30.093819],[31.343188,30.094026],[31.343116,30.093933],[31.343471,30.093726],[31.343544,30.093819]]]}},{"type":"Feature","properties":{},"geometry":{"type":"Polygon","coordinates":[[[31.345876,30.090089],[31.345934,30.090142],[31.345814,30.090241],[31.345756,30.090189],[31.345876,30.090089]]]}},{"type":"Feature","properties":{},"geometry":{"type":"Polygon","coordinates":[[[31.346482,30.108585],[31.346244,30.108471],[31.34621,30.108501],[31.3461,30.108448],[31.34618,30.108323],[31.346485,30.108469],[31.346501,30.108455],[31.346549,30.108496],[31.346568,30.108466],[31.34652,30.108425],[31.346575,30.108376],[31.346805,30.108572],[31.346845,30.108537],[31.34694,30.108583],[31.346822,30.108687],[31.347201,30.108868],[31.347114,30.109005],[31.346992,30.108947],[31.347028,30.108892],[31.346809,30.108787],[31.346796,30.108808],[31.346713,30.108768],[31.346756,30.108804],[31.346727,30.10885],[31.346817,30.108893],[31.346757,30.108986],[31.346507,30.108866],[31.346553,30.108906],[31.346373,30.108819],[31.346402,30.108794],[31.34636,30.108774],[31.346482,30.108585]]]}},{"type":"Feature","properties":{},"geometry":{"type":"Polygon","coordinates":[[[31.348021,30.105249],[31.348187,30.105035],[31.348308,30.105105],[31.348142,30.105319],[31.348021,30.105249]]]}},{"type":"Feature","properties":{},"geometry":{"type":"Polygon","coordinates":[[[31.352469,30.109315],[31.352408,30.109383],[31.352355,30.109347],[31.352416,30.109279],[31.352469,30.109315]]]}},{"type":"Feature","properties":{},"geometry":{"type":"Polygon","coordinates":[[[31.330989,30.10715],[31.331085,30.107063],[31.331098,30.107073],[31.331193,30.106986],[31.331343,30.10711],[31.331152,30.107284],[31.330989,30.10715]]]}},{"type":"Feature","properties":{},"geometry":{"type":"Polygon","coordinates":[[[31.331523,30.093931],[31.331611,30.093838],[31.331686,30.09389],[31.331753,30.093819],[31.331701,30.093782],[31.331814,30.093662],[31.332045,30.093825],[31.332024,30.093847],[31.332078,30.093886],[31.331817,30.094164],[31.331685,30.09407],[31.331737,30.094015],[31.33165,30.093953],[31.331612,30.093994],[31.331523,30.093931]]]}},{"type":"Feature","properties":{},"geometry":{"type":"Polygon","coordinates":[[[31.332374,30.093295],[31.332479,30.093406],[31.332366,30.093486],[31.332261,30.093375],[31.332374,30.093295]]]}},{"type":"Feature","properties":{},"geometry":{"type":"Polygon","coordinates":[[[31.333617,30.094571],[31.333788,30.094753],[31.333673,30.094833],[31.333502,30.094651],[31.333617,30.094571]]]}},{"type":"Feature","properties":{},"geometry":{"type":"Polygon","coordinates":[[[31.341533,30.094339],[31.341704,30.09442],[31.341637,30.094525],[31.341466,30.094444],[31.341533,30.094339]]]}},{"type":"Feature","properties":{},"geometry":{"type":"Polygon","coordinates":[[[31.343034,30.107642],[31.342836,30.107685],[31.342804,30.107576],[31.343002,30.107533],[31.343034,30.107642]]]}},{"type":"Feature","properties":{},"geometry":{"type":"Polygon","coordinates":[[[31.345293,30.10438],[31.345111,30.104457],[31.344941,30.104155],[31.345047,30.10411],[31.345068,30.104147],[31.345144,30.104115],[31.345293,30.10438]]]}},{"type":"Feature","properties":{},"geometry":{"type":"Polygon","coordinates":[[[31.349098,30.100994],[31.349517,30.101201],[31.349306,30.101522],[31.348826,30.101286],[31.34893,30.101127],[31.349132,30.101227],[31.349156,30.101192],[31.349014,30.101122],[31.349098,30.100994]]]}},{"type":"Feature","properties":{},"geometry":{"type":"Polygon","coordinates":[[[31.350625,30.102351],[31.350661,30.102278],[31.350847,30.102347],[31.350811,30.10242],[31.350625,30.102351]]]}},{"type":"Feature","properties":{},"geometry":{"type":"Polygon","coordinates":[[[31.351244,30.107693],[31.351457,30.107836],[31.351397,30.107902],[31.351185,30.107758],[31.351244,30.107693]]]}},{"type":"Feature","properties":{},"geometry":{"type":"Polygon","coordinates":[[[31.330285,30.100666],[31.330401,30.100571],[31.330466,30.10063],[31.33035,30.100725],[31.330285,30.100666]]]}},{"type":"Feature","properties":{},"geometry":{"type":"Polygon","coordinates":[[[31.331266,30.10332],[31.331157,30.103497],[31.331007,30.103427],[31.331116,30.103251],[31.331266,30.10332]]]}},{"type":"Feature","properties":{},"geometry":{"type":"Polygon","coordinates":[[[31.332065,30.107839],[31.332039,30.107934],[31.331931,30.107912],[31.331957,30.107817],[31.332065,30.107839]]]}},{"type":"Feature","properties":{},"geometry":{"type":"Polygon","coordinates":[[[31.33218,30.099056],[31.332157,30.099073],[31.332,30.098916],[31.33216,30.098797],[31.33238,30.099018],[31.332243,30.09912],[31.33218,30.099056]]]}},{"type":"Feature","properties":{},"geometry":{"type":"Polygon","coordinates":[[[31.333077,30.098951],[31.333218,30.099067],[31.33316,30.09912],[31.333188,30.099143],[31.333083,30.099239],[31.332914,30.0991],[31.333077,30.098951]]]}},{"type":"Feature","properties":{},"geometry":{"type":"Polygon","coordinates":[[[31.334078,30.091374],[31.334273,30.091462],[31.334333,30.091512],[31.334377,30.091532],[31.334353,30.091572],[31.334078,30.091813],[31.33387,30.091719],[31.334078,30.091374]]]}},{"type":"Feature","properties":{},"geometry":{"type":"Polygon","coordinates":[[[31.334263,30.09966],[31.334423,30.099592],[31.334466,30.099667],[31.334563,30.099626],[31.334598,30.099688],[31.334535,30.099714],[31.33453,30.099705],[31.334363,30.099776],[31.334322,30.099703],[31.334294,30.099715],[31.334263,30.09966]]]}},{"type":"Feature","properties":{},"geometry":{"type":"Polygon","coordinates":[[[31.33566,30.102589],[31.335763,30.102671],[31.33573,30.102702],[31.335767,30.102731],[31.335666,30.102825],[31.335526,30.102714],[31.33566,30.102589]]]}},{"type":"Feature","properties":{},"geometry":{"type":"Polygon","coordinates":[[[31.336157,30.098202],[31.336325,30.09811],[31.336424,30.098247],[31.336256,30.098338],[31.336157,30.098202]]]}},{"type":"Feature","properties":{},"geometry":{"type":"Polygon","coordinates":[[[31.336245,30.09688],[31.336275,30.096792],[31.33629,30.096796],[31.336335,30.096665],[31.336485,30.096703],[31.336458,30.09678],[31.336613,30.09682],[31.336564,30.096962],[31.336245,30.09688]]]}},{"type":"Feature","properties":{},"geometry":{"type":"Polygon","coordinates":[[[31.338007,30.109444],[31.338039,30.10945],[31.338025,30.10951],[31.337909,30.109489],[31.337919,30.109449],[31.337972,30.109459],[31.337983,30.109412],[31.338014,30.109417],[31.338007,30.109444]]]}},{"type":"Feature","properties":{},"geometry":{"type":"Polygon","coordinates":[[[31.341655,30.108346],[31.3418,30.108215],[31.341847,30.108234],[31.341955,30.108323],[31.342068,30.108367],[31.341997,30.108503],[31.341969,30.108528],[31.341791,30.108459],[31.341655,30.108346]]]}},{"type":"Feature","properties":{},"geometry":{"type":"Polygon","coordinates":[[[31.342387,30.092295],[31.342426,30.092294],[31.342429,30.092399],[31.342352,30.0924],[31.342349,30.092235],[31.342386,30.092235],[31.342387,30.092295]]]}},{"type":"Feature","properties":{},"geometry":{"type":"Polygon","coordinates":[[[31.344999,30.109645],[31.345055,30.10985],[31.344781,30.109906],[31.344758,30.109824],[31.344776,30.10982],[31.344724,30.10963],[31.344808,30.109612],[31.344827,30.109681],[31.344999,30.109645]]]}},{"type":"Feature","properties":{},"geometry":{"type":"Polygon","coordinates":[[[31.345815,30.090244],[31.345919,30.09016],[31.345937,30.090158],[31.346188,30.090388],[31.346192,30.090425],[31.346249,30.090477],[31.346257,30.090555],[31.346229,30.090578],[31.346166,30.090583],[31.346164,30.09056],[31.346105,30.090565],[31.346067,30.090529],[31.346062,30.090486],[31.345934,30.090368],[31.345932,30.090351],[31.345815,30.090244]]]}},{"type":"Feature","properties":{},"geometry":{"type":"Polygon","coordinates":[[[31.347564,30.106394],[31.347427,30.10633],[31.347596,30.106061],[31.347733,30.106125],[31.347564,30.106394]]]}},{"type":"Feature","properties":{},"geometry":{"type":"Polygon","coordinates":[[[31.347903,30.090743],[31.347824,30.090817],[31.347735,30.090747],[31.347813,30.090672],[31.347903,30.090743]]]}},{"type":"Feature","properties":{},"geometry":{"type":"Polygon","coordinates":[[[31.349861,30.096151],[31.350374,30.095682],[31.350527,30.095807],[31.350481,30.095849],[31.350591,30.095939],[31.350125,30.096367],[31.349861,30.096151]]]}},{"type":"Feature","properties":{},"geometry":{"type":"Polygon","coordinates":[[[31.35106,30.104972],[31.3511,30.10493],[31.351153,30.104968],[31.351114,30.10501],[31.35106,30.104972]]]}},{"type":"Feature","properties":{},"geometry":{"type":"Polygon","coordinates":[[[31.351118,30.103031],[31.351034,30.103156],[31.350595,30.102933],[31.350679,30.102809],[31.351118,30.103031]]]}},{"type":"Feature","properties":{},"geometry":{"type":"Polygon","coordinates":[[[31.354312,30.109163],[31.354368,30.109186],[31.35434,30.109237],[31.354284,30.109213],[31.354312,30.109163]]]}},{"type":"Feature","properties":{},"geometry":{"type":"Polygon","coordinates":[[[31.330266,30.094089],[31.330198,30.094149],[31.330116,30.094079],[31.330184,30.094019],[31.330266,30.094089]]]}},{"type":"Feature","properties":{},"geometry":{"type":"Polygon","coordinates":[[[31.330455,30.100155],[31.330584,30.100053],[31.330652,30.100118],[31.330523,30.10022],[31.330455,30.100155]]]}},{"type":"Feature","properties":{},"geometry":{"type":"Polygon","coordinates":[[[31.332055,30.095929],[31.332009,30.096003],[31.33197,30.095985],[31.331884,30.096122],[31.331862,30.096112],[31.331598,30.096531],[31.331393,30.096435],[31.331437,30.096366],[31.331473,30.096383],[31.331827,30.095821],[31.332055,30.095929]]]}},{"type":"Feature","properties":{},"geometry":{"type":"Polygon","coordinates":[[[31.332525,30.101693],[31.332408,30.101741],[31.332364,30.101662],[31.332449,30.101627],[31.332464,30.101653],[31.332495,30.10164],[31.332525,30.101693]]]}},{"type":"Feature","properties":{},"geometry":{"type":"Polygon","coordinates":[[[31.332805,30.104225],[31.332621,30.104155],[31.33272,30.10396],[31.332904,30.104029],[31.332805,30.104225]]]}},{"type":"Feature","properties":{},"geometry":{"type":"Polygon","coordinates":[[[31.333894,30.108753],[31.333727,30.108829],[31.33354,30.108519],[31.333707,30.108444],[31.333821,30.108633],[31.333781,30.108651],[31.333805,30.108689],[31.333844,30.108671],[31.333894,30.108753]]]}},{"type":"Feature","properties":{},"geometry":{"type":"Polygon","coordinates":[[[31.334066,30.109645],[31.333958,30.109698],[31.333894,30.109599],[31.334001,30.109547],[31.334066,30.109645]]]}},{"type":"Feature","properties":{},"geometry":{"type":"Polygon","coordinates":[[[31.335082,30.105292],[31.334978,30.10548],[31.334847,30.105426],[31.334951,30.105237],[31.335082,30.105292]]]}},{"type":"Feature","properties":{},"geometry":{"type":"Polygon","coordinates":[[[31.335148,30.109824],[31.335342,30.109747],[31.335475,30.109997],[31.335282,30.110074],[31.335148,30.109824]]]}},{"type":"Feature","properties":{},"geometry":{"type":"Polygon","coordinates":[[[31.335466,30.101083],[31.33553,30.100767],[31.335704,30.100793],[31.335641,30.10111],[31.335466,30.101083]]]}},{"type":"Feature","properties":{},"geometry":{"type":"Polygon","coordinates":[[[31.338476,30.103876],[31.338591,30.103675],[31.338889,30.103803],[31.338774,30.104004],[31.338476,30.103876]]]}},{"type":"Feature","properties":{},"geometry":{"type":"Polygon","coordinates":[[[31.33863,30.101618],[31.3387,30.101301],[31.338774,30.101313],[31.33877,30.101328],[31.338905,30.10135],[31.338838,30.101652],[31.33863,30.101618]]]}},{"type":"Feature","properties":{},"geometry":{"type":"Polygon","coordinates":[[[31.340513,30.099798],[31.340542,30.099748],[31.34058,30.099764],[31.340668,30.099607],[31.34082,30.099672],[31.340707,30.09988],[31.340513,30.099798]]]}},{"type":"Feature","properties":{},"geometry":{"type":"Polygon","coordinates":[[[31.341783,30.103022],[31.341973,30.103108],[31.341891,30.103245],[31.3417,30.103159],[31.341783,30.103022]]]}},{"type":"Feature","properties":{},"geometry":{"type":"Polygon","coordinates":[[[31.341987,30.096662],[31.341909,30.096559],[31.34195,30.096537],[31.341928,30.096508],[31.341913,30.096439],[31.341972,30.096405],[31.342024,30.096397],[31.34206,30.096444],[31.342037,30.096345],[31.342072,30.096326],[31.342101,30.096321],[31.342136,30.096301],[31.34217,30.096295],[31.342193,30.096326],[31.342234,30.096522],[31.341987,30.096662]]]}},{"type":"Feature","properties":{},"geometry":{"type":"Polygon","coordinates":[[[31.34434,30.10035],[31.344205,30.100558],[31.343986,30.100452],[31.343973,30.100421],[31.343932,30.100401],[31.343906,30.100339],[31.343922,30.100313],[31.343861,30.100168],[31.343964,30.100135],[31.343976,30.100116],[31.344031,30.100147],[31.344227,30.100085],[31.34434,30.10035]]]}},{"type":"Feature","properties":{},"geometry":{"type":"Polygon","coordinates":[[[31.348094,30.091193],[31.348012,30.091168],[31.347999,30.0912],[31.347904,30.09117],[31.348007,30.090919],[31.348184,30.090973],[31.348094,30.091193]]]}},{"type":"Feature","properties":{},"geometry":{"type":"Polygon","coordinates":[[[31.349235,30.10075],[31.349295,30.100665],[31.349332,30.100684],[31.349273,30.100769],[31.349235,30.10075]]]}},{"type":"Feature","properties":{},"geometry":{"type":"Polygon","coordinates":[[[31.349422,30.097396],[31.349444,30.097362],[31.349479,30.097334],[31.349596,30.097155],[31.349649,30.097181],[31.349759,30.097281],[31.349863,30.097332],[31.349902,30.0973],[31.350076,30.097385],[31.350039,30.09744],[31.350016,30.097459],[31.349946,30.097567],[31.349868,30.097529],[31.349805,30.097626],[31.349748,30.097598],[31.349756,30.097586],[31.349716,30.097566],[31.349683,30.097594],[31.349608,30.097558],[31.349631,30.097523],[31.349477,30.097447],[31.349422,30.097396]]]}},{"type":"Feature","properties":{},"geometry":{"type":"Polygon","coordinates":[[[31.350952,30.104297],[31.350927,30.104345],[31.35077,30.104285],[31.350795,30.104236],[31.350952,30.104297]]]}},{"type":"Feature","properties":{},"geometry":{"type":"Polygon","coordinates":[[[31.331458,30.108626],[31.331436,30.108574],[31.33149,30.108556],[31.331549,30.108691],[31.331454,30.108722],[31.331417,30.108639],[31.331458,30.108626]]]}},{"type":"Feature","properties":{},"geometry":{"type":"Polygon","coordinates":[[[31.332415,30.09617],[31.332503,30.096086],[31.332483,30.09607],[31.332546,30.09601],[31.33283,30.096234],[31.332713,30.096346],[31.332684,30.096323],[31.332651,30.096355],[31.332415,30.09617]]]}},{"type":"Feature","properties":{},"geometry":{"type":"Polygon","coordinates":[[[31.332669,30.099284],[31.332767,30.099208],[31.332928,30.099362],[31.332831,30.099438],[31.332669,30.099284]]]}},{"type":"Feature","properties":{},"geometry":{"type":"Polygon","coordinates":[[[31.332769,30.098203],[31.332684,30.098179],[31.332736,30.098043],[31.332821,30.098068],[31.332769,30.098203]]]}},{"type":"Feature","properties":{},"geometry":{"type":"Polygon","coordinates":[[[31.334754,30.105155],[31.334934,30.105223],[31.334838,30.105414],[31.334658,30.105346],[31.334754,30.105155]]]}},{"type":"Feature","properties":{},"geometry":{"type":"Polygon","coordinates":[[[31.334945,30.098989],[31.33496,30.098982],[31.334926,30.098927],[31.335098,30.098847],[31.335182,30.098981],[31.334995,30.099068],[31.334945,30.098989]]]}},{"type":"Feature","properties":{},"geometry":{"type":"Polygon","coordinates":[[[31.335583,30.098211],[31.335629,30.098111],[31.335826,30.098179],[31.335781,30.098278],[31.335583,30.098211]]]}},{"type":"Feature","properties":{},"geometry":{"type":"Polygon","coordinates":[[[31.336281,30.093147],[31.336526,30.093309],[31.336383,30.09347],[31.336339,30.09344],[31.3363,30.093484],[31.336229,30.093437],[31.33631,30.093345],[31.336271,30.093318],[31.336296,30.093289],[31.336208,30.09323],[31.336281,30.093147]]]}},{"type":"Feature","properties":{},"geometry":{"type":"Polygon","coordinates":[[[31.339658,30.095608],[31.339574,30.095675],[31.339389,30.095501],[31.339484,30.095425],[31.339607,30.09554],[31.339596,30.09555],[31.339658,30.095608]]]}},{"type":"Feature","properties":{},"geometry":{"type":"Polygon","coordinates":[[[31.341628,30.093224],[31.341641,30.093345],[31.341604,30.093348],[31.341615,30.09345],[31.341492,30.093461],[31.341476,30.093319],[31.341372,30.093328],[31.341363,30.093246],[31.341628,30.093224]]]}},{"type":"Feature","properties":{},"geometry":{"type":"Polygon","coordinates":[[[31.346536,30.090886],[31.346569,30.090717],[31.346532,30.090712],[31.346539,30.090675],[31.346743,30.090704],[31.346704,30.09091],[31.346536,30.090886]]]}},{"type":"Feature","properties":{},"geometry":{"type":"Polygon","coordinates":[[[31.349693,30.105721],[31.349516,30.105639],[31.349486,30.105688],[31.349661,30.105769],[31.349594,30.105877],[31.349379,30.105778],[31.349429,30.105697],[31.349325,30.105648],[31.349401,30.105526],[31.349371,30.105512],[31.349434,30.105409],[31.349786,30.105572],[31.349693,30.105721]]]}},{"type":"Feature","properties":{},"geometry":{"type":"Polygon","coordinates":[[[31.354288,30.10929],[31.354245,30.109335],[31.354194,30.109299],[31.354237,30.109254],[31.354288,30.10929]]]}},{"type":"Feature","properties":{},"geometry":{"type":"Polygon","coordinates":[[[31.330733,30.091964],[31.330806,30.092099],[31.330816,30.092095],[31.330843,30.092144],[31.330568,30.092256],[31.33056,30.09224],[31.33052,30.092256],[31.330503,30.092224],[31.330432,30.092253],[31.330343,30.092087],[31.330402,30.092063],[31.330381,30.092025],[31.330472,30.091988],[31.330484,30.092011],[31.330629,30.091952],[31.330653,30.091996],[31.330733,30.091964]]]}},{"type":"Feature","properties":{},"geometry":{"type":"Polygon","coordinates":[[[31.331281,30.096603],[31.33134,30.096554],[31.331435,30.09664],[31.331376,30.096689],[31.331281,30.096603]]]}},{"type":"Feature","properties":{},"geometry":{"type":"Polygon","coordinates":[[[31.331728,30.104513],[31.331836,30.104318],[31.331982,30.104378],[31.331875,30.104573],[31.331728,30.104513]]]}},{"type":"Feature","properties":{},"geometry":{"type":"Polygon","coordinates":[[[31.331893,30.091802],[31.331937,30.091884],[31.331746,30.091962],[31.331702,30.09188],[31.331893,30.091802]]]}},{"type":"Feature","properties":{},"geometry":{"type":"Polygon","coordinates":[[[31.331991,30.096314],[31.332107,30.096407],[31.332025,30.096483],[31.33191,30.096391],[31.331991,30.096314]]]}},{"type":"Feature","properties":{},"geometry":{"type":"Polygon","coordinates":[[[31.332822,30.098231],[31.332929,30.097931],[31.333113,30.09798],[31.333006,30.09828],[31.332822,30.098231]]]}},{"type":"Feature","properties":{},"geometry":{"type":"Polygon","coordinates":[[[31.333556,30.103942],[31.333599,30.103888],[31.333532,30.103848],[31.333688,30.103649],[31.333899,30.103773],[31.333866,30.103815],[31.3341,30.103952],[31.334105,30.103946],[31.33425,30.104031],[31.33408,30.104249],[31.333556,30.103942]]]}},{"type":"Feature","properties":{},"geometry":{"type":"Polygon","coordinates":[[[31.33515,30.100401],[31.334814,30.10035],[31.334826,30.100292],[31.334782,30.100285],[31.3348,30.100195],[31.334917,30.100213],[31.334946,30.100072],[31.335141,30.100101],[31.335132,30.100145],[31.3352,30.100155],[31.33515,30.100401]]]}},{"type":"Feature","properties":{},"geometry":{"type":"Polygon","coordinates":[[[31.335228,30.10046],[31.335265,30.100216],[31.335416,30.100233],[31.335379,30.100477],[31.335228,30.10046]]]}},{"type":"Feature","properties":{},"geometry":{"type":"Polygon","coordinates":[[[31.33623,30.095672],[31.33639,30.095546],[31.336514,30.095664],[31.336353,30.095789],[31.33623,30.095672]]]}},{"type":"Feature","properties":{},"geometry":{"type":"Polygon","coordinates":[[[31.336285,30.093883],[31.336254,30.093856],[31.336212,30.09389],[31.336137,30.093823],[31.33627,30.093712],[31.336376,30.093807],[31.336285,30.093883]]]}},{"type":"Feature","properties":{},"geometry":{"type":"Polygon","coordinates":[[[31.340532,30.107869],[31.340594,30.107978],[31.340289,30.108107],[31.340227,30.107997],[31.340532,30.107869]]]}},{"type":"Feature","properties":{},"geometry":{"type":"Polygon","coordinates":[[[31.341089,30.095257],[31.341188,30.09519],[31.341264,30.095274],[31.341295,30.095254],[31.341347,30.095311],[31.34124,30.095383],[31.341209,30.095349],[31.341185,30.095364],[31.341089,30.095257]]]}},{"type":"Feature","properties":{},"geometry":{"type":"Polygon","coordinates":[[[31.343114,30.107653],[31.343302,30.107592],[31.343366,30.107739],[31.343178,30.1078],[31.343114,30.107653]]]}},{"type":"Feature","properties":{},"geometry":{"type":"Polygon","coordinates":[[[31.343432,30.104256],[31.343572,30.105028],[31.343518,30.105118],[31.343135,30.104946],[31.343195,30.104848],[31.34325,30.10484],[31.343397,30.104906],[31.343421,30.104866],[31.343398,30.104742],[31.343377,30.104745],[31.343388,30.104803],[31.343314,30.104813],[31.343278,30.104797],[31.343221,30.10448],[31.343294,30.10447],[31.343285,30.104418],[31.343224,30.104391],[31.343233,30.104435],[31.343107,30.104452],[31.343077,30.104285],[31.343062,30.104287],[31.343029,30.104101],[31.343099,30.104092],[31.343208,30.104141],[31.343215,30.10413],[31.343397,30.104105],[31.343412,30.104189],[31.343262,30.104209],[31.34322,30.104191],[31.34323,30.104243],[31.343364,30.104225],[31.343432,30.104256]]]}},{"type":"Feature","properties":{},"geometry":{"type":"Polygon","coordinates":[[[31.345334,30.091037],[31.345328,30.091032],[31.345281,30.091077],[31.345193,30.091009],[31.345299,30.090907],[31.345393,30.090981],[31.345334,30.091037]]]}},{"type":"Feature","properties":{},"geometry":{"type":"Polygon","coordinates":[[[31.345682,30.108209],[31.34571,30.108336],[31.345489,30.108372],[31.345461,30.108246],[31.345682,30.108209]]]}},{"type":"Feature","properties":{},"geometry":{"type":"Polygon","coordinates":[[[31.345777,30.095699],[31.345903,30.095761],[31.34587,30.095812],[31.345743,30.09575],[31.345777,30.095699]]]}},{"type":"Feature","properties":{},"geometry":{"type":"Polygon","coordinates":[[[31.346303,30.099126],[31.346297,30.099061],[31.346323,30.099114],[31.346319,30.099073],[31.346775,30.0989],[31.346814,30.098897],[31.34704,30.099342],[31.346997,30.099359],[31.347036,30.099434],[31.346687,30.099567],[31.346611,30.099417],[31.346575,30.099431],[31.3466,30.09967],[31.34646,30.099722],[31.34639,30.099583],[31.346387,30.099562],[31.346432,30.099545],[31.346298,30.099281],[31.346637,30.099152],[31.34645,30.099166],[31.346454,30.099203],[31.346408,30.099206],[31.346389,30.099169],[31.346406,30.099163],[31.346403,30.099132],[31.346335,30.099137],[31.346378,30.099222],[31.346287,30.099229],[31.346277,30.099128],[31.346303,30.099126]]]}},{"type":"Feature","properties":{},"geometry":{"type":"Polygon","coordinates":[[[31.346559,30.091908],[31.346447,30.091929],[31.346424,30.09184],[31.346536,30.091818],[31.346559,30.091908]]]}},{"type":"Feature","properties":{},"geometry":{"type":"Polygon","coordinates":[[[31.347361,30.10508],[31.347238,30.105129],[31.347108,30.104887],[31.34723,30.104838],[31.347361,30.10508]]]}},{"type":"Feature","properties":{},"geometry":{"type":"Polygon","coordinates":[[[31.347714,30.099199],[31.347557,30.099259],[31.347434,30.099019],[31.347538,30.098979],[31.347578,30.099059],[31.347632,30.099038],[31.347714,30.099199]]]}},{"type":"Feature","properties":{},"geometry":{"type":"Polygon","coordinates":[[[31.348505,30.100227],[31.348663,30.100299],[31.348577,30.100441],[31.348418,30.100368],[31.348505,30.100227]]]}},{"type":"Feature","properties":{},"geometry":{"type":"Polygon","coordinates":[[[31.335002,30.103498],[31.335121,30.103395],[31.335371,30.10361],[31.335252,30.103713],[31.335002,30.103498]]]}},{"type":"Feature","properties":{},"geometry":{"type":"Polygon","coordinates":[[[31.335447,30.092563],[31.335501,30.09247],[31.335729,30.09257],[31.335709,30.092605],[31.335779,30.092636],[31.335746,30.092693],[31.335447,30.092563]]]}},{"type":"Feature","properties":{},"geometry":{"type":"Polygon","coordinates":[[[31.335998,30.105378],[31.335871,30.105669],[31.335799,30.105645],[31.335848,30.105533],[31.335789,30.105514],[31.33575,30.105603],[31.335698,30.105586],[31.33573,30.105513],[31.335636,30.105482],[31.335722,30.105288],[31.335998,30.105378]]]}},{"type":"Feature","properties":{},"geometry":{"type":"Polygon","coordinates":[[[31.336318,30.094228],[31.336509,30.094411],[31.336337,30.094546],[31.336222,30.094436],[31.336272,30.094397],[31.336196,30.094324],[31.336318,30.094228]]]}},{"type":"Feature","properties":{},"geometry":{"type":"Polygon","coordinates":[[[31.336931,30.09658],[31.336888,30.096567],[31.336926,30.096472],[31.337077,30.096518],[31.337025,30.096647],[31.336917,30.096615],[31.336931,30.09658]]]}},{"type":"Feature","properties":{},"geometry":{"type":"Polygon","coordinates":[[[31.339826,30.09762],[31.339622,30.097339],[31.339802,30.097241],[31.339975,30.097479],[31.339966,30.097484],[31.339997,30.097527],[31.339826,30.09762]]]}},{"type":"Feature","properties":{},"geometry":{"type":"Polygon","coordinates":[[[31.341491,30.103849],[31.341432,30.103975],[31.341237,30.103906],[31.341296,30.103781],[31.341491,30.103849]]]}},{"type":"Feature","properties":{},"geometry":{"type":"Polygon","coordinates":[[[31.34274,30.109037],[31.342664,30.109204],[31.342593,30.10918],[31.342612,30.109139],[31.342513,30.109105],[31.342571,30.108979],[31.34274,30.109037]]]}},{"type":"Feature","properties":{},"geometry":{"type":"Polygon","coordinates":[[[31.343893,30.101384],[31.343805,30.101336],[31.343901,30.101205],[31.344038,30.10128],[31.343917,30.101445],[31.343868,30.101418],[31.343893,30.101384]]]}},{"type":"Feature","properties":{},"geometry":{"type":"Polygon","coordinates":[[[31.330367,30.089914],[31.331076,30.090237],[31.331047,30.090284],[31.330941,30.090235],[31.330926,30.090259],[31.330954,30.090272],[31.330972,30.090311],[31.330893,30.090337],[31.330917,30.090392],[31.330598,30.090499],[31.33053,30.090348],[31.330827,30.090248],[31.330856,30.090261],[31.330838,30.090222],[31.330767,30.090189],[31.330714,30.090207],[31.330693,30.090161],[31.330321,30.08999],[31.330367,30.089914]]]}},{"type":"Feature","properties":{},"geometry":{"type":"Polygon","coordinates":[[[31.330822,30.100766],[31.330855,30.100734],[31.330942,30.100802],[31.330873,30.100868],[31.330737,30.100762],[31.330773,30.100728],[31.330822,30.100766]]]}},{"type":"Feature","properties":{},"geometry":{"type":"Polygon","coordinates":[[[31.331614,30.096719],[31.331744,30.09653],[31.331785,30.096501],[31.331876,30.096548],[31.331856,30.096577],[31.331914,30.096607],[31.331897,30.096631],[31.331922,30.096657],[31.331885,30.096711],[31.331896,30.096722],[31.331854,30.096784],[31.331874,30.096805],[31.33178,30.096873],[31.331645,30.096735],[31.331614,30.096719]]]}},{"type":"Feature","properties":{},"geometry":{"type":"Polygon","coordinates":[[[31.332556,30.095698],[31.332579,30.09566],[31.332507,30.095627],[31.332543,30.095569],[31.33275,30.095664],[31.332691,30.09576],[31.332556,30.095698]]]}},{"type":"Feature","properties":{},"geometry":{"type":"Polygon","coordinates":[[[31.333602,30.10109],[31.333647,30.101043],[31.33359,30.101001],[31.333652,30.100938],[31.333778,30.10103],[31.333699,30.101111],[31.33373,30.101133],[31.333701,30.101163],[31.333602,30.10109]]]}},{"type":"Feature","properties":{},"geometry":{"type":"Polygon","coordinates":[[[31.336592,30.101287],[31.336625,30.101173],[31.336769,30.101204],[31.336737,30.101318],[31.336592,30.101287]]]}},{"type":"Feature","properties":{},"geometry":{"type":"Polygon","coordinates":[[[31.337544,30.1004],[31.337666,30.100433],[31.337718,30.100436],[31.337708,30.100557],[31.337652,30.100554],[31.337604,30.100656],[31.337603,30.100671],[31.337537,30.100648],[31.33754,30.100613],[31.33756,30.100568],[31.337531,30.100558],[31.337544,30.1004]]]}},{"type":"Feature","properties":{},"geometry":{"type":"Polygon","coordinates":[[[31.341453,30.098728],[31.341556,30.098746],[31.341553,30.098761],[31.341636,30.098775],[31.34161,30.098889],[31.341424,30.098858],[31.341453,30.098728]]]}},{"type":"Feature","properties":{},"geometry":{"type":"Polygon","coordinates":[[[31.342394,30.103632],[31.342295,30.103826],[31.342367,30.103854],[31.342315,30.103956],[31.342118,30.103881],[31.342269,30.103584],[31.342394,30.103632]]]}},{"type":"Feature","properties":{},"geometry":{"type":"Polygon","coordinates":[[[31.345575,30.10729],[31.345607,30.107248],[31.345695,30.107297],[31.345603,30.107418],[31.345526,30.107375],[31.345591,30.107299],[31.345575,30.10729]]]}},{"type":"Feature","properties":{},"geometry":{"type":"Polygon","coordinates":[[[31.346245,30.105323],[31.346345,30.105283],[31.34637,30.105331],[31.34627,30.105371],[31.346245,30.105323]]]}},{"type":"Feature","properties":{},"geometry":{"type":"Polygon","coordinates":[[[31.34985,30.092278],[31.349927,30.092232],[31.350206,30.092578],[31.349984,30.092713],[31.349933,30.09265],[31.350079,30.092562],[31.34985,30.092278]]]}},{"type":"Feature","properties":{},"geometry":{"type":"Polygon","coordinates":[[[31.352917,30.098568],[31.353108,30.098653],[31.353028,30.098787],[31.352838,30.098702],[31.352917,30.098568]]]}},{"type":"Feature","properties":{},"geometry":{"type":"Polygon","coordinates":[[[31.331988,30.091649],[31.331996,30.091718],[31.331943,30.091723],[31.331969,30.091748],[31.331932,30.091752],[31.331934,30.091772],[31.33189,30.09173],[31.331825,30.091736],[31.331819,30.091687],[31.331866,30.091651],[31.331832,30.091619],[31.331784,30.091623],[31.331745,30.091654],[31.331598,30.091521],[31.331596,30.091507],[31.331558,30.09147],[31.331666,30.091384],[31.331713,30.09138],[31.331988,30.091649]]]}},{"type":"Feature","properties":{},"geometry":{"type":"Polygon","coordinates":[[[31.33362,30.092007],[31.333599,30.092022],[31.333652,30.092078],[31.333578,30.09213],[31.333478,30.092025],[31.333573,30.091958],[31.33362,30.092007]]]}},{"type":"Feature","properties":{},"geometry":{"type":"Polygon","coordinates":[[[31.333734,30.102883],[31.333768,30.102847],[31.333815,30.10288],[31.333781,30.102916],[31.333734,30.102883]]]}},{"type":"Feature","properties":{},"geometry":{"type":"Polygon","coordinates":[[[31.335747,30.10858],[31.335616,30.108636],[31.335463,30.108368],[31.335594,30.108312],[31.335747,30.10858]]]}},{"type":"Feature","properties":{},"geometry":{"type":"Polygon","coordinates":[[[31.336767,30.093297],[31.33684,30.093174],[31.337054,30.09327],[31.33698,30.093393],[31.336767,30.093297]]]}},{"type":"Feature","properties":{},"geometry":{"type":"Polygon","coordinates":[[[31.337058,30.099784],[31.337188,30.099679],[31.337325,30.099808],[31.337229,30.099885],[31.337193,30.099851],[31.33716,30.099878],[31.337058,30.099784]]]}},{"type":"Feature","properties":{},"geometry":{"type":"Polygon","coordinates":[[[31.338875,30.106173],[31.338873,30.106125],[31.338932,30.106123],[31.338934,30.106171],[31.338875,30.106173]]]}},{"type":"Feature","properties":{},"geometry":{"type":"Polygon","coordinates":[[[31.339359,30.106012],[31.339424,30.106178],[31.33929,30.106217],[31.339225,30.10605],[31.339359,30.106012]]]}},{"type":"Feature","properties":{},"geometry":{"type":"Polygon","coordinates":[[[31.348794,30.103146],[31.348869,30.103028],[31.348908,30.102993],[31.348933,30.103005],[31.348979,30.103044],[31.34904,30.103073],[31.349214,30.103221],[31.349106,30.103315],[31.349127,30.103333],[31.349052,30.103399],[31.348932,30.103297],[31.34896,30.103253],[31.348884,30.103188],[31.348794,30.103146]]]}},{"type":"Feature","properties":{},"geometry":{"type":"Polygon","coordinates":[[[31.350253,30.104991],[31.350138,30.105137],[31.349978,30.105044],[31.350092,30.104897],[31.350253,30.104991]]]}},{"type":"Feature","properties":{},"geometry":{"type":"Polygon","coordinates":[[[31.350924,30.096348],[31.351332,30.096409],[31.35143,30.096391],[31.351437,30.096421],[31.351464,30.096405],[31.351521,30.096414],[31.351527,30.096436],[31.35161,30.096449],[31.351603,30.096453],[31.351624,30.096541],[31.351579,30.096567],[31.351591,30.09662],[31.351565,30.096635],[31.351551,30.096706],[31.351505,30.096699],[31.351493,30.096706],[31.351433,30.096698],[31.351423,30.096752],[31.351735,30.096798],[31.351809,30.097114],[31.351711,30.097131],[31.351197,30.097055],[31.350948,30.096738],[31.350893,30.096502],[31.350924,30.096348]]]}},{"type":"Feature","properties":{},"geometry":{"type":"Polygon","coordinates":[[[31.351327,30.102638],[31.351239,30.102758],[31.35117,30.102721],[31.351258,30.1026],[31.351327,30.102638]]]}},{"type":"Feature","properties":{},"geometry":{"type":"Polygon","coordinates":[[[31.351473,30.107341],[31.351583,30.107223],[31.351664,30.10728],[31.351554,30.107398],[31.351473,30.107341]]]}},{"type":"Feature","properties":{},"geometry":{"type":"Polygon","coordinates":[[[31.352525,30.109466],[31.35259,30.109387],[31.352934,30.1096],[31.35287,30.109679],[31.352525,30.109466]]]}},{"type":"Feature","properties":{},"geometry":{"type":"Polygon","coordinates":[[[31.354393,30.101694],[31.354509,30.10152],[31.354662,30.101596],[31.354546,30.101771],[31.354393,30.101694]]]}},{"type":"Feature","properties":{},"geometry":{"type":"Polygon","coordinates":[[[31.33121,30.100979],[31.331126,30.101042],[31.331023,30.10094],[31.331087,30.100892],[31.331111,30.100915],[31.33113,30.1009],[31.33121,30.100979]]]}},{"type":"Feature","properties":{},"geometry":{"type":"Polygon","coordinates":[[[31.331271,30.092371],[31.331412,30.09226],[31.331532,30.092374],[31.331482,30.092413],[31.331499,30.09243],[31.331408,30.092501],[31.331271,30.092371]]]}},{"type":"Feature","properties":{},"geometry":{"type":"Polygon","coordinates":[[[31.331729,30.100795],[31.331779,30.100753],[31.331809,30.100779],[31.331758,30.100821],[31.331729,30.100795]]]}},{"type":"Feature","properties":{},"geometry":{"type":"Polygon","coordinates":[[[31.332958,30.094262],[31.332781,30.094383],[31.332612,30.094198],[31.332789,30.094077],[31.332958,30.094262]]]}},{"type":"Feature","properties":{},"geometry":{"type":"Polygon","coordinates":[[[31.333141,30.10873],[31.333282,30.10867],[31.333358,30.108805],[31.333217,30.108865],[31.333141,30.10873]]]}},{"type":"Feature","properties":{},"geometry":{"type":"Polygon","coordinates":[[[31.333174,30.105499],[31.333041,30.105441],[31.333163,30.105231],[31.333297,30.105289],[31.333174,30.105499]]]}},{"type":"Feature","properties":{},"geometry":{"type":"Polygon","coordinates":[[[31.333402,30.105012],[31.333506,30.105058],[31.333384,30.105261],[31.333281,30.105215],[31.333402,30.105012]]]}},{"type":"Feature","properties":{},"geometry":{"type":"Polygon","coordinates":[[[31.333618,30.101612],[31.333833,30.101416],[31.333858,30.101437],[31.333891,30.101407],[31.334103,30.101581],[31.333855,30.101806],[31.333618,30.101612]]]}},{"type":"Feature","properties":{},"geometry":{"type":"Polygon","coordinates":[[[31.334187,30.105695],[31.334523,30.105814],[31.334415,30.106043],[31.334079,30.105924],[31.334187,30.105695]]]}},{"type":"Feature","properties":{},"geometry":{"type":"Polygon","coordinates":[[[31.33463,30.090187],[31.334856,30.090299],[31.334709,30.090521],[31.334505,30.090419],[31.33462,30.090247],[31.334597,30.090236],[31.33463,30.090187]]]}},{"type":"Feature","properties":{},"geometry":{"type":"Polygon","coordinates":[[[31.336407,30.100937],[31.336348,30.101233],[31.336106,30.101197],[31.336164,30.100901],[31.336407,30.100937]]]}},{"type":"Feature","properties":{},"geometry":{"type":"Polygon","coordinates":[[[31.336655,30.099508],[31.336777,30.099436],[31.336802,30.099467],[31.33668,30.09954],[31.336655,30.099508]]]}},{"type":"Feature","properties":{},"geometry":{"type":"Polygon","coordinates":[[[31.338966,30.098823],[31.339007,30.098764],[31.339062,30.098792],[31.339021,30.098852],[31.338966,30.098823]]]}},{"type":"Feature","properties":{},"geometry":{"type":"Polygon","coordinates":[[[31.338984,30.102533],[31.339116,30.102583],[31.339067,30.10268],[31.338936,30.10263],[31.338984,30.102533]]]}},{"type":"Feature","properties":{},"geometry":{"type":"Polygon","coordinates":[[[31.34021,30.090697],[31.340072,30.09081],[31.340103,30.090838],[31.339923,30.090987],[31.339761,30.090839],[31.339796,30.09081],[31.33969,30.090714],[31.339776,30.090644],[31.339734,30.090606],[31.339762,30.090583],[31.339812,30.090628],[31.339849,30.090598],[31.339937,30.090678],[31.340069,30.090569],[31.34021,30.090697]]]}},{"type":"Feature","properties":{},"geometry":{"type":"Polygon","coordinates":[[[31.340745,30.102059],[31.34068,30.102201],[31.340382,30.102099],[31.340446,30.101958],[31.340745,30.102059]]]}},{"type":"Feature","properties":{},"geometry":{"type":"Polygon","coordinates":[[[31.341302,30.095352],[31.341344,30.095393],[31.341294,30.095431],[31.341252,30.09539],[31.341302,30.095352]]]}},{"type":"Feature","properties":{},"geometry":{"type":"Polygon","coordinates":[[[31.345728,30.098872],[31.345608,30.098914],[31.345584,30.098862],[31.345704,30.09882],[31.345728,30.098872]]]}},{"type":"Feature","properties":{},"geometry":{"type":"Polygon","coordinates":[[[31.352287,30.104984],[31.352346,30.105016],[31.352311,30.105064],[31.352252,30.105032],[31.352287,30.104984]]]}},{"type":"Feature","properties":{},"geometry":{"type":"Polygon","coordinates":[[[31.331163,30.109258],[31.33108,30.109336],[31.330954,30.109237],[31.331037,30.109158],[31.331163,30.109258]]]}},{"type":"Feature","properties":{},"geometry":{"type":"Polygon","coordinates":[[[31.332951,30.097207],[31.332892,30.097378],[31.332735,30.097337],[31.332788,30.097181],[31.332868,30.097202],[31.332873,30.097187],[31.332951,30.097207]]]}},{"type":"Feature","properties":{},"geometry":{"type":"Polygon","coordinates":[[[31.336331,30.095822],[31.336203,30.09591],[31.336058,30.095753],[31.336186,30.095664],[31.336331,30.095822]]]}},{"type":"Feature","properties":{},"geometry":{"type":"Polygon","coordinates":[[[31.338881,30.094383],[31.338872,30.094397],[31.338829,30.094376],[31.338922,30.094236],[31.339032,30.09429],[31.338949,30.094416],[31.338881,30.094383]]]}},{"type":"Feature","properties":{},"geometry":{"type":"Polygon","coordinates":[[[31.338962,30.100501],[31.338922,30.100732],[31.338864,30.100724],[31.338869,30.100693],[31.33884,30.100689],[31.338849,30.100638],[31.338801,30.100632],[31.338798,30.100654],[31.338731,30.100645],[31.338759,30.100476],[31.338962,30.100501]]]}},{"type":"Feature","properties":{},"geometry":{"type":"Polygon","coordinates":[[[31.345427,30.100709],[31.345339,30.100836],[31.345154,30.100739],[31.345229,30.100631],[31.345371,30.100705],[31.345384,30.100686],[31.345427,30.100709]]]}},{"type":"Feature","properties":{},"geometry":{"type":"Polygon","coordinates":[[[31.351027,30.09022],[31.351116,30.090293],[31.350999,30.090399],[31.35091,30.090326],[31.351027,30.09022]]]}},{"type":"Feature","properties":{},"geometry":{"type":"Polygon","coordinates":[[[31.351375,30.098171],[31.351431,30.098191],[31.351405,30.098245],[31.351349,30.098225],[31.351375,30.098171]]]}},{"type":"Feature","properties":{},"geometry":{"type":"Polygon","coordinates":[[[31.330528,30.101224],[31.330511,30.101206],[31.330588,30.101152],[31.330721,30.101295],[31.33057,30.1014],[31.330454,30.101276],[31.330528,30.101224]]]}},{"type":"Feature","properties":{},"geometry":{"type":"Polygon","coordinates":[[[31.330861,30.099493],[31.330899,30.099533],[31.330861,30.099559],[31.331007,30.099715],[31.33097,30.099741],[31.330787,30.099545],[31.330861,30.099493]]]}},{"type":"Feature","properties":{},"geometry":{"type":"Polygon","coordinates":[[[31.330944,30.093613],[31.330901,30.093653],[31.330844,30.093606],[31.330801,30.093646],[31.33066,30.09353],[31.330745,30.093452],[31.330944,30.093613]]]}},{"type":"Feature","properties":{},"geometry":{"type":"Polygon","coordinates":[[[31.331047,30.094127],[31.330801,30.094316],[31.330633,30.094151],[31.330878,30.093962],[31.331047,30.094127]]]}},{"type":"Feature","properties":{},"geometry":{"type":"Polygon","coordinates":[[[31.331315,30.108164],[31.331381,30.108102],[31.331581,30.108263],[31.331514,30.108325],[31.331315,30.108164]]]}},{"type":"Feature","properties":{},"geometry":{"type":"Polygon","coordinates":[[[31.332658,30.102377],[31.332566,30.102449],[31.332527,30.102412],[31.33262,30.10234],[31.332658,30.102377]]]}},{"type":"Feature","properties":{},"geometry":{"type":"Polygon","coordinates":[[[31.335607,30.100191],[31.335249,30.100155],[31.335118,30.100005],[31.335258,30.099914],[31.335311,30.099919],[31.335402,30.09986],[31.335476,30.099867],[31.335493,30.099887],[31.335573,30.099895],[31.335603,30.09993],[31.335612,30.099925],[31.335773,30.09994],[31.335822,30.099996],[31.335865,30.100001],[31.335838,30.100209],[31.335667,30.100192],[31.335693,30.099997],[31.335641,30.099936],[31.335607,30.100191]]]}},{"type":"Feature","properties":{},"geometry":{"type":"Polygon","coordinates":[[[31.336559,30.108067],[31.336436,30.108278],[31.336221,30.108339],[31.336158,30.108311],[31.33613,30.108239],[31.336167,30.108228],[31.336193,30.108184],[31.336218,30.108176],[31.336241,30.108138],[31.336302,30.10812],[31.336318,30.108164],[31.336351,30.108155],[31.336376,30.108112],[31.336327,30.108091],[31.336385,30.107991],[31.336559,30.108067]]]}},{"type":"Feature","properties":{},"geometry":{"type":"Polygon","coordinates":[[[31.338157,30.100051],[31.338148,30.100094],[31.338117,30.100089],[31.338107,30.100137],[31.338021,30.100124],[31.33804,30.100034],[31.338157,30.100051]]]}},{"type":"Feature","properties":{},"geometry":{"type":"Polygon","coordinates":[[[31.338361,30.100387],[31.338518,30.100403],[31.338484,30.100649],[31.338327,30.100633],[31.338361,30.100387]]]}},{"type":"Feature","properties":{},"geometry":{"type":"Polygon","coordinates":[[[31.340522,30.090996],[31.340384,30.091102],[31.34026,30.09098],[31.340399,30.090875],[31.340522,30.090996]]]}},{"type":"Feature","properties":{},"geometry":{"type":"Polygon","coordinates":[[[31.34238,30.097525],[31.34214,30.097546],[31.342133,30.097487],[31.342159,30.097484],[31.342154,30.097437],[31.342099,30.097442],[31.342084,30.097319],[31.342352,30.097296],[31.34238,30.097525]]]}},{"type":"Feature","properties":{},"geometry":{"type":"Polygon","coordinates":[[[31.343796,30.096734],[31.343672,30.096931],[31.343576,30.096885],[31.343683,30.096716],[31.343635,30.096693],[31.343652,30.096666],[31.343796,30.096734]]]}},{"type":"Feature","properties":{},"geometry":{"type":"Polygon","coordinates":[[[31.345801,30.109453],[31.345975,30.109413],[31.346037,30.109612],[31.345863,30.109652],[31.345801,30.109453]]]}},{"type":"Feature","properties":{},"geometry":{"type":"Polygon","coordinates":[[[31.351436,30.090111],[31.351517,30.090038],[31.351675,30.090169],[31.351593,30.090242],[31.351436,30.090111]]]}},{"type":"Feature","properties":{},"geometry":{"type":"Polygon","coordinates":[[[31.353125,30.095698],[31.353197,30.095719],[31.353159,30.095814],[31.353087,30.095792],[31.353125,30.095698]]]}},{"type":"Feature","properties":{},"geometry":{"type":"Polygon","coordinates":[[[31.353835,30.101385],[31.353953,30.101219],[31.354107,30.101301],[31.353989,30.101467],[31.353835,30.101385]]]}},{"type":"Feature","properties":{},"geometry":{"type":"Polygon","coordinates":[[[31.332381,30.109279],[31.332214,30.109381],[31.332096,30.109237],[31.332263,30.109135],[31.332381,30.109279]]]}},{"type":"Feature","properties":{},"geometry":{"type":"Polygon","coordinates":[[[31.333828,30.095155],[31.333662,30.095287],[31.333567,30.095197],[31.333733,30.095066],[31.333828,30.095155]]]}},{"type":"Feature","properties":{},"geometry":{"type":"Polygon","coordinates":[[[31.335724,30.100814],[31.335928,30.10084],[31.335878,30.101138],[31.335673,30.101113],[31.33569,30.10101],[31.335774,30.10102],[31.335781,30.100977],[31.335797,30.100979],[31.335804,30.100936],[31.335706,30.100924],[31.335724,30.100814]]]}},{"type":"Feature","properties":{},"geometry":{"type":"Polygon","coordinates":[[[31.335786,30.099703],[31.335974,30.099593],[31.335982,30.099559],[31.33601,30.099543],[31.336204,30.099792],[31.336251,30.099765],[31.336032,30.099483],[31.336154,30.099412],[31.336353,30.099668],[31.33634,30.099729],[31.336392,30.099738],[31.3364,30.099701],[31.336417,30.099691],[31.33646,30.099699],[31.336577,30.099849],[31.3365,30.099894],[31.336457,30.099886],[31.336415,30.099832],[31.336371,30.099825],[31.336362,30.099861],[31.336339,30.099875],[31.336169,30.099845],[31.33618,30.0998],[31.336116,30.099838],[31.335798,30.099784],[31.335809,30.099733],[31.335786,30.099703]]]}},{"type":"Feature","properties":{},"geometry":{"type":"Polygon","coordinates":[[[31.337192,30.09535],[31.337285,30.095276],[31.33744,30.095423],[31.337369,30.095479],[31.337341,30.095453],[31.337319,30.09547],[31.337192,30.09535]]]}},{"type":"Feature","properties":{},"geometry":{"type":"Polygon","coordinates":[[[31.338371,30.102557],[31.33847,30.102583],[31.338451,30.102638],[31.338351,30.102612],[31.338371,30.102557]]]}},{"type":"Feature","properties":{},"geometry":{"type":"Polygon","coordinates":[[[31.338437,30.091035],[31.33852,30.090922],[31.338513,30.090918],[31.338596,30.090803],[31.339046,30.091054],[31.338882,30.091278],[31.338437,30.091035]]]}},{"type":"Feature","properties":{},"geometry":{"type":"Polygon","coordinates":[[[31.342537,30.101187],[31.342548,30.101147],[31.342675,30.100969],[31.342723,30.100994],[31.342833,30.101017],[31.342937,30.101072],[31.342946,30.101126],[31.342895,30.101197],[31.342913,30.101312],[31.342901,30.101355],[31.342751,30.101372],[31.342729,30.101235],[31.342764,30.101231],[31.342755,30.101176],[31.342687,30.10114],[31.342682,30.10114],[31.34267,30.101184],[31.342626,30.101161],[31.342598,30.1012],[31.342537,30.101187]]]}},{"type":"Feature","properties":{},"geometry":{"type":"Polygon","coordinates":[[[31.346334,30.104972],[31.346477,30.104911],[31.346578,30.105088],[31.346436,30.105149],[31.346334,30.104972]]]}},{"type":"Feature","properties":{},"geometry":{"type":"Polygon","coordinates":[[[31.346503,30.103807],[31.346377,30.103582],[31.346329,30.103602],[31.346282,30.103517],[31.346473,30.103437],[31.346646,30.103748],[31.346503,30.103807]]]}},{"type":"Feature","properties":{},"geometry":{"type":"Polygon","coordinates":[[[31.347491,30.105491],[31.347338,30.105714],[31.347211,30.105649],[31.347363,30.105426],[31.347491,30.105491]]]}},{"type":"Feature","properties":{},"geometry":{"type":"Polygon","coordinates":[[[31.348038,30.100831],[31.348141,30.100682],[31.348305,30.100767],[31.348202,30.100916],[31.348038,30.100831]]]}},{"type":"Feature","properties":{},"geometry":{"type":"Polygon","coordinates":[[[31.348552,30.101334],[31.348714,30.101418],[31.348565,30.101636],[31.348402,30.101552],[31.348552,30.101334]]]}},{"type":"Feature","properties":{},"geometry":{"type":"Polygon","coordinates":[[[31.330813,30.100994],[31.330717,30.10106],[31.330554,30.100883],[31.330724,30.100766],[31.330823,30.100873],[31.330782,30.100901],[31.330816,30.100938],[31.330783,30.100961],[31.330813,30.100994]]]}},{"type":"Feature","properties":{},"geometry":{"type":"Polygon","coordinates":[[[31.331112,30.109309],[31.331226,30.109262],[31.331302,30.109401],[31.331188,30.109448],[31.331112,30.109309]]]}},{"type":"Feature","properties":{},"geometry":{"type":"Polygon","coordinates":[[[31.331711,30.106588],[31.331629,30.106555],[31.331689,30.106446],[31.331834,30.106505],[31.331768,30.106626],[31.331704,30.1066],[31.331711,30.106588]]]}},{"type":"Feature","properties":{},"geometry":{"type":"Polygon","coordinates":[[[31.332776,30.109437],[31.332915,30.109387],[31.332973,30.109507],[31.332791,30.109573],[31.332747,30.109482],[31.33279,30.109467],[31.332776,30.109437]]]}},{"type":"Feature","properties":{},"geometry":{"type":"Polygon","coordinates":[[[31.334385,30.099278],[31.334497,30.099416],[31.334414,30.099466],[31.334302,30.099328],[31.334385,30.099278]]]}},{"type":"Feature","properties":{},"geometry":{"type":"Polygon","coordinates":[[[31.337753,30.103283],[31.337714,30.103423],[31.337655,30.103411],[31.337694,30.10327],[31.337753,30.103283]]]}},{"type":"Feature","properties":{},"geometry":{"type":"Polygon","coordinates":[[[31.339716,30.091296],[31.339834,30.091453],[31.339689,30.091534],[31.339571,30.091377],[31.339716,30.091296]]]}},{"type":"Feature","properties":{},"geometry":{"type":"Polygon","coordinates":[[[31.34313,30.098662],[31.343115,30.098552],[31.343667,30.098496],[31.343682,30.098606],[31.34313,30.098662]]]}},{"type":"Feature","properties":{},"geometry":{"type":"Polygon","coordinates":[[[31.344891,30.091435],[31.344983,30.091301],[31.34515,30.091386],[31.345058,30.09152],[31.344891,30.091435]]]}},{"type":"Feature","properties":{},"geometry":{"type":"Polygon","coordinates":[[[31.348657,30.108287],[31.348881,30.108397],[31.348791,30.108535],[31.348566,30.108425],[31.348657,30.108287]]]}},{"type":"Feature","properties":{},"geometry":{"type":"Polygon","coordinates":[[[31.353802,30.102896],[31.353759,30.102953],[31.353742,30.102943],[31.353338,30.103482],[31.352894,30.103237],[31.352875,30.103262],[31.352836,30.10324],[31.352848,30.103223],[31.352765,30.103177],[31.353027,30.102827],[31.352961,30.10279],[31.353164,30.102521],[31.353341,30.10262],[31.353333,30.102631],[31.353802,30.102896]]]}},{"type":"Feature","properties":{},"geometry":{"type":"Polygon","coordinates":[[[31.354686,30.100808],[31.354805,30.100664],[31.355039,30.100808],[31.354921,30.100952],[31.354686,30.100808]]]}},{"type":"Feature","properties":{},"geometry":{"type":"Polygon","coordinates":[[[31.355993,30.107396],[31.356048,30.107429],[31.355899,30.107619],[31.355844,30.107587],[31.355993,30.107396]]]}},{"type":"Feature","properties":{},"geometry":{"type":"Polygon","coordinates":[[[31.332613,30.098296],[31.332644,30.098306],[31.332607,30.098391],[31.332576,30.098381],[31.332613,30.098296]]]}},{"type":"Feature","properties":{},"geometry":{"type":"Polygon","coordinates":[[[31.333451,30.102264],[31.333485,30.102296],[31.333438,30.102333],[31.333404,30.102301],[31.333451,30.102264]]]}},{"type":"Feature","properties":{},"geometry":{"type":"Polygon","coordinates":[[[31.334666,30.105575],[31.334558,30.105781],[31.334422,30.105728],[31.33453,30.105522],[31.334666,30.105575]]]}},{"type":"Feature","properties":{},"geometry":{"type":"Polygon","coordinates":[[[31.334819,30.107582],[31.334615,30.107505],[31.334647,30.107441],[31.334626,30.107434],[31.334691,30.107304],[31.334833,30.107357],[31.334867,30.107289],[31.334951,30.107321],[31.334819,30.107582]]]}},{"type":"Feature","properties":{},"geometry":{"type":"Polygon","coordinates":[[[31.337352,30.100226],[31.337712,30.100277],[31.337699,30.100348],[31.337735,30.100353],[31.337721,30.100432],[31.337624,30.100419],[31.33763,30.100386],[31.337532,30.100372],[31.337514,30.100469],[31.337312,30.100441],[31.337352,30.100226]]]}},{"type":"Feature","properties":{},"geometry":{"type":"Polygon","coordinates":[[[31.339447,30.09448],[31.339595,30.094552],[31.339481,30.094725],[31.339421,30.094695],[31.339439,30.094668],[31.339352,30.094625],[31.339447,30.09448]]]}},{"type":"Feature","properties":{},"geometry":{"type":"Polygon","coordinates":[[[31.339662,30.104077],[31.339744,30.103912],[31.34002,30.104015],[31.339938,30.10418],[31.339662,30.104077]]]}},{"type":"Feature","properties":{},"geometry":{"type":"Polygon","coordinates":[[[31.339775,30.095776],[31.339773,30.095827],[31.339703,30.095825],[31.339706,30.095772],[31.339663,30.09577],[31.339667,30.095671],[31.339844,30.095677],[31.33984,30.095779],[31.339775,30.095776]]]}},{"type":"Feature","properties":{},"geometry":{"type":"Polygon","coordinates":[[[31.340556,30.105012],[31.340626,30.104897],[31.34083,30.104989],[31.340761,30.105104],[31.340556,30.105012]]]}},{"type":"Feature","properties":{},"geometry":{"type":"Polygon","coordinates":[[[31.346505,30.101501],[31.346682,30.101241],[31.346814,30.101308],[31.346637,30.101568],[31.346505,30.101501]]]}},{"type":"Feature","properties":{},"geometry":{"type":"Polygon","coordinates":[[[31.348786,30.101826],[31.348958,30.101909],[31.348788,30.102172],[31.348616,30.102089],[31.348786,30.101826]]]}},{"type":"Feature","properties":{},"geometry":{"type":"Polygon","coordinates":[[[31.349286,30.10635],[31.349081,30.106252],[31.349178,30.106101],[31.349383,30.1062],[31.349286,30.10635]]]}},{"type":"Feature","properties":{},"geometry":{"type":"Polygon","coordinates":[[[31.350811,30.09226],[31.350901,30.092375],[31.350781,30.092446],[31.350704,30.092349],[31.350759,30.092316],[31.350745,30.092299],[31.350811,30.09226]]]}},{"type":"Feature","properties":{},"geometry":{"type":"Polygon","coordinates":[[[31.351127,30.090941],[31.350858,30.090744],[31.350968,30.090631],[31.350936,30.090607],[31.350977,30.090566],[31.351011,30.090591],[31.351038,30.090564],[31.351005,30.090539],[31.351033,30.09051],[31.351069,30.090536],[31.3511,30.090505],[31.351445,30.090758],[31.351177,30.091031],[31.351097,30.090972],[31.351127,30.090941]]]}},{"type":"Feature","properties":{},"geometry":{"type":"Polygon","coordinates":[[[31.351705,30.104789],[31.351741,30.104754],[31.351798,30.104797],[31.351762,30.104833],[31.351705,30.104789]]]}},{"type":"Feature","properties":{},"geometry":{"type":"Polygon","coordinates":[[[31.352231,30.09706],[31.352263,30.097001],[31.352298,30.097016],[31.352266,30.097074],[31.352231,30.09706]]]}},{"type":"Feature","properties":{},"geometry":{"type":"Polygon","coordinates":[[[31.330262,30.101759],[31.330372,30.101926],[31.330192,30.102015],[31.330082,30.101848],[31.330262,30.101759]]]}},{"type":"Feature","properties":{},"geometry":{"type":"Polygon","coordinates":[[[31.330918,30.090461],[31.331033,30.090415],[31.331052,30.090451],[31.330937,30.090497],[31.330918,30.090461]]]}},{"type":"Feature","properties":{},"geometry":{"type":"Polygon","coordinates":[[[31.331244,30.091553],[31.331172,30.091592],[31.331143,30.091553],[31.331216,30.091514],[31.331244,30.091553]]]}},{"type":"Feature","properties":{},"geometry":{"type":"Polygon","coordinates":[[[31.331658,30.101374],[31.331514,30.101454],[31.331433,30.101342],[31.331542,30.101283],[31.331521,30.101254],[31.331557,30.101235],[31.331658,30.101374]]]}},{"type":"Feature","properties":{},"geometry":{"type":"Polygon","coordinates":[[[31.333456,30.109412],[31.333353,30.109466],[31.3333,30.109391],[31.333403,30.109337],[31.333456,30.109412]]]}},{"type":"Feature","properties":{},"geometry":{"type":"Polygon","coordinates":[[[31.335108,30.092661],[31.335019,30.092627],[31.334968,30.092665],[31.334826,30.092526],[31.334837,30.092504],[31.334906,30.092452],[31.335147,30.092545],[31.335216,30.092612],[31.335142,30.092755],[31.335073,30.092729],[31.335108,30.092661]]]}},{"type":"Feature","properties":{},"geometry":{"type":"Polygon","coordinates":[[[31.337486,30.090447],[31.33757,30.090315],[31.337737,30.090394],[31.337653,30.090526],[31.337486,30.090447]]]}},{"type":"Feature","properties":{},"geometry":{"type":"Polygon","coordinates":[[[31.337597,30.096409],[31.337459,30.096494],[31.337386,30.096407],[31.337427,30.096381],[31.337388,30.096334],[31.337486,30.096273],[31.337597,30.096409]]]}},{"type":"Feature","properties":{},"geometry":{"type":"Polygon","coordinates":[[[31.338455,30.094854],[31.338545,30.094768],[31.33862,30.094827],[31.33859,30.094856],[31.338649,30.094902],[31.338589,30.094959],[31.338455,30.094854]]]}},{"type":"Feature","properties":{},"geometry":{"type":"Polygon","coordinates":[[[31.338727,30.105641],[31.338768,30.1055],[31.338812,30.10551],[31.338819,30.105484],[31.33907,30.105538],[31.339023,30.105705],[31.338727,30.105641]]]}},{"type":"Feature","properties":{},"geometry":{"type":"Polygon","coordinates":[[[31.339461,30.098984],[31.339879,30.099197],[31.339896,30.099173],[31.340027,30.09924],[31.339888,30.099443],[31.339755,30.099375],[31.339763,30.099363],[31.339481,30.099219],[31.339487,30.09921],[31.339353,30.099142],[31.339461,30.098984]]]}},{"type":"Feature","properties":{},"geometry":{"type":"Polygon","coordinates":[[[31.341704,30.10532],[31.341863,30.105257],[31.342024,30.105561],[31.341864,30.105624],[31.341704,30.10532]]]}},{"type":"Feature","properties":{},"geometry":{"type":"Polygon","coordinates":[[[31.342574,30.101784],[31.342598,30.101944],[31.342504,30.101954],[31.342506,30.101968],[31.342349,30.101985],[31.342324,30.101811],[31.342574,30.101784]]]}},{"type":"Feature","properties":{},"geometry":{"type":"Polygon","coordinates":[[[31.343553,30.109019],[31.343703,30.109073],[31.343622,30.109242],[31.343471,30.109187],[31.343553,30.109019]]]}},{"type":"Feature","properties":{},"geometry":{"type":"Polygon","coordinates":[[[31.343583,30.096451],[31.343559,30.096531],[31.343442,30.096505],[31.343467,30.096424],[31.343583,30.096451]]]}},{"type":"Feature","properties":{},"geometry":{"type":"Polygon","coordinates":[[[31.343747,30.089991],[31.343795,30.090039],[31.343634,30.090161],[31.343586,30.090112],[31.343747,30.089991]]]}},{"type":"Feature","properties":{},"geometry":{"type":"Polygon","coordinates":[[[31.345158,30.108522],[31.345099,30.10836],[31.345307,30.108303],[31.345365,30.108465],[31.345158,30.108522]]]}},{"type":"Feature","properties":{},"geometry":{"type":"Polygon","coordinates":[[[31.34666,30.095085],[31.346598,30.095131],[31.34645,30.094982],[31.346511,30.094936],[31.34666,30.095085]]]}},{"type":"Feature","properties":{},"geometry":{"type":"Polygon","coordinates":[[[31.350474,30.105991],[31.350785,30.105643],[31.350863,30.105695],[31.350552,30.106043],[31.350474,30.105991]]]}},{"type":"Feature","properties":{},"geometry":{"type":"Polygon","coordinates":[[[31.330632,30.09664],[31.330486,30.096743],[31.330606,30.096866],[31.330567,30.096893],[31.330613,30.096941],[31.330539,30.096993],[31.330419,30.096866],[31.330489,30.096816],[31.33044,30.096764],[31.330471,30.096742],[31.330326,30.096589],[31.330341,30.096579],[31.330122,30.096348],[31.330263,30.096249],[31.330632,30.09664]]]}},{"type":"Feature","properties":{},"geometry":{"type":"Polygon","coordinates":[[[31.331342,30.100022],[31.33129,30.100047],[31.331231,30.099952],[31.331283,30.099927],[31.331342,30.100022]]]}},{"type":"Feature","properties":{},"geometry":{"type":"Polygon","coordinates":[[[31.331438,30.104735],[31.331564,30.104506],[31.331802,30.104605],[31.331676,30.104833],[31.331438,30.104735]]]}},{"type":"Feature","properties":{},"geometry":{"type":"Polygon","coordinates":[[[31.332521,30.107874],[31.33243,30.10785],[31.332452,30.107788],[31.332543,30.107812],[31.332521,30.107874]]]}},{"type":"Feature","properties":{},"geometry":{"type":"Polygon","coordinates":[[[31.332641,30.099336],[31.332793,30.099455],[31.332724,30.099521],[31.332571,30.099402],[31.332641,30.099336]]]}},{"type":"Feature","properties":{},"geometry":{"type":"Polygon","coordinates":[[[31.334088,30.106973],[31.334235,30.107028],[31.334191,30.107116],[31.334218,30.107126],[31.334256,30.107052],[31.334475,30.107134],[31.334358,30.107367],[31.333965,30.107219],[31.334088,30.106973]]]}},{"type":"Feature","properties":{},"geometry":{"type":"Polygon","coordinates":[[[31.334818,30.098093],[31.334852,30.097988],[31.334986,30.098021],[31.334952,30.098126],[31.334818,30.098093]]]}},{"type":"Feature","properties":{},"geometry":{"type":"Polygon","coordinates":[[[31.337336,30.109168],[31.337413,30.109305],[31.337194,30.109397],[31.337105,30.109238],[31.337224,30.109187],[31.337237,30.10921],[31.337336,30.109168]]]}},{"type":"Feature","properties":{},"geometry":{"type":"Polygon","coordinates":[[[31.337556,30.096899],[31.337626,30.096923],[31.337607,30.096963],[31.337538,30.096939],[31.337556,30.096899]]]}},{"type":"Feature","properties":{},"geometry":{"type":"Polygon","coordinates":[[[31.337884,30.103417],[31.338103,30.102994],[31.338487,30.103142],[31.338268,30.103566],[31.337884,30.103417]]]}},{"type":"Feature","properties":{},"geometry":{"type":"Polygon","coordinates":[[[31.339281,30.091344],[31.339181,30.091461],[31.339057,30.091382],[31.339157,30.091265],[31.339281,30.091344]]]}},{"type":"Feature","properties":{},"geometry":{"type":"Polygon","coordinates":[[[31.340772,30.091972],[31.340714,30.092013],[31.34066,30.091956],[31.340612,30.09199],[31.3406,30.091977],[31.340659,30.091935],[31.340641,30.091916],[31.340576,30.091963],[31.34054,30.091925],[31.340616,30.091872],[31.3406,30.091855],[31.340637,30.091829],[31.340772,30.091972]]]}},{"type":"Feature","properties":{},"geometry":{"type":"Polygon","coordinates":[[[31.341312,30.101641],[31.341463,30.101587],[31.341594,30.101859],[31.341443,30.101913],[31.341312,30.101641]]]}},{"type":"Feature","properties":{},"geometry":{"type":"Polygon","coordinates":[[[31.341321,30.098938],[31.341216,30.099092],[31.340795,30.098879],[31.340871,30.098766],[31.340815,30.098738],[31.340849,30.098688],[31.34123,30.098881],[31.341225,30.098889],[31.341321,30.098938]]]}},{"type":"Feature","properties":{},"geometry":{"type":"Polygon","coordinates":[[[31.341585,30.101185],[31.341908,30.101489],[31.341962,30.101604],[31.341917,30.10164],[31.341942,30.101694],[31.341903,30.101725],[31.34186,30.10174],[31.341804,30.101622],[31.341768,30.101588],[31.34173,30.101508],[31.341686,30.101523],[31.34167,30.101536],[31.341727,30.101658],[31.341761,30.10169],[31.341795,30.101763],[31.34165,30.101814],[31.341583,30.101672],[31.341543,30.101633],[31.341433,30.1014],[31.341358,30.10133],[31.341352,30.101316],[31.341474,30.101273],[31.341585,30.101185]]]}},{"type":"Feature","properties":{},"geometry":{"type":"Polygon","coordinates":[[[31.341796,30.107921],[31.341831,30.107907],[31.341882,30.108001],[31.341779,30.108043],[31.341765,30.108017],[31.341725,30.108033],[31.341673,30.107937],[31.341781,30.107893],[31.341796,30.107921]]]}},{"type":"Feature","properties":{},"geometry":{"type":"Polygon","coordinates":[[[31.34582,30.094148],[31.345767,30.094169],[31.345711,30.094065],[31.345764,30.094043],[31.34582,30.094148]]]}},{"type":"Feature","properties":{},"geometry":{"type":"Polygon","coordinates":[[[31.34595,30.091488],[31.345902,30.091491],[31.34592,30.091664],[31.345707,30.09168],[31.345688,30.091498],[31.345734,30.091495],[31.345717,30.091331],[31.345933,30.091315],[31.34595,30.091488]]]}},{"type":"Feature","properties":{},"geometry":{"type":"Polygon","coordinates":[[[31.346284,30.109838],[31.346244,30.110045],[31.346137,30.11003],[31.346177,30.109822],[31.346284,30.109838]]]}},{"type":"Feature","properties":{},"geometry":{"type":"Polygon","coordinates":[[[31.346384,30.10149],[31.346553,30.101581],[31.346377,30.101825],[31.346208,30.101734],[31.346384,30.10149]]]}},{"type":"Feature","properties":{},"geometry":{"type":"Polygon","coordinates":[[[31.347311,30.100994],[31.34748,30.101072],[31.347314,30.101341],[31.347145,30.101263],[31.347311,30.100994]]]}},{"type":"Feature","properties":{},"geometry":{"type":"Polygon","coordinates":[[[31.347964,30.10993],[31.347857,30.110061],[31.347742,30.109991],[31.347738,30.109997],[31.347451,30.109823],[31.347561,30.109686],[31.347964,30.10993]]]}},{"type":"Feature","properties":{},"geometry":{"type":"Polygon","coordinates":[[[31.348748,30.100095],[31.348656,30.100239],[31.348495,30.100162],[31.348586,30.100018],[31.348748,30.100095]]]}},{"type":"Feature","properties":{},"geometry":{"type":"Polygon","coordinates":[[[31.330197,30.094533],[31.330302,30.09464],[31.330156,30.094748],[31.330119,30.09471],[31.330199,30.094651],[31.330131,30.094582],[31.330197,30.094533]]]}},{"type":"Feature","properties":{},"geometry":{"type":"Polygon","coordinates":[[[31.333704,30.092629],[31.333864,30.092524],[31.334168,30.092871],[31.334007,30.092976],[31.333704,30.092629]]]}},{"type":"Feature","properties":{},"geometry":{"type":"Polygon","coordinates":[[[31.337483,30.104872],[31.33768,30.104718],[31.337466,30.104514],[31.337516,30.104474],[31.33776,30.104425],[31.337856,30.104516],[31.33786,30.104534],[31.337838,30.104551],[31.337762,30.104567],[31.337766,30.104583],[31.337857,30.104669],[31.337811,30.104705],[31.337828,30.104769],[31.337843,30.104784],[31.337882,30.104754],[31.337971,30.104736],[31.338096,30.104855],[31.338091,30.104859],[31.338136,30.104901],[31.337971,30.105031],[31.338062,30.105118],[31.337924,30.105227],[31.337873,30.105237],[31.337861,30.105189],[31.337807,30.105231],[31.337768,30.105195],[31.33772,30.105233],[31.337686,30.105239],[31.337627,30.105183],[31.33771,30.105117],[31.337757,30.105162],[31.337774,30.105149],[31.337483,30.104872]]]}},{"type":"Feature","properties":{},"geometry":{"type":"Polygon","coordinates":[[[31.338262,30.099942],[31.338378,30.099956],[31.338337,30.100207],[31.338222,30.100193],[31.338262,30.099942]]]}},{"type":"Feature","properties":{},"geometry":{"type":"Polygon","coordinates":[[[31.341415,30.097968],[31.341273,30.098046],[31.341108,30.097821],[31.34125,30.097743],[31.341415,30.097968]]]}},{"type":"Feature","properties":{},"geometry":{"type":"Polygon","coordinates":[[[31.341638,30.107249],[31.341421,30.107335],[31.341231,30.106979],[31.341448,30.106893],[31.341638,30.107249]]]}},{"type":"Feature","properties":{},"geometry":{"type":"Polygon","coordinates":[[[31.341672,30.102011],[31.341783,30.102199],[31.341642,30.102261],[31.341531,30.102074],[31.341672,30.102011]]]}},{"type":"Feature","properties":{},"geometry":{"type":"Polygon","coordinates":[[[31.347936,30.104596],[31.348004,30.104737],[31.347966,30.104751],[31.347898,30.104609],[31.347936,30.104596]]]}},{"type":"Feature","properties":{},"geometry":{"type":"Polygon","coordinates":[[[31.348466,30.101266],[31.348327,30.101485],[31.348166,30.101408],[31.348306,30.101189],[31.348466,30.101266]]]}},{"type":"Feature","properties":{},"geometry":{"type":"Polygon","coordinates":[[[31.35152,30.107445],[31.351354,30.10764],[31.351273,30.107589],[31.351439,30.107393],[31.35152,30.107445]]]}},{"type":"Feature","properties":{},"geometry":{"type":"Polygon","coordinates":[[[31.33021,30.094389],[31.330405,30.094575],[31.330335,30.094631],[31.330139,30.094445],[31.33021,30.094389]]]}},{"type":"Feature","properties":{},"geometry":{"type":"Polygon","coordinates":[[[31.332022,30.109073],[31.331923,30.109113],[31.331828,30.108937],[31.331928,30.108897],[31.332022,30.109073]]]}},{"type":"Feature","properties":{},"geometry":{"type":"Polygon","coordinates":[[[31.332364,30.100348],[31.332211,30.100444],[31.33185,30.100012],[31.331881,30.099993],[31.33186,30.099968],[31.33198,30.099893],[31.332364,30.100348]]]}},{"type":"Feature","properties":{},"geometry":{"type":"Polygon","coordinates":[[[31.33446,30.109551],[31.334365,30.109625],[31.334162,30.109428],[31.334241,30.109367],[31.334353,30.109475],[31.334369,30.109463],[31.33446,30.109551]]]}},{"type":"Feature","properties":{},"geometry":{"type":"Polygon","coordinates":[[[31.336826,30.098044],[31.336583,30.098156],[31.33649,30.098004],[31.336646,30.097932],[31.336634,30.097912],[31.33672,30.097872],[31.336826,30.098044]]]}},{"type":"Feature","properties":{},"geometry":{"type":"Polygon","coordinates":[[[31.344915,30.097531],[31.344125,30.098604],[31.343789,30.098582],[31.343872,30.098469],[31.344055,30.098481],[31.344086,30.098439],[31.344037,30.098371],[31.34413,30.098377],[31.344179,30.098311],[31.344156,30.09828],[31.344198,30.098222],[31.344254,30.098253],[31.344339,30.098137],[31.344009,30.097955],[31.344106,30.097823],[31.344136,30.097825],[31.34409,30.097888],[31.344391,30.098054],[31.344566,30.097817],[31.344511,30.097741],[31.344549,30.097743],[31.344847,30.097583],[31.344818,30.097543],[31.344779,30.097595],[31.344348,30.097358],[31.344354,30.097292],[31.344324,30.097334],[31.344248,30.097292],[31.344351,30.097236],[31.344812,30.09749],[31.344809,30.097522],[31.344854,30.097498],[31.344915,30.097531]]]}},{"type":"Feature","properties":{},"geometry":{"type":"Polygon","coordinates":[[[31.345665,30.106592],[31.345643,30.106583],[31.345689,30.106507],[31.345873,30.106589],[31.345772,30.106758],[31.345609,30.106685],[31.345665,30.106592]]]}},{"type":"Feature","properties":{},"geometry":{"type":"Polygon","coordinates":[[[31.345918,30.100799],[31.34574,30.101067],[31.345599,30.100997],[31.345778,30.100729],[31.345918,30.100799]]]}},{"type":"Feature","properties":{},"geometry":{"type":"Polygon","coordinates":[[[31.348236,30.105012],[31.348374,30.104798],[31.348497,30.104858],[31.348359,30.105071],[31.348236,30.105012]]]}},{"type":"Feature","properties":{},"geometry":{"type":"Polygon","coordinates":[[[31.348643,30.101817],[31.348525,30.102007],[31.34819,30.101853],[31.348356,30.101584],[31.348529,30.101663],[31.34848,30.101742],[31.348643,30.101817]]]}},{"type":"Feature","properties":{},"geometry":{"type":"Polygon","coordinates":[[[31.352193,30.098177],[31.351702,30.098888],[31.351671,30.098873],[31.351076,30.099734],[31.350662,30.09952],[31.351319,30.09857],[31.351412,30.098618],[31.351522,30.098458],[31.351486,30.098439],[31.351505,30.098411],[31.351478,30.098397],[31.351778,30.097963],[31.352193,30.098177]]]}},{"type":"Feature","properties":{},"geometry":{"type":"Polygon","coordinates":[[[31.354353,30.101172],[31.354247,30.101316],[31.353956,30.101157],[31.353967,30.101142],[31.353936,30.101125],[31.35399,30.101052],[31.353968,30.10104],[31.354009,30.100984],[31.354353,30.101172]]]}},{"type":"Feature","properties":{},"geometry":{"type":"Polygon","coordinates":[[[31.330012,30.093045],[31.329981,30.092876],[31.330029,30.092869],[31.330033,30.092891],[31.330338,30.092849],[31.330363,30.092981],[31.330271,30.092994],[31.330294,30.093119],[31.330163,30.093137],[31.33016,30.093122],[31.330104,30.093129],[31.330087,30.093034],[31.330012,30.093045]]]}},{"type":"Feature","properties":{},"geometry":{"type":"Polygon","coordinates":[[[31.330026,30.096422],[31.330421,30.096784],[31.330273,30.096904],[31.329878,30.096542],[31.330026,30.096422]]]}},{"type":"Feature","properties":{},"geometry":{"type":"Polygon","coordinates":[[[31.330772,30.099924],[31.330816,30.099888],[31.330955,30.100016],[31.330912,30.100051],[31.330772,30.099924]]]}},{"type":"Feature","properties":{},"geometry":{"type":"Polygon","coordinates":[[[31.331171,30.101755],[31.330957,30.101874],[31.330813,30.101681],[31.331028,30.101561],[31.331171,30.101755]]]}},{"type":"Feature","properties":{},"geometry":{"type":"Polygon","coordinates":[[[31.331955,30.091888],[31.33205,30.092085],[31.331862,30.092153],[31.331767,30.091956],[31.331955,30.091888]]]}},{"type":"Feature","properties":{},"geometry":{"type":"Polygon","coordinates":[[[31.336513,30.105196],[31.336503,30.10522],[31.336389,30.105317],[31.336134,30.105238],[31.336156,30.105183],[31.336143,30.105172],[31.336163,30.105155],[31.336207,30.105048],[31.336268,30.104996],[31.336296,30.105005],[31.336513,30.105196]]]}},{"type":"Feature","properties":{},"geometry":{"type":"Polygon","coordinates":[[[31.337085,30.095792],[31.33721,30.095935],[31.337201,30.095941],[31.337233,30.095977],[31.337162,30.096023],[31.337139,30.095997],[31.337087,30.096032],[31.337015,30.09595],[31.337032,30.095939],[31.337011,30.095916],[31.33708,30.09587],[31.337038,30.095822],[31.337085,30.095792]]]}},{"type":"Feature","properties":{},"geometry":{"type":"Polygon","coordinates":[[[31.337683,30.096962],[31.337746,30.097039],[31.33768,30.09708],[31.337617,30.097003],[31.337683,30.096962]]]}},{"type":"Feature","properties":{},"geometry":{"type":"Polygon","coordinates":[[[31.342465,30.107599],[31.342637,30.107563],[31.342687,30.107743],[31.342514,30.107779],[31.342465,30.107599]]]}},{"type":"Feature","properties":{},"geometry":{"type":"Polygon","coordinates":[[[31.342918,30.103238],[31.343122,30.103222],[31.343128,30.103277],[31.34308,30.103281],[31.343087,30.103347],[31.34293,30.10336],[31.342918,30.103238]]]}},{"type":"Feature","properties":{},"geometry":{"type":"Polygon","coordinates":[[[31.344639,30.094325],[31.34508,30.094109],[31.345183,30.094268],[31.345173,30.094273],[31.345264,30.094411],[31.345339,30.094405],[31.345347,30.094476],[31.345157,30.094568],[31.345072,30.094438],[31.345078,30.094493],[31.345141,30.094589],[31.345043,30.094637],[31.344953,30.094499],[31.345041,30.094456],[31.344992,30.094382],[31.344912,30.094421],[31.344959,30.094493],[31.344729,30.094606],[31.344804,30.094599],[31.344813,30.094652],[31.344856,30.094718],[31.344935,30.094679],[31.344961,30.094719],[31.344836,30.09478],[31.344718,30.094599],[31.344606,30.094654],[31.344518,30.094518],[31.344664,30.094447],[31.344709,30.094515],[31.34475,30.094495],[31.344639,30.094325]]]}},{"type":"Feature","properties":{},"geometry":{"type":"Polygon","coordinates":[[[31.344823,30.105242],[31.344989,30.105474],[31.345031,30.105452],[31.345067,30.105502],[31.345148,30.105459],[31.345159,30.105474],[31.345203,30.105485],[31.345237,30.105467],[31.345367,30.105648],[31.345242,30.105715],[31.34521,30.105707],[31.345194,30.105716],[31.344994,30.105667],[31.344969,30.105631],[31.344943,30.105645],[31.344902,30.105587],[31.344855,30.105613],[31.344583,30.105546],[31.344603,30.105485],[31.344556,30.105474],[31.344516,30.105419],[31.344524,30.105394],[31.344534,30.105396],[31.344823,30.105242]]]}},{"type":"Feature","properties":{},"geometry":{"type":"Polygon","coordinates":[[[31.346899,30.096198],[31.346948,30.096161],[31.347092,30.0963],[31.347044,30.096338],[31.346899,30.096198]]]}},{"type":"Feature","properties":{},"geometry":{"type":"Polygon","coordinates":[[[31.348057,30.090049],[31.348082,30.090076],[31.34798,30.090146],[31.347955,30.090119],[31.348057,30.090049]]]}},{"type":"Feature","properties":{},"geometry":{"type":"Polygon","coordinates":[[[31.349785,30.092148],[31.349669,30.092235],[31.349599,30.092264],[31.349619,30.0923],[31.349649,30.09233],[31.349671,30.092369],[31.349468,30.092453],[31.349451,30.092437],[31.349402,30.092474],[31.349353,30.092494],[31.349261,30.092403],[31.349299,30.092375],[31.349261,30.092391],[31.34945,30.092249],[31.349611,30.092182],[31.349639,30.09216],[31.349565,30.092087],[31.349533,30.092029],[31.34945,30.092064],[31.349417,30.092003],[31.349528,30.091919],[31.3496,30.091889],[31.3497,30.091995],[31.349785,30.092148]]]}},{"type":"Feature","properties":{},"geometry":{"type":"Polygon","coordinates":[[[31.351051,30.106408],[31.351001,30.10647],[31.350625,30.106246],[31.350597,30.106281],[31.35054,30.106246],[31.350579,30.106197],[31.35055,30.106179],[31.350617,30.106095],[31.350702,30.106146],[31.350674,30.106182],[31.351051,30.106408]]]}},{"type":"Feature","properties":{},"geometry":{"type":"Polygon","coordinates":[[[31.330931,30.109261],[31.331035,30.109343],[31.330952,30.109421],[31.330849,30.109339],[31.330931,30.109261]]]}},{"type":"Feature","properties":{},"geometry":{"type":"Polygon","coordinates":[[[31.332141,30.106421],[31.332276,30.106166],[31.332544,30.106272],[31.332409,30.106528],[31.332141,30.106421]]]}},{"type":"Feature","properties":{},"geometry":{"type":"Polygon","coordinates":[[[31.333566,30.09671],[31.333819,30.09678],[31.333805,30.096817],[31.333741,30.096799],[31.333708,30.096886],[31.33352,30.096834],[31.333566,30.09671]]]}},{"type":"Feature","properties":{},"geometry":{"type":"Polygon","coordinates":[[[31.33364,30.104886],[31.333668,30.104837],[31.333757,30.104876],[31.333785,30.104828],[31.333906,30.104881],[31.33385,30.104977],[31.33364,30.104886]]]}},{"type":"Feature","properties":{},"geometry":{"type":"Polygon","coordinates":[[[31.334057,30.101054],[31.334082,30.100985],[31.334146,30.101002],[31.33412,30.101072],[31.334057,30.101054]]]}},{"type":"Feature","properties":{},"geometry":{"type":"Polygon","coordinates":[[[31.334151,30.093648],[31.334193,30.0937],[31.334132,30.093736],[31.334091,30.093685],[31.334151,30.093648]]]}},{"type":"Feature","properties":{},"geometry":{"type":"Polygon","coordinates":[[[31.334843,30.097592],[31.334837,30.097609],[31.334877,30.097619],[31.334816,30.097794],[31.334652,30.09775],[31.334719,30.097559],[31.334843,30.097592]]]}},{"type":"Feature","properties":{},"geometry":{"type":"Polygon","coordinates":[[[31.335161,30.097656],[31.335091,30.097853],[31.335003,30.097829],[31.334993,30.097857],[31.334832,30.097809],[31.334902,30.097614],[31.33502,30.097646],[31.335029,30.09762],[31.335161,30.097656]]]}},{"type":"Feature","properties":{},"geometry":{"type":"Polygon","coordinates":[[[31.336434,30.10928],[31.33634,30.109313],[31.336325,30.109281],[31.336419,30.109248],[31.336434,30.10928]]]}},{"type":"Feature","properties":{},"geometry":{"type":"Polygon","coordinates":[[[31.341556,30.102407],[31.341491,30.102508],[31.34125,30.102391],[31.341315,30.10229],[31.341556,30.102407]]]}},{"type":"Feature","properties":{},"geometry":{"type":"Polygon","coordinates":[[[31.345616,30.099109],[31.345527,30.099152],[31.345379,30.098923],[31.345468,30.09888],[31.345616,30.099109]]]}},{"type":"Feature","properties":{},"geometry":{"type":"Polygon","coordinates":[[[31.346792,30.090398],[31.346952,30.0904],[31.346949,30.090574],[31.34679,30.090573],[31.346792,30.090398]]]}},{"type":"Feature","properties":{},"geometry":{"type":"Polygon","coordinates":[[[31.33037,30.107995],[31.330283,30.108067],[31.330131,30.107929],[31.330219,30.107858],[31.33037,30.107995]]]}},{"type":"Feature","properties":{},"geometry":{"type":"Polygon","coordinates":[[[31.330565,30.096714],[31.330637,30.096646],[31.330696,30.096692],[31.330623,30.09676],[31.330565,30.096714]]]}},{"type":"Feature","properties":{},"geometry":{"type":"Polygon","coordinates":[[[31.331471,30.103387],[31.331366,30.103581],[31.331239,30.10353],[31.331343,30.103335],[31.331471,30.103387]]]}},{"type":"Feature","properties":{},"geometry":{"type":"Polygon","coordinates":[[[31.332832,30.107308],[31.333,30.107372],[31.33287,30.107624],[31.332702,30.10756],[31.332832,30.107308]]]}},{"type":"Feature","properties":{},"geometry":{"type":"Polygon","coordinates":[[[31.334685,30.105105],[31.334582,30.105299],[31.334465,30.105252],[31.334567,30.105059],[31.334685,30.105105]]]}},{"type":"Feature","properties":{},"geometry":{"type":"Polygon","coordinates":[[[31.335849,30.098938],[31.33564,30.099054],[31.335548,30.098931],[31.335601,30.098901],[31.335582,30.098875],[31.33576,30.098776],[31.335797,30.098825],[31.335774,30.098838],[31.335849,30.098938]]]}},{"type":"Feature","properties":{},"geometry":{"type":"Polygon","coordinates":[[[31.336667,30.097032],[31.336723,30.096857],[31.337019,30.096928],[31.337037,30.096871],[31.337196,30.096909],[31.337205,30.096879],[31.337281,30.096897],[31.337241,30.097023],[31.337289,30.097035],[31.337315,30.096957],[31.337481,30.096997],[31.337449,30.097098],[31.337476,30.097104],[31.337463,30.097147],[31.337424,30.097137],[31.337401,30.097208],[31.336667,30.097032]]]}},{"type":"Feature","properties":{},"geometry":{"type":"Polygon","coordinates":[[[31.340867,30.103619],[31.341099,30.103708],[31.341035,30.103832],[31.340804,30.103743],[31.340867,30.103619]]]}},{"type":"Feature","properties":{},"geometry":{"type":"Polygon","coordinates":[[[31.341941,30.099058],[31.341885,30.099065],[31.341878,30.099026],[31.341827,30.099032],[31.341819,30.098978],[31.341983,30.098958],[31.34199,30.099004],[31.342008,30.099002],[31.342015,30.099049],[31.341985,30.099053],[31.341998,30.099137],[31.341955,30.099143],[31.341941,30.099058]]]}},{"type":"Feature","properties":{},"geometry":{"type":"Polygon","coordinates":[[[31.342259,30.098504],[31.342274,30.098585],[31.342211,30.098593],[31.342196,30.098513],[31.342259,30.098504]]]}},{"type":"Feature","properties":{},"geometry":{"type":"Polygon","coordinates":[[[31.345075,30.104504],[31.344907,30.104574],[31.344741,30.104273],[31.344909,30.104203],[31.345075,30.104504]]]}},{"type":"Feature","properties":{},"geometry":{"type":"Polygon","coordinates":[[[31.330318,30.099807],[31.330306,30.099797],[31.330228,30.099866],[31.330122,30.099777],[31.330363,30.099561],[31.330421,30.09961],[31.330445,30.099589],[31.330506,30.09964],[31.330318,30.099807]]]}},{"type":"Feature","properties":{},"geometry":{"type":"Polygon","coordinates":[[[31.331708,30.102187],[31.331834,30.102101],[31.331893,30.102166],[31.331767,30.102251],[31.331708,30.102187]]]}},{"type":"Feature","properties":{},"geometry":{"type":"Polygon","coordinates":[[[31.331859,30.109358],[31.332005,30.10928],[31.332083,30.109389],[31.331937,30.109467],[31.331859,30.109358]]]}},{"type":"Feature","properties":{},"geometry":{"type":"Polygon","coordinates":[[[31.332716,30.094618],[31.332801,30.094553],[31.332839,30.094589],[31.332753,30.094654],[31.332716,30.094618]]]}},{"type":"Feature","properties":{},"geometry":{"type":"Polygon","coordinates":[[[31.332813,30.10888],[31.332839,30.108931],[31.3327,30.108985],[31.332674,30.108933],[31.332813,30.10888]]]}},{"type":"Feature","properties":{},"geometry":{"type":"Polygon","coordinates":[[[31.337875,30.094836],[31.338001,30.094738],[31.338156,30.094888],[31.33803,30.094986],[31.337875,30.094836]]]}},{"type":"Feature","properties":{},"geometry":{"type":"Polygon","coordinates":[[[31.339798,30.09059],[31.339624,30.090595],[31.339615,30.090376],[31.339789,30.090371],[31.339798,30.09059]]]}},{"type":"Feature","properties":{},"geometry":{"type":"Polygon","coordinates":[[[31.340129,30.097081],[31.340317,30.097337],[31.340172,30.097417],[31.339984,30.09716],[31.340129,30.097081]]]}},{"type":"Feature","properties":{},"geometry":{"type":"Polygon","coordinates":[[[31.340783,30.109543],[31.340705,30.109728],[31.340558,30.109681],[31.340636,30.109497],[31.340783,30.109543]]]}},{"type":"Feature","properties":{},"geometry":{"type":"Polygon","coordinates":[[[31.34085,30.095371],[31.340876,30.095413],[31.340706,30.095493],[31.34068,30.09545],[31.34085,30.095371]]]}},{"type":"Feature","properties":{},"geometry":{"type":"Polygon","coordinates":[[[31.341143,30.09176],[31.341341,30.091604],[31.34138,30.091608],[31.341145,30.091384],[31.341333,30.091236],[31.341475,30.091372],[31.341443,30.091397],[31.341463,30.091399],[31.341445,30.091527],[31.341476,30.091556],[31.341458,30.091677],[31.341413,30.091713],[31.341437,30.091736],[31.341501,30.091743],[31.341484,30.091865],[31.341521,30.0919],[31.341404,30.091991],[31.341383,30.091989],[31.341143,30.09176]]]}},{"type":"Feature","properties":{},"geometry":{"type":"Polygon","coordinates":[[[31.342386,30.092007],[31.342496,30.091783],[31.342553,30.091804],[31.342443,30.092028],[31.342386,30.092007]]]}},{"type":"Feature","properties":{},"geometry":{"type":"Polygon","coordinates":[[[31.347301,30.099951],[31.3472,30.100096],[31.347057,30.100021],[31.347158,30.099877],[31.347301,30.099951]]]}},{"type":"Feature","properties":{},"geometry":{"type":"Polygon","coordinates":[[[31.347678,30.105055],[31.347797,30.104881],[31.347842,30.104904],[31.347825,30.104875],[31.347762,30.104843],[31.347661,30.10466],[31.347819,30.104592],[31.347952,30.104833],[31.347911,30.104894],[31.347955,30.104917],[31.347814,30.105124],[31.347678,30.105055]]]}},{"type":"Feature","properties":{},"geometry":{"type":"Polygon","coordinates":[[[31.348681,30.105311],[31.348523,30.105537],[31.34819,30.105363],[31.348254,30.105271],[31.348207,30.105246],[31.348303,30.105113],[31.348681,30.105311]]]}},{"type":"Feature","properties":{},"geometry":{"type":"Polygon","coordinates":[[[31.350922,30.103629],[31.350939,30.10355],[31.351032,30.103566],[31.351015,30.103644],[31.350922,30.103629]]]}},{"type":"Feature","properties":{},"geometry":{"type":"Polygon","coordinates":[[[31.353464,30.098659],[31.353503,30.098677],[31.353455,30.098757],[31.353415,30.098738],[31.353464,30.098659]]]}},{"type":"Feature","properties":{},"geometry":{"type":"Polygon","coordinates":[[[31.330654,30.092326],[31.330699,30.092309],[31.330719,30.092346],[31.33078,30.092322],[31.330871,30.092495],[31.33075,30.092543],[31.330686,30.092422],[31.330701,30.092416],[31.330654,30.092326]]]}},{"type":"Feature","properties":{},"geometry":{"type":"Polygon","coordinates":[[[31.331771,30.105942],[31.331955,30.106011],[31.331833,30.106254],[31.331648,30.106184],[31.331771,30.105942]]]}},{"type":"Feature","properties":{},"geometry":{"type":"Polygon","coordinates":[[[31.332206,30.108065],[31.332284,30.108068],[31.332279,30.108166],[31.332201,30.108163],[31.332206,30.108065]]]}},{"type":"Feature","properties":{},"geometry":{"type":"Polygon","coordinates":[[[31.332345,30.109759],[31.332406,30.109865],[31.332238,30.109938],[31.332177,30.109832],[31.332345,30.109759]]]}},{"type":"Feature","properties":{},"geometry":{"type":"Polygon","coordinates":[[[31.333359,30.104223],[31.333573,30.104315],[31.33346,30.10451],[31.333247,30.104418],[31.333359,30.104223]]]}},{"type":"Feature","properties":{},"geometry":{"type":"Polygon","coordinates":[[[31.334338,30.095623],[31.33451,30.095791],[31.334554,30.095874],[31.334344,30.096022],[31.334299,30.09604],[31.334129,30.095868],[31.334141,30.095891],[31.334085,30.095835],[31.334073,30.095813],[31.334338,30.095623]]]}},{"type":"Feature","properties":{},"geometry":{"type":"Polygon","coordinates":[[[31.336224,30.109665],[31.336306,30.109806],[31.336177,30.109862],[31.336095,30.109722],[31.336224,30.109665]]]}},{"type":"Feature","properties":{},"geometry":{"type":"Polygon","coordinates":[[[31.336567,30.090878],[31.336681,30.090726],[31.336804,30.090794],[31.336769,30.090842],[31.336833,30.090878],[31.336755,30.090983],[31.336567,30.090878]]]}},{"type":"Feature","properties":{},"geometry":{"type":"Polygon","coordinates":[[[31.338088,30.092117],[31.337926,30.092343],[31.337853,30.092304],[31.33787,30.09228],[31.33776,30.092221],[31.337905,30.092019],[31.338088,30.092117]]]}},{"type":"Feature","properties":{},"geometry":{"type":"Polygon","coordinates":[[[31.339179,30.094081],[31.33937,30.094156],[31.339335,30.094224],[31.339343,30.094227],[31.339315,30.09428],[31.33927,30.094262],[31.339253,30.094295],[31.339099,30.094235],[31.339179,30.094081]]]}},{"type":"Feature","properties":{},"geometry":{"type":"Polygon","coordinates":[[[31.341595,30.107698],[31.341714,30.107652],[31.341802,30.107824],[31.341683,30.10787],[31.341595,30.107698]]]}},{"type":"Feature","properties":{},"geometry":{"type":"Polygon","coordinates":[[[31.343273,30.108443],[31.34306,30.108354],[31.343095,30.10829],[31.343037,30.108266],[31.343081,30.108187],[31.343353,30.108299],[31.343273,30.108443]]]}},{"type":"Feature","properties":{},"geometry":{"type":"Polygon","coordinates":[[[31.345862,30.094241],[31.345914,30.094306],[31.345818,30.094363],[31.345766,30.094298],[31.345862,30.094241]]]}},{"type":"Feature","properties":{},"geometry":{"type":"Polygon","coordinates":[[[31.349189,30.099954],[31.349356,30.100022],[31.349276,30.100168],[31.34911,30.1001],[31.349189,30.099954]]]}},{"type":"Feature","properties":{},"geometry":{"type":"Polygon","coordinates":[[[31.353107,30.106221],[31.353072,30.106259],[31.352897,30.106139],[31.352931,30.106101],[31.353107,30.106221]]]}},{"type":"Feature","properties":{},"geometry":{"type":"Polygon","coordinates":[[[31.330739,30.090551],[31.330916,30.090486],[31.331043,30.090745],[31.331016,30.090755],[31.33101,30.090743],[31.330861,30.090798],[31.330739,30.090551]]]}},{"type":"Feature","properties":{},"geometry":{"type":"Polygon","coordinates":[[[31.331055,30.095118],[31.331039,30.095103],[31.330986,30.095143],[31.331018,30.095174],[31.330959,30.095219],[31.33084,30.095102],[31.331022,30.094965],[31.331124,30.095065],[31.331055,30.095118]]]}},{"type":"Feature","properties":{},"geometry":{"type":"Polygon","coordinates":[[[31.33399,30.092127],[31.334073,30.091991],[31.33429,30.092091],[31.334263,30.092134],[31.33444,30.092216],[31.334332,30.092392],[31.334256,30.092356],[31.334307,30.092273],[31.33399,30.092127]]]}},{"type":"Feature","properties":{},"geometry":{"type":"Polygon","coordinates":[[[31.334463,30.107735],[31.334432,30.107723],[31.334456,30.107677],[31.334658,30.107753],[31.334564,30.107939],[31.334393,30.107874],[31.334463,30.107735]]]}},{"type":"Feature","properties":{},"geometry":{"type":"Polygon","coordinates":[[[31.336014,30.103458],[31.335852,30.103604],[31.33569,30.10347],[31.335852,30.103324],[31.336014,30.103458]]]}},{"type":"Feature","properties":{},"geometry":{"type":"Polygon","coordinates":[[[31.340332,30.106406],[31.340527,30.106324],[31.340669,30.106575],[31.340473,30.106657],[31.340332,30.106406]]]}},{"type":"Feature","properties":{},"geometry":{"type":"Polygon","coordinates":[[[31.343974,30.101155],[31.343932,30.101215],[31.343843,30.101169],[31.343886,30.101109],[31.343974,30.101155]]]}},{"type":"Feature","properties":{},"geometry":{"type":"Polygon","coordinates":[[[31.346938,30.091449],[31.346799,30.09156],[31.346688,30.091454],[31.346827,30.091344],[31.346938,30.091449]]]}},{"type":"Feature","properties":{},"geometry":{"type":"Polygon","coordinates":[[[31.350806,30.090596],[31.350756,30.090642],[31.35069,30.090589],[31.350739,30.090543],[31.350806,30.090596]]]}},{"type":"Feature","properties":{},"geometry":{"type":"Polygon","coordinates":[[[31.330533,30.098197],[31.330411,30.098282],[31.330364,30.098231],[31.330379,30.098221],[31.329929,30.097739],[31.329895,30.097763],[31.329845,30.097709],[31.329987,30.097611],[31.330533,30.098197]]]}},{"type":"Feature","properties":{},"geometry":{"type":"Polygon","coordinates":[[[31.331136,30.094496],[31.331176,30.094538],[31.331128,30.094573],[31.331088,30.094531],[31.331136,30.094496]]]}},{"type":"Feature","properties":{},"geometry":{"type":"Polygon","coordinates":[[[31.332009,30.108523],[31.331846,30.108521],[31.331848,30.108356],[31.332012,30.108358],[31.332009,30.108523]]]}},{"type":"Feature","properties":{},"geometry":{"type":"Polygon","coordinates":[[[31.332765,30.092769],[31.332603,30.092899],[31.332479,30.092782],[31.332527,30.092743],[31.332505,30.092722],[31.332617,30.092631],[31.332765,30.092769]]]}},{"type":"Feature","properties":{},"geometry":{"type":"Polygon","coordinates":[[[31.333395,30.107887],[31.333514,30.107622],[31.333728,30.107694],[31.333708,30.107738],[31.333792,30.107767],[31.333697,30.10798],[31.333395,30.107887]]]}},{"type":"Feature","properties":{},"geometry":{"type":"Polygon","coordinates":[[[31.335201,30.106401],[31.335309,30.106176],[31.335479,30.106237],[31.335372,30.106462],[31.335201,30.106401]]]}},{"type":"Feature","properties":{},"geometry":{"type":"Polygon","coordinates":[[[31.338914,30.106961],[31.338747,30.106972],[31.338716,30.106593],[31.338883,30.106583],[31.338914,30.106961]]]}},{"type":"Feature","properties":{},"geometry":{"type":"Polygon","coordinates":[[[31.33915,30.094758],[31.339441,30.094933],[31.339448,30.094942],[31.339474,30.094927],[31.33962,30.095017],[31.339693,30.095109],[31.339558,30.095189],[31.339513,30.095161],[31.339356,30.094971],[31.339328,30.095005],[31.339303,30.09502],[31.339267,30.094998],[31.339222,30.094941],[31.339143,30.094987],[31.339054,30.094875],[31.33915,30.094758]]]}},{"type":"Feature","properties":{},"geometry":{"type":"Polygon","coordinates":[[[31.339434,30.104236],[31.339368,30.104373],[31.339051,30.104258],[31.339116,30.104122],[31.339434,30.104236]]]}},{"type":"Feature","properties":{},"geometry":{"type":"Polygon","coordinates":[[[31.340514,30.099171],[31.340479,30.099152],[31.340484,30.099114],[31.340519,30.099117],[31.340893,30.09932],[31.340884,30.099389],[31.340861,30.099421],[31.340771,30.099373],[31.340766,30.099413],[31.340808,30.099435],[31.340735,30.099536],[31.340663,30.099498],[31.340648,30.099519],[31.340589,30.099514],[31.340573,30.099638],[31.340524,30.099633],[31.340585,30.099666],[31.3405,30.099785],[31.340414,30.099739],[31.340436,30.099568],[31.340444,30.099556],[31.340455,30.099467],[31.340482,30.099429],[31.340514,30.099171]]]}},{"type":"Feature","properties":{},"geometry":{"type":"Polygon","coordinates":[[[31.34084,30.100186],[31.340894,30.10027],[31.34085,30.100329],[31.340655,30.100424],[31.340628,30.100384],[31.340596,30.100399],[31.340565,30.100352],[31.340742,30.100266],[31.340749,30.100256],[31.340561,30.100152],[31.34053,30.100167],[31.340513,30.100141],[31.340484,30.100156],[31.340454,30.10011],[31.340533,30.100003],[31.340634,30.100059],[31.340647,30.100079],[31.34084,30.100186]]]}},{"type":"Feature","properties":{},"geometry":{"type":"Polygon","coordinates":[[[31.341041,30.104811],[31.341113,30.10469],[31.341323,30.104784],[31.341251,30.104905],[31.341041,30.104811]]]}},{"type":"Feature","properties":{},"geometry":{"type":"Polygon","coordinates":[[[31.341163,30.104134],[31.341184,30.104087],[31.34115,30.104076],[31.341199,30.103964],[31.341429,30.10404],[31.34136,30.104198],[31.341163,30.104134]]]}},{"type":"Feature","properties":{},"geometry":{"type":"Polygon","coordinates":[[[31.34178,30.104927],[31.341845,30.105075],[31.341655,30.105134],[31.341606,30.105022],[31.341662,30.105003],[31.341648,30.104971],[31.34178,30.104927]]]}},{"type":"Feature","properties":{},"geometry":{"type":"Polygon","coordinates":[[[31.342631,30.091668],[31.34266,30.091634],[31.342706,30.091664],[31.342676,30.091698],[31.342631,30.091668]]]}},{"type":"Feature","properties":{},"geometry":{"type":"Polygon","coordinates":[[[31.344114,30.104572],[31.344218,30.104533],[31.344356,30.104807],[31.344046,30.104924],[31.344025,30.104884],[31.343987,30.104622],[31.343976,30.104599],[31.343928,30.104272],[31.344181,30.104177],[31.34422,30.104255],[31.344225,30.104285],[31.344075,30.104341],[31.344103,30.104532],[31.344114,30.104572]]]}},{"type":"Feature","properties":{},"geometry":{"type":"Polygon","coordinates":[[[31.344352,30.090991],[31.344315,30.091063],[31.344112,30.090985],[31.344168,30.090876],[31.344295,30.090924],[31.344275,30.090962],[31.344352,30.090991]]]}},{"type":"Feature","properties":{},"geometry":{"type":"Polygon","coordinates":[[[31.34702,30.101857],[31.347194,30.101938],[31.347049,30.102169],[31.346876,30.102088],[31.34702,30.101857]]]}},{"type":"Feature","properties":{},"geometry":{"type":"Polygon","coordinates":[[[31.347103,30.091363],[31.347154,30.09127],[31.347141,30.091265],[31.347199,30.091157],[31.347352,30.09122],[31.347243,30.09142],[31.347103,30.091363]]]}},{"type":"Feature","properties":{},"geometry":{"type":"Polygon","coordinates":[[[31.348631,30.101156],[31.34873,30.101019],[31.348893,30.101107],[31.348794,30.101244],[31.348631,30.101156]]]}},{"type":"Feature","properties":{},"geometry":{"type":"Polygon","coordinates":[[[31.34894,30.104921],[31.349092,30.104663],[31.349222,30.104721],[31.34907,30.104978],[31.34894,30.104921]]]}},{"type":"Feature","properties":{},"geometry":{"type":"Polygon","coordinates":[[[31.349258,30.097286],[31.349378,30.097133],[31.349499,30.097204],[31.349379,30.097357],[31.349258,30.097286]]]}},{"type":"Feature","properties":{},"geometry":{"type":"Polygon","coordinates":[[[31.350486,30.097578],[31.350387,30.097729],[31.350172,30.097623],[31.350052,30.097805],[31.349937,30.097749],[31.350031,30.097605],[31.350076,30.097627],[31.350107,30.097579],[31.350078,30.097565],[31.350172,30.097423],[31.350486,30.097578]]]}},{"type":"Feature","properties":{},"geometry":{"type":"Polygon","coordinates":[[[31.330476,30.105539],[31.330597,30.10559],[31.330557,30.105661],[31.330436,30.105609],[31.330476,30.105539]]]}},{"type":"Feature","properties":{},"geometry":{"type":"Polygon","coordinates":[[[31.331247,30.09651],[31.331055,30.096639],[31.330973,30.096548],[31.331016,30.096519],[31.330834,30.096317],[31.330874,30.09629],[31.330803,30.09621],[31.330741,30.096252],[31.330559,30.09605],[31.330729,30.095935],[31.331247,30.09651]]]}},{"type":"Feature","properties":{},"geometry":{"type":"Polygon","coordinates":[[[31.334478,30.090176],[31.33452,30.090101],[31.334488,30.090087],[31.334534,30.090006],[31.334616,30.09004],[31.334527,30.090197],[31.334478,30.090176]]]}},{"type":"Feature","properties":{},"geometry":{"type":"Polygon","coordinates":[[[31.334579,30.103648],[31.33453,30.103717],[31.334334,30.103612],[31.334384,30.103543],[31.334579,30.103648]]]}},{"type":"Feature","properties":{},"geometry":{"type":"Polygon","coordinates":[[[31.335861,30.098125],[31.335933,30.098139],[31.335921,30.098183],[31.335804,30.098159],[31.335831,30.098063],[31.335875,30.098072],[31.335861,30.098125]]]}},{"type":"Feature","properties":{},"geometry":{"type":"Polygon","coordinates":[[[31.337743,30.094949],[31.337815,30.095017],[31.337674,30.09513],[31.337602,30.095063],[31.337743,30.094949]]]}},{"type":"Feature","properties":{},"geometry":{"type":"Polygon","coordinates":[[[31.342261,30.1055],[31.342399,30.105434],[31.342505,30.105599],[31.342476,30.105613],[31.34251,30.105666],[31.342401,30.105718],[31.342261,30.1055]]]}},{"type":"Feature","properties":{},"geometry":{"type":"Polygon","coordinates":[[[31.331155,30.099726],[31.330882,30.09946],[31.330956,30.099404],[31.331351,30.09979],[31.331201,30.099904],[31.331079,30.099785],[31.331155,30.099726]]]}},{"type":"Feature","properties":{},"geometry":{"type":"Polygon","coordinates":[[[31.331421,30.108058],[31.331505,30.107985],[31.331717,30.108166],[31.331701,30.108179],[31.331744,30.108216],[31.331675,30.108276],[31.331421,30.108058]]]}},{"type":"Feature","properties":{},"geometry":{"type":"Polygon","coordinates":[[[31.332902,30.092273],[31.332813,30.092167],[31.33297,30.09207],[31.333058,30.092177],[31.332902,30.092273]]]}},{"type":"Feature","properties":{},"geometry":{"type":"Polygon","coordinates":[[[31.333302,30.101125],[31.33352,30.101334],[31.33339,30.101435],[31.333172,30.101226],[31.333302,30.101125]]]}},{"type":"Feature","properties":{},"geometry":{"type":"Polygon","coordinates":[[[31.333516,30.095927],[31.333563,30.095975],[31.333481,30.096035],[31.333431,30.095983],[31.333397,30.096009],[31.333312,30.095922],[31.333565,30.095737],[31.333653,30.095826],[31.333516,30.095927]]]}},{"type":"Feature","properties":{},"geometry":{"type":"Polygon","coordinates":[[[31.33367,30.108981],[31.333762,30.108951],[31.33383,30.10911],[31.333738,30.10914],[31.33367,30.108981]]]}},{"type":"Feature","properties":{},"geometry":{"type":"Polygon","coordinates":[[[31.333672,30.0954],[31.333635,30.095429],[31.33366,30.095453],[31.33351,30.09557],[31.333485,30.095545],[31.333461,30.095564],[31.333316,30.095424],[31.333351,30.095396],[31.333306,30.095352],[31.333444,30.095245],[31.333464,30.095264],[31.333501,30.095235],[31.333672,30.0954]]]}},{"type":"Feature","properties":{},"geometry":{"type":"Polygon","coordinates":[[[31.334239,30.10954],[31.334321,30.109666],[31.334198,30.109726],[31.33406,30.109514],[31.334106,30.109492],[31.334162,30.109578],[31.334239,30.10954]]]}},{"type":"Feature","properties":{},"geometry":{"type":"Polygon","coordinates":[[[31.335102,30.097099],[31.335118,30.097026],[31.33517,30.097034],[31.335154,30.097107],[31.335102,30.097099]]]}},{"type":"Feature","properties":{},"geometry":{"type":"Polygon","coordinates":[[[31.335503,30.096079],[31.335699,30.09591],[31.335841,30.096033],[31.335593,30.096247],[31.335487,30.096156],[31.33554,30.096111],[31.335503,30.096079]]]}},{"type":"Feature","properties":{},"geometry":{"type":"Polygon","coordinates":[[[31.336699,30.106479],[31.33674,30.106393],[31.337008,30.106488],[31.336967,30.106574],[31.336699,30.106479]]]}},{"type":"Feature","properties":{},"geometry":{"type":"Polygon","coordinates":[[[31.337196,30.109163],[31.337046,30.109229],[31.336904,30.108986],[31.337054,30.10892],[31.337196,30.109163]]]}},{"type":"Feature","properties":{},"geometry":{"type":"Polygon","coordinates":[[[31.338905,30.109218],[31.338999,30.109044],[31.339144,30.109103],[31.339051,30.109277],[31.338905,30.109218]]]}},{"type":"Feature","properties":{},"geometry":{"type":"Polygon","coordinates":[[[31.339165,30.095796],[31.339204,30.095777],[31.339234,30.095824],[31.339195,30.095842],[31.339165,30.095796]]]}},{"type":"Feature","properties":{},"geometry":{"type":"Polygon","coordinates":[[[31.340189,30.096996],[31.340328,30.096945],[31.34048,30.097256],[31.340341,30.097307],[31.340189,30.096996]]]}},{"type":"Feature","properties":{},"geometry":{"type":"Polygon","coordinates":[[[31.341628,30.104862],[31.341544,30.105003],[31.341445,30.104958],[31.341528,30.104818],[31.341628,30.104862]]]}},{"type":"Feature","properties":{},"geometry":{"type":"Polygon","coordinates":[[[31.344794,30.091734],[31.344775,30.091728],[31.344831,30.0916],[31.344947,30.091638],[31.344874,30.091807],[31.344776,30.091775],[31.344794,30.091734]]]}},{"type":"Feature","properties":{},"geometry":{"type":"Polygon","coordinates":[[[31.348327,30.109278],[31.348242,30.109405],[31.347902,30.109234],[31.347986,30.109107],[31.348327,30.109278]]]}},{"type":"Feature","properties":{},"geometry":{"type":"Polygon","coordinates":[[[31.349086,30.097072],[31.349062,30.097113],[31.349013,30.097092],[31.349038,30.09705],[31.349086,30.097072]]]}},{"type":"Feature","properties":{},"geometry":{"type":"Polygon","coordinates":[[[31.331485,30.092046],[31.33159,30.092258],[31.331481,30.092298],[31.331376,30.092087],[31.331485,30.092046]]]}},{"type":"Feature","properties":{},"geometry":{"type":"Polygon","coordinates":[[[31.3326,30.095306],[31.332762,30.095518],[31.332668,30.095572],[31.332505,30.09536],[31.3326,30.095306]]]}},{"type":"Feature","properties":{},"geometry":{"type":"Polygon","coordinates":[[[31.332752,30.095266],[31.332817,30.095214],[31.332958,30.095345],[31.332893,30.095397],[31.332752,30.095266]]]}},{"type":"Feature","properties":{},"geometry":{"type":"Polygon","coordinates":[[[31.332814,30.10913],[31.332801,30.109136],[31.332718,30.108984],[31.332904,30.108908],[31.333059,30.10919],[31.332886,30.109261],[31.332814,30.10913]]]}},{"type":"Feature","properties":{},"geometry":{"type":"Polygon","coordinates":[[[31.333633,30.092993],[31.33353,30.093071],[31.333364,30.092907],[31.333467,30.092829],[31.333633,30.092993]]]}},{"type":"Feature","properties":{},"geometry":{"type":"Polygon","coordinates":[[[31.338482,30.090279],[31.338311,30.090511],[31.338145,30.090419],[31.338317,30.090187],[31.338482,30.090279]]]}},{"type":"Feature","properties":{},"geometry":{"type":"Polygon","coordinates":[[[31.339554,30.104731],[31.339489,30.104848],[31.339222,30.104736],[31.339288,30.104619],[31.339554,30.104731]]]}},{"type":"Feature","properties":{},"geometry":{"type":"Polygon","coordinates":[[[31.34116,30.092261],[31.341217,30.092222],[31.341242,30.092248],[31.341296,30.092211],[31.341427,30.092352],[31.341367,30.092394],[31.341393,30.092422],[31.341342,30.092457],[31.34116,30.092261]]]}},{"type":"Feature","properties":{},"geometry":{"type":"Polygon","coordinates":[[[31.341362,30.101555],[31.341095,30.101624],[31.341058,30.101515],[31.34108,30.101509],[31.341036,30.101383],[31.341158,30.101351],[31.34113,30.10127],[31.341193,30.101254],[31.341216,30.101323],[31.341277,30.101308],[31.341362,30.101555]]]}},{"type":"Feature","properties":{},"geometry":{"type":"Polygon","coordinates":[[[31.346687,30.095856],[31.34661,30.095917],[31.34647,30.095785],[31.346547,30.095724],[31.346687,30.095856]]]}},{"type":"Feature","properties":{},"geometry":{"type":"Polygon","coordinates":[[[31.346788,30.096198],[31.34684,30.096227],[31.346798,30.096285],[31.346746,30.096257],[31.346788,30.096198]]]}},{"type":"Feature","properties":{},"geometry":{"type":"Polygon","coordinates":[[[31.347198,30.100356],[31.347284,30.100207],[31.347443,30.100276],[31.347357,30.100424],[31.347198,30.100356]]]}},{"type":"Feature","properties":{},"geometry":{"type":"Polygon","coordinates":[[[31.347319,30.104104],[31.347463,30.104046],[31.347564,30.104236],[31.347486,30.104267],[31.347493,30.10428],[31.347427,30.104307],[31.347319,30.104104]]]}},{"type":"Feature","properties":{},"geometry":{"type":"Polygon","coordinates":[[[31.349548,30.090257],[31.349683,30.090134],[31.349596,30.090062],[31.349712,30.089956],[31.349769,30.090002],[31.349821,30.089955],[31.350034,30.090129],[31.34992,30.090233],[31.349941,30.090251],[31.349884,30.090303],[31.34983,30.090259],[31.349697,30.09038],[31.349548,30.090257]]]}},{"type":"Feature","properties":{},"geometry":{"type":"Polygon","coordinates":[[[31.352158,30.09727],[31.352073,30.097305],[31.352038,30.097242],[31.352123,30.097207],[31.352158,30.09727]]]}},{"type":"Feature","properties":{},"geometry":{"type":"Polygon","coordinates":[[[31.354806,30.106026],[31.354755,30.10614],[31.354603,30.106089],[31.354655,30.105975],[31.354806,30.106026]]]}},{"type":"Feature","properties":{},"geometry":{"type":"Polygon","coordinates":[[[31.330428,30.090696],[31.33057,30.090648],[31.330615,30.090746],[31.330642,30.090737],[31.330698,30.090859],[31.330529,30.090917],[31.330428,30.090696]]]}},{"type":"Feature","properties":{},"geometry":{"type":"Polygon","coordinates":[[[31.330617,30.108335],[31.330703,30.108264],[31.33085,30.108398],[31.330764,30.108469],[31.330617,30.108335]]]}},{"type":"Feature","properties":{},"geometry":{"type":"Polygon","coordinates":[[[31.331053,30.098037],[31.331153,30.097966],[31.331299,30.098119],[31.331252,30.098152],[31.331287,30.098188],[31.331234,30.098226],[31.331053,30.098037]]]}},{"type":"Feature","properties":{},"geometry":{"type":"Polygon","coordinates":[[[31.331056,30.108373],[31.331285,30.108559],[31.3311,30.10873],[31.330871,30.108544],[31.331056,30.108373]]]}},{"type":"Feature","properties":{},"geometry":{"type":"Polygon","coordinates":[[[31.332605,30.099626],[31.332498,30.099712],[31.33245,30.099667],[31.332408,30.0997],[31.33234,30.099636],[31.332489,30.099517],[31.332605,30.099626]]]}},{"type":"Feature","properties":{},"geometry":{"type":"Polygon","coordinates":[[[31.332731,30.091013],[31.332926,30.090733],[31.332868,30.090704],[31.332909,30.090646],[31.33302,30.090704],[31.33298,30.090762],[31.333079,30.090813],[31.333035,30.090876],[31.333083,30.090901],[31.333018,30.090994],[31.332957,30.090962],[31.332854,30.091111],[31.332828,30.091097],[31.332845,30.091072],[31.332731,30.091013]]]}},{"type":"Feature","properties":{},"geometry":{"type":"Polygon","coordinates":[[[31.332828,30.095763],[31.332916,30.095592],[31.333022,30.095632],[31.332997,30.095681],[31.333075,30.095711],[31.333012,30.095834],[31.332828,30.095763]]]}},{"type":"Feature","properties":{},"geometry":{"type":"Polygon","coordinates":[[[31.333202,30.091658],[31.333305,30.091535],[31.333511,30.091664],[31.333482,30.091699],[31.33347,30.091692],[31.333357,30.091827],[31.333288,30.091784],[31.333328,30.091737],[31.333202,30.091658]]]}},{"type":"Feature","properties":{},"geometry":{"type":"Polygon","coordinates":[[[31.333795,30.093099],[31.333831,30.093068],[31.333695,30.092948],[31.333769,30.092884],[31.333945,30.093038],[31.333839,30.093128],[31.33387,30.093156],[31.333809,30.093208],[31.333657,30.093075],[31.333713,30.093027],[31.333795,30.093099]]]}},{"type":"Feature","properties":{},"geometry":{"type":"Polygon","coordinates":[[[31.333955,30.092112],[31.334059,30.092195],[31.334081,30.092224],[31.334013,30.09229],[31.333869,30.09218],[31.333922,30.092251],[31.333973,30.092289],[31.334004,30.092331],[31.333983,30.092351],[31.333942,30.092374],[31.333862,30.092452],[31.333818,30.092419],[31.333764,30.092347],[31.333726,30.092368],[31.333667,30.09229],[31.333874,30.092171],[31.333908,30.092139],[31.333955,30.092112]]]}},{"type":"Feature","properties":{},"geometry":{"type":"Polygon","coordinates":[[[31.334148,30.105362],[31.334298,30.105413],[31.334197,30.105637],[31.334046,30.105586],[31.334148,30.105362]]]}},{"type":"Feature","properties":{},"geometry":{"type":"Polygon","coordinates":[[[31.334928,30.091663],[31.334838,30.0918],[31.334601,30.091683],[31.334691,30.091546],[31.334928,30.091663]]]}},{"type":"Feature","properties":{},"geometry":{"type":"Polygon","coordinates":[[[31.336778,30.106198],[31.336835,30.1061],[31.33688,30.10612],[31.336823,30.106218],[31.336778,30.106198]]]}},{"type":"Feature","properties":{},"geometry":{"type":"Polygon","coordinates":[[[31.338807,30.106281],[31.338854,30.106275],[31.338864,30.106338],[31.338817,30.106343],[31.338807,30.106281]]]}},{"type":"Feature","properties":{},"geometry":{"type":"Polygon","coordinates":[[[31.339246,30.097641],[31.339377,30.097572],[31.339405,30.097612],[31.339421,30.097604],[31.339557,30.0978],[31.33941,30.097877],[31.339246,30.097641]]]}},{"type":"Feature","properties":{},"geometry":{"type":"Polygon","coordinates":[[[31.340899,30.099931],[31.340867,30.099918],[31.340844,30.09996],[31.340728,30.099912],[31.340816,30.099751],[31.340965,30.099812],[31.340899,30.099931]]]}},{"type":"Feature","properties":{},"geometry":{"type":"Polygon","coordinates":[[[31.34175,30.105678],[31.341794,30.10566],[31.341816,30.105701],[31.341971,30.10564],[31.342105,30.105892],[31.341906,30.105971],[31.34175,30.105678]]]}},{"type":"Feature","properties":{},"geometry":{"type":"Polygon","coordinates":[[[31.346005,30.102716],[31.346171,30.102486],[31.346346,30.10258],[31.34618,30.102811],[31.346005,30.102716]]]}},{"type":"Feature","properties":{},"geometry":{"type":"Polygon","coordinates":[[[31.347404,30.104379],[31.347221,30.104451],[31.347112,30.104243],[31.34721,30.104205],[31.347201,30.104188],[31.347286,30.104154],[31.347404,30.104379]]]}},{"type":"Feature","properties":{},"geometry":{"type":"Polygon","coordinates":[[[31.347752,30.102615],[31.34792,30.10237],[31.348446,30.102642],[31.348277,30.102887],[31.347752,30.102615]]]}},{"type":"Feature","properties":{},"geometry":{"type":"Polygon","coordinates":[[[31.35026,30.107163],[31.350731,30.107465],[31.35072,30.10749],[31.350587,30.107646],[31.350567,30.107639],[31.350423,30.107819],[31.350382,30.107806],[31.350317,30.107764],[31.350352,30.107683],[31.350327,30.107674],[31.350285,30.107724],[31.34985,30.107445],[31.349863,30.107415],[31.349829,30.107393],[31.349732,30.107505],[31.349673,30.107467],[31.349966,30.107125],[31.35003,30.107148],[31.350037,30.107132],[31.349977,30.107112],[31.350082,30.106991],[31.350156,30.107015],[31.350132,30.10707],[31.350293,30.107174],[31.35026,30.107163]]]}},{"type":"Feature","properties":{},"geometry":{"type":"Polygon","coordinates":[[[31.350724,30.090101],[31.350904,30.089932],[31.351021,30.090026],[31.350841,30.090195],[31.350724,30.090101]]]}},{"type":"Feature","properties":{},"geometry":{"type":"Polygon","coordinates":[[[31.350923,30.103342],[31.350862,30.10339],[31.3508,30.103331],[31.350861,30.103283],[31.350923,30.103342]]]}},{"type":"Feature","properties":{},"geometry":{"type":"Polygon","coordinates":[[[31.350938,30.097938],[31.350866,30.098024],[31.350827,30.097999],[31.350899,30.097914],[31.350938,30.097938]]]}},{"type":"Feature","properties":{},"geometry":{"type":"Polygon","coordinates":[[[31.330218,30.100066],[31.330166,30.100013],[31.330263,30.099942],[31.330397,30.100079],[31.330375,30.100095],[31.330385,30.100106],[31.330349,30.100132],[31.330257,30.100038],[31.330218,30.100066]]]}},{"type":"Feature","properties":{},"geometry":{"type":"Polygon","coordinates":[[[31.333661,30.100021],[31.333765,30.100161],[31.333612,30.100246],[31.333509,30.100105],[31.333661,30.100021]]]}},{"type":"Feature","properties":{},"geometry":{"type":"Polygon","coordinates":[[[31.335361,30.105403],[31.335507,30.105459],[31.335405,30.105659],[31.335259,30.105603],[31.335361,30.105403]]]}},{"type":"Feature","properties":{},"geometry":{"type":"Polygon","coordinates":[[[31.335796,30.108047],[31.335941,30.107792],[31.336094,30.107857],[31.335949,30.108112],[31.335796,30.108047]]]}},{"type":"Feature","properties":{},"geometry":{"type":"Polygon","coordinates":[[[31.336463,30.109585],[31.336522,30.109708],[31.336343,30.109772],[31.336139,30.109346],[31.336318,30.109282],[31.336463,30.109585]]]}},{"type":"Feature","properties":{},"geometry":{"type":"Polygon","coordinates":[[[31.337478,30.104548],[31.337561,30.104629],[31.337497,30.104678],[31.337515,30.104696],[31.337259,30.104889],[31.337164,30.104795],[31.337219,30.104755],[31.337278,30.104813],[31.337307,30.104791],[31.337242,30.104726],[31.337478,30.104548]]]}},{"type":"Feature","properties":{},"geometry":{"type":"Polygon","coordinates":[[[31.337649,30.108656],[31.337678,30.108703],[31.337524,30.108773],[31.337496,30.108725],[31.337649,30.108656]]]}},{"type":"Feature","properties":{},"geometry":{"type":"Polygon","coordinates":[[[31.340838,30.093933],[31.341037,30.094047],[31.340923,30.094197],[31.340724,30.094083],[31.340838,30.093933]]]}},{"type":"Feature","properties":{},"geometry":{"type":"Polygon","coordinates":[[[31.341823,30.096514],[31.341971,30.096712],[31.341806,30.096804],[31.341658,30.096606],[31.341823,30.096514]]]}},{"type":"Feature","properties":{},"geometry":{"type":"Polygon","coordinates":[[[31.345583,30.09105],[31.345521,30.09118],[31.345359,30.091122],[31.345421,30.090992],[31.345583,30.09105]]]}},{"type":"Feature","properties":{},"geometry":{"type":"Polygon","coordinates":[[[31.345906,30.10514],[31.346056,30.105074],[31.346148,30.105231],[31.345998,30.105297],[31.345906,30.10514]]]}},{"type":"Feature","properties":{},"geometry":{"type":"Polygon","coordinates":[[[31.346325,30.105584],[31.346152,30.105659],[31.346033,30.105452],[31.346206,30.105378],[31.346325,30.105584]]]}},{"type":"Feature","properties":{},"geometry":{"type":"Polygon","coordinates":[[[31.355905,30.101302],[31.356149,30.101413],[31.356051,30.101573],[31.355808,30.101462],[31.355905,30.101302]]]}},{"type":"Feature","properties":{},"geometry":{"type":"Polygon","coordinates":[[[31.331468,30.090788],[31.331538,30.090766],[31.331556,30.090808],[31.3316,30.090795],[31.331661,30.09094],[31.331472,30.090999],[31.331424,30.090883],[31.331498,30.09086],[31.331468,30.090788]]]}},{"type":"Feature","properties":{},"geometry":{"type":"Polygon","coordinates":[[[31.3325,30.099853],[31.332616,30.099887],[31.332517,30.100141],[31.332401,30.100108],[31.3325,30.099853]]]}},{"type":"Feature","properties":{},"geometry":{"type":"Polygon","coordinates":[[[31.332629,30.097988],[31.332625,30.097998],[31.332719,30.098025],[31.332665,30.098165],[31.332554,30.098133],[31.332557,30.098127],[31.332469,30.098101],[31.332524,30.097958],[31.332629,30.097988]]]}},{"type":"Feature","properties":{},"geometry":{"type":"Polygon","coordinates":[[[31.335233,30.097233],[31.335219,30.097272],[31.335159,30.097256],[31.335173,30.097217],[31.335233,30.097233]]]}},{"type":"Feature","properties":{},"geometry":{"type":"Polygon","coordinates":[[[31.335343,30.092342],[31.33529,30.092315],[31.33526,30.092358],[31.335169,30.092311],[31.335205,30.09226],[31.335178,30.092246],[31.335302,30.092069],[31.335472,30.092158],[31.335343,30.092342]]]}},{"type":"Feature","properties":{},"geometry":{"type":"Polygon","coordinates":[[[31.33563,30.093624],[31.335525,30.093716],[31.335347,30.093564],[31.335481,30.093447],[31.335604,30.093553],[31.335576,30.093577],[31.33563,30.093624]]]}},{"type":"Feature","properties":{},"geometry":{"type":"Polygon","coordinates":[[[31.33678,30.102972],[31.336861,30.103004],[31.336746,30.103224],[31.336665,30.103192],[31.33678,30.102972]]]}},{"type":"Feature","properties":{},"geometry":{"type":"Polygon","coordinates":[[[31.34087,30.090685],[31.340817,30.090752],[31.340762,30.09072],[31.340816,30.090653],[31.34087,30.090685]]]}},{"type":"Feature","properties":{},"geometry":{"type":"Polygon","coordinates":[[[31.34109,30.092328],[31.341261,30.092421],[31.3412,30.092505],[31.341258,30.092536],[31.341152,30.092682],[31.341,30.0926],[31.341013,30.092582],[31.340957,30.092552],[31.340982,30.092518],[31.34096,30.092506],[31.34109,30.092328]]]}},{"type":"Feature","properties":{},"geometry":{"type":"Polygon","coordinates":[[[31.342892,30.090214],[31.342971,30.090289],[31.342767,30.09045],[31.342577,30.090269],[31.342889,30.090024],[31.342999,30.09013],[31.342892,30.090214]]]}},{"type":"Feature","properties":{},"geometry":{"type":"Polygon","coordinates":[[[31.344021,30.106811],[31.344031,30.106885],[31.344017,30.106863],[31.344028,30.106947],[31.344064,30.106962],[31.344017,30.106986],[31.343993,30.106952],[31.343876,30.106964],[31.343857,30.106997],[31.343895,30.107013],[31.343702,30.107033],[31.34369,30.106945],[31.343695,30.106938],[31.343613,30.106817],[31.343653,30.106797],[31.343677,30.106795],[31.343728,30.106768],[31.34376,30.106765],[31.343801,30.106782],[31.343855,30.106755],[31.343883,30.106752],[31.344021,30.106811]]]}},{"type":"Feature","properties":{},"geometry":{"type":"Polygon","coordinates":[[[31.344046,30.108964],[31.344001,30.108814],[31.344146,30.108781],[31.344196,30.108946],[31.344095,30.108969],[31.344091,30.108953],[31.344046,30.108964]]]}},{"type":"Feature","properties":{},"geometry":{"type":"Polygon","coordinates":[[[31.347831,30.10514],[31.347972,30.104927],[31.348092,30.104986],[31.347951,30.105199],[31.347831,30.10514]]]}},{"type":"Feature","properties":{},"geometry":{"type":"Polygon","coordinates":[[[31.352553,30.106183],[31.352629,30.106088],[31.352681,30.106119],[31.352606,30.106214],[31.352553,30.106183]]]}},{"type":"Feature","properties":{},"geometry":{"type":"Polygon","coordinates":[[[31.330926,30.092421],[31.330806,30.092324],[31.330875,30.092259],[31.330996,30.092357],[31.330926,30.092421]]]}},{"type":"Feature","properties":{},"geometry":{"type":"Polygon","coordinates":[[[31.331772,30.094768],[31.331883,30.094689],[31.332218,30.095038],[31.332107,30.095117],[31.331772,30.094768]]]}},{"type":"Feature","properties":{},"geometry":{"type":"Polygon","coordinates":[[[31.332116,30.09833],[31.332236,30.098476],[31.332279,30.098449],[31.332315,30.098493],[31.332206,30.09856],[31.332234,30.098595],[31.332146,30.098649],[31.332087,30.098576],[31.332107,30.098564],[31.331983,30.098412],[31.332116,30.09833]]]}},{"type":"Feature","properties":{},"geometry":{"type":"Polygon","coordinates":[[[31.333907,30.091934],[31.333719,30.09208],[31.333666,30.092028],[31.333736,30.091974],[31.33368,30.09192],[31.333658,30.091936],[31.333608,30.091887],[31.333628,30.091872],[31.333472,30.091721],[31.333591,30.091628],[31.333907,30.091934]]]}},{"type":"Feature","properties":{},"geometry":{"type":"Polygon","coordinates":[[[31.334561,30.098771],[31.334596,30.09867],[31.334623,30.098677],[31.334649,30.098599],[31.334751,30.098625],[31.334739,30.098661],[31.334798,30.098676],[31.334771,30.098757],[31.334797,30.098764],[31.334776,30.098826],[31.334561,30.098771]]]}},{"type":"Feature","properties":{},"geometry":{"type":"Polygon","coordinates":[[[31.334972,30.090005],[31.334889,30.090148],[31.334707,30.090069],[31.334791,30.089926],[31.334972,30.090005]]]}},{"type":"Feature","properties":{},"geometry":{"type":"Polygon","coordinates":[[[31.335444,30.099186],[31.335314,30.099019],[31.33546,30.098934],[31.33559,30.099101],[31.335444,30.099186]]]}},{"type":"Feature","properties":{},"geometry":{"type":"Polygon","coordinates":[[[31.337765,30.094917],[31.337872,30.094838],[31.33804,30.095011],[31.337933,30.095089],[31.337765,30.094917]]]}},{"type":"Feature","properties":{},"geometry":{"type":"Polygon","coordinates":[[[31.338134,30.095572],[31.338181,30.095533],[31.338158,30.095512],[31.33823,30.095453],[31.338335,30.095549],[31.338215,30.095646],[31.338134,30.095572]]]}},{"type":"Feature","properties":{},"geometry":{"type":"Polygon","coordinates":[[[31.338742,30.099928],[31.33881,30.099758],[31.338929,30.099794],[31.338861,30.099964],[31.338742,30.099928]]]}},{"type":"Feature","properties":{},"geometry":{"type":"Polygon","coordinates":[[[31.338957,30.106543],[31.33901,30.106538],[31.339008,30.106519],[31.339181,30.106505],[31.339226,30.106937],[31.339,30.106955],[31.338957,30.106543]]]}},{"type":"Feature","properties":{},"geometry":{"type":"Polygon","coordinates":[[[31.339208,30.095107],[31.339344,30.095262],[31.339232,30.095336],[31.339096,30.095181],[31.339208,30.095107]]]}},{"type":"Feature","properties":{},"geometry":{"type":"Polygon","coordinates":[[[31.343728,30.09345],[31.34389,30.0935],[31.343848,30.093602],[31.343686,30.093552],[31.343728,30.09345]]]}},{"type":"Feature","properties":{},"geometry":{"type":"Polygon","coordinates":[[[31.345693,30.101412],[31.345517,30.101322],[31.345512,30.101328],[31.345288,30.101213],[31.345454,30.100972],[31.345854,30.101178],[31.345693,30.101412]]]}},{"type":"Feature","properties":{},"geometry":{"type":"Polygon","coordinates":[[[31.347372,30.090931],[31.347302,30.09114],[31.347088,30.091087],[31.347103,30.091043],[31.347029,30.091024],[31.347062,30.090923],[31.347202,30.090957],[31.347223,30.090894],[31.347372,30.090931]]]}},{"type":"Feature","properties":{},"geometry":{"type":"Polygon","coordinates":[[[31.347515,30.098949],[31.347349,30.098926],[31.347385,30.098736],[31.347551,30.09876],[31.347515,30.098949]]]}},{"type":"Feature","properties":{},"geometry":{"type":"Polygon","coordinates":[[[31.350705,30.101176],[31.350759,30.101202],[31.350731,30.101247],[31.350677,30.101221],[31.350705,30.101176]]]}},{"type":"Feature","properties":{},"geometry":{"type":"Polygon","coordinates":[[[31.350745,30.106969],[31.350777,30.106934],[31.350845,30.106982],[31.350813,30.107016],[31.350745,30.106969]]]}},{"type":"Feature","properties":{},"geometry":{"type":"Polygon","coordinates":[[[31.351516,30.101035],[31.35148,30.101099],[31.3514,30.101064],[31.351388,30.101086],[31.35134,30.101065],[31.351406,30.100952],[31.351466,30.100978],[31.351449,30.101007],[31.351516,30.101035]]]}},{"type":"Feature","properties":{},"geometry":{"type":"Polygon","coordinates":[[[31.353948,30.101225],[31.353834,30.101373],[31.353803,30.101355],[31.353916,30.101207],[31.353948,30.101225]]]}},{"type":"Feature","properties":{},"geometry":{"type":"Polygon","coordinates":[[[31.35535,30.101732],[31.355246,30.101891],[31.355083,30.101815],[31.355184,30.101654],[31.35535,30.101732]]]}},{"type":"Feature","properties":{},"geometry":{"type":"Polygon","coordinates":[[[31.330483,30.108983],[31.330343,30.109095],[31.330253,30.10901],[31.330392,30.108899],[31.330483,30.108983]]]}},{"type":"Feature","properties":{},"geometry":{"type":"Polygon","coordinates":[[[31.331568,30.107399],[31.331494,30.107468],[31.331331,30.107337],[31.331404,30.107268],[31.331568,30.107399]]]}},{"type":"Feature","properties":{},"geometry":{"type":"Polygon","coordinates":[[[31.331707,30.104837],[31.331817,30.104622],[31.332043,30.104708],[31.331933,30.104924],[31.331707,30.104837]]]}},{"type":"Feature","properties":{},"geometry":{"type":"Polygon","coordinates":[[[31.333205,30.093053],[31.333352,30.093188],[31.333226,30.093291],[31.333079,30.093156],[31.333205,30.093053]]]}},{"type":"Feature","properties":{},"geometry":{"type":"Polygon","coordinates":[[[31.33402,30.091322],[31.333844,30.091568],[31.333859,30.091576],[31.3338,30.091658],[31.333582,30.091541],[31.333676,30.091408],[31.333754,30.09145],[31.333894,30.091255],[31.33402,30.091322]]]}},{"type":"Feature","properties":{},"geometry":{"type":"Polygon","coordinates":[[[31.334183,30.093064],[31.33436,30.092961],[31.334549,30.093204],[31.334555,30.093201],[31.334592,30.093249],[31.334562,30.093267],[31.334597,30.093311],[31.334444,30.0934],[31.334183,30.093064]]]}},{"type":"Feature","properties":{},"geometry":{"type":"Polygon","coordinates":[[[31.334262,30.108096],[31.334466,30.108183],[31.334522,30.108193],[31.334617,30.108234],[31.334598,30.108266],[31.334482,30.108308],[31.334464,30.108339],[31.334502,30.108345],[31.334594,30.108312],[31.334618,30.108361],[31.334592,30.108406],[31.334581,30.108456],[31.334552,30.108466],[31.334531,30.108503],[31.334362,30.108563],[31.334341,30.10856],[31.334267,30.108407],[31.33425,30.1084],[31.334213,30.108322],[31.334262,30.108096]]]}},{"type":"Feature","properties":{},"geometry":{"type":"Polygon","coordinates":[[[31.336427,30.100391],[31.336551,30.100412],[31.33652,30.100551],[31.336396,30.10053],[31.336427,30.100391]]]}},{"type":"Feature","properties":{},"geometry":{"type":"Polygon","coordinates":[[[31.338401,30.098611],[31.338468,30.098504],[31.338528,30.098532],[31.338589,30.098434],[31.338708,30.09849],[31.33858,30.098694],[31.338401,30.098611]]]}},{"type":"Feature","properties":{},"geometry":{"type":"Polygon","coordinates":[[[31.343902,30.092587],[31.343947,30.092494],[31.344323,30.09263],[31.344278,30.092724],[31.343902,30.092587]]]}},{"type":"Feature","properties":{},"geometry":{"type":"Polygon","coordinates":[[[31.34483,30.104583],[31.344653,30.104662],[31.34451,30.104419],[31.344686,30.104341],[31.34483,30.104583]]]}},{"type":"Feature","properties":{},"geometry":{"type":"Polygon","coordinates":[[[31.346529,30.103454],[31.346681,30.103381],[31.346845,30.103638],[31.346694,30.10371],[31.346529,30.103454]]]}},{"type":"Feature","properties":{},"geometry":{"type":"Polygon","coordinates":[[[31.352152,30.110053],[31.352108,30.110109],[31.35212,30.110116],[31.352018,30.110244],[31.35176,30.110091],[31.35173,30.110128],[31.351696,30.110108],[31.351731,30.110064],[31.351381,30.109856],[31.351522,30.109679],[31.352152,30.110053]]]}},{"type":"Feature","properties":{},"geometry":{"type":"Polygon","coordinates":[[[31.355074,30.108458],[31.354938,30.108358],[31.355009,30.108285],[31.355146,30.108386],[31.355074,30.108458]]]}},{"type":"Feature","properties":{},"geometry":{"type":"Polygon","coordinates":[[[31.329962,30.101553],[31.329895,30.101481],[31.32991,30.10147],[31.329878,30.101436],[31.330012,30.101341],[31.330246,30.101589],[31.330106,30.101688],[31.329996,30.101571],[31.330081,30.101511],[31.330057,30.101486],[31.329962,30.101553]]]}},{"type":"Feature","properties":{},"geometry":{"type":"Polygon","coordinates":[[[31.330861,30.104469],[31.330971,30.104255],[31.33115,30.104324],[31.33104,30.104538],[31.330861,30.104469]]]}},{"type":"Feature","properties":{},"geometry":{"type":"Polygon","coordinates":[[[31.332576,30.094742],[31.332701,30.094645],[31.332948,30.094886],[31.332823,30.094983],[31.332576,30.094742]]]}},{"type":"Feature","properties":{},"geometry":{"type":"Polygon","coordinates":[[[31.332697,30.109906],[31.33255,30.109963],[31.332498,30.109862],[31.332565,30.109836],[31.332555,30.109817],[31.332698,30.109762],[31.332746,30.109854],[31.332683,30.109879],[31.332697,30.109906]]]}},{"type":"Feature","properties":{},"geometry":{"type":"Polygon","coordinates":[[[31.334004,30.094925],[31.333991,30.094936],[31.334037,30.094978],[31.333949,30.095052],[31.333911,30.095018],[31.33396,30.094977],[31.333927,30.094948],[31.33398,30.094903],[31.334004,30.094925]]]}},{"type":"Feature","properties":{},"geometry":{"type":"Polygon","coordinates":[[[31.33521,30.108914],[31.33538,30.108846],[31.335507,30.109082],[31.335337,30.10915],[31.33521,30.108914]]]}},{"type":"Feature","properties":{},"geometry":{"type":"Polygon","coordinates":[[[31.336096,30.098519],[31.336238,30.098445],[31.336357,30.098616],[31.336215,30.09869],[31.336096,30.098519]]]}},{"type":"Feature","properties":{},"geometry":{"type":"Polygon","coordinates":[[[31.336168,30.103413],[31.336373,30.103596],[31.33611,30.103816],[31.335905,30.103633],[31.336168,30.103413]]]}},{"type":"Feature","properties":{},"geometry":{"type":"Polygon","coordinates":[[[31.337187,30.09492],[31.337297,30.095013],[31.337061,30.09522],[31.336952,30.095127],[31.337187,30.09492]]]}},{"type":"Feature","properties":{},"geometry":{"type":"Polygon","coordinates":[[[31.337607,30.109018],[31.33768,30.109153],[31.337452,30.109246],[31.337378,30.109112],[31.337607,30.109018]]]}},{"type":"Feature","properties":{},"geometry":{"type":"Polygon","coordinates":[[[31.33765,30.102918],[31.337623,30.10297],[31.337496,30.102921],[31.337523,30.102869],[31.33765,30.102918]]]}},{"type":"Feature","properties":{},"geometry":{"type":"Polygon","coordinates":[[[31.338449,30.09683],[31.338539,30.096778],[31.338548,30.096788],[31.338788,30.09665],[31.338743,30.096592],[31.338833,30.09654],[31.33898,30.09673],[31.338678,30.096904],[31.338683,30.096911],[31.338564,30.096979],[31.338449,30.09683]]]}},{"type":"Feature","properties":{},"geometry":{"type":"Polygon","coordinates":[[[31.339491,30.108242],[31.339604,30.108008],[31.339642,30.108022],[31.339529,30.108256],[31.339491,30.108242]]]}},{"type":"Feature","properties":{},"geometry":{"type":"Polygon","coordinates":[[[31.341394,30.103166],[31.341324,30.103298],[31.341116,30.103215],[31.341186,30.103083],[31.341394,30.103166]]]}},{"type":"Feature","properties":{},"geometry":{"type":"Polygon","coordinates":[[[31.341602,30.103393],[31.341648,30.103293],[31.341609,30.10328],[31.341631,30.103231],[31.341605,30.103223],[31.341615,30.103201],[31.3419,30.103299],[31.341822,30.103469],[31.341602,30.103393]]]}}]}