{"type":"FeatureCollection","features":[{"type":"Feature","properties":{},"geometry":{"type":"Polygon","coordinates":[[[31.325573,30.105405],[31.324798,30.105903],[31.324886,30.105851],[31.324434,30.106214],[31.324323,30.106297],[31.324262,30.106247],[31.324142,30.106324],[31.325263,30.107235],[31.325616,30.107235],[31.325509,30.107144],[31.325916,30.106771],[31.326492,30.107235],[31.326587,30.107235],[31.326587,30.107188],[31.326437,30.107067],[31.326528,30.106984],[31.326587,30.107033],[31.326587,30.10697],[31.326564,30.106952],[31.326587,30.106931],[31.326587,30.1068],[31.32636,30.107006],[31.325988,30.106706],[31.326118,30.106586],[31.326587,30.106141],[31.326587,30.106004],[31.326556,30.106033],[31.325893,30.105516],[31.325957,30.105489],[31.326383,30.105237],[31.326587,30.105406],[31.326587,30.105281],[31.32647,30.105185],[31.326587,30.105114],[31.326587,30.104808],[31.325573,30.105405]],[[31.324727,30.106484],[31.324637,30.106408],[31.324617,30.106384],[31.324605,30.106358],[31.324601,30.10633],[31.324602,30.106325],[31.324725,30.106226],[31.324724,30.106435],[31.324727,30.106484]],[[31.324816,30.10656],[31.324805,30.106359],[31.324813,30.106154],[31.325187,30.105856],[31.326008,30.106556],[31.325435,30.10708],[31.324937,30.106662],[31.324816,30.10656]],[[31.326486,30.1061],[31.326078,30.10649],[31.325268,30.105798],[31.325698,30.105513],[31.325748,30.105524],[31.326486,30.1061]]]}},{"type":"Feature","properties":{},"geometry":{"type":"MultiPolygon","coordinates":[[[[31.326587,30.108311],[31.326587,30.108077],[31.326466,30.107964],[31.325616,30.107235],[31.325263,30.107235],[31.326587,30.108311]]],[[[31.326587,30.107311],[31.326587,30.107235],[31.326492,30.107235],[31.326587,30.107311]]]]}},{"type":"Feature","properties":{},"geometry":{"type":"MultiPolygon","coordinates":[[[[31.330132,30.10267],[31.328603,30.103617],[31.3289,30.103617],[31.329007,30.103551],[31.328992,30.103606],[31.328991,30.103617],[31.329203,30.103617],[31.329213,30.103583],[31.329235,30.103546],[31.329724,30.103248],[31.330402,30.103552],[31.330366,30.103589],[31.330346,30.103617],[31.330475,30.103617],[31.330497,30.103595],[31.330548,30.103617],[31.33074,30.103617],[31.33074,30.103602],[31.33058,30.10353],[31.33074,30.103433],[31.33074,30.103321],[31.330552,30.103434],[31.330479,30.103485],[31.329822,30.10319],[31.330414,30.102835],[31.330497,30.102859],[31.330562,30.102883],[31.33074,30.102961],[31.33074,30.10286],[31.330608,30.102802],[31.330523,30.102771],[31.33074,30.102641],[31.33074,30.102306],[31.330132,30.10267]]],[[[31.329572,30.103592],[31.329523,30.103591],[31.329491,30.103597],[31.329458,30.103611],[31.329452,30.103617],[31.329638,30.103617],[31.329572,30.103592]]]]}},{"type":"Feature","properties":{},"geometry":{"type":"MultiPolygon","coordinates":[[[[31.328509,30.103676],[31.326587,30.104808],[31.326587,30.105114],[31.328007,30.104255],[31.328096,30.104226],[31.328188,30.104251],[31.328322,30.104306],[31.32837,30.104322],[31.328426,30.104332],[31.328446,30.10466],[31.328297,30.104689],[31.328113,30.104752],[31.327935,30.104841],[31.327779,30.104951],[31.326961,30.105591],[31.326587,30.105281],[31.326587,30.105406],[31.3269,30.105665],[31.326867,30.105741],[31.326587,30.106004],[31.326587,30.106141],[31.326944,30.105801],[31.327022,30.105766],[31.327389,30.106072],[31.326587,30.1068],[31.326587,30.106931],[31.327464,30.106134],[31.327816,30.106426],[31.326967,30.107235],[31.327108,30.107235],[31.327891,30.106489],[31.328281,30.106815],[31.327822,30.107235],[31.328048,30.107235],[31.328227,30.107068],[31.328431,30.107235],[31.328583,30.107235],[31.328298,30.107002],[31.328395,30.10691],[31.328784,30.107235],[31.328934,30.107235],[31.327106,30.105711],[31.327897,30.105055],[31.328029,30.104956],[31.328176,30.104881],[31.328337,30.104831],[31.328507,30.104808],[31.328584,30.104807],[31.328755,30.104826],[31.328916,30.104872],[31.329065,30.104943],[31.329198,30.10504],[31.329914,30.105609],[31.328862,30.105665],[31.328832,30.105673],[31.328813,30.105684],[31.328798,30.105701],[31.328788,30.105722],[31.328787,30.105745],[31.328849,30.107024],[31.328859,30.107041],[31.328873,30.107045],[31.328885,30.107043],[31.328897,30.107035],[31.3289,30.107022],[31.328839,30.105744],[31.328843,30.105724],[31.328857,30.105712],[31.328868,30.10571],[31.329967,30.105652],[31.330098,30.105756],[31.32997,30.10587],[31.329957,30.105893],[31.329952,30.105917],[31.329955,30.105948],[31.330143,30.106173],[31.330159,30.106179],[31.330176,30.106175],[31.330186,30.106162],[31.330184,30.106147],[31.330005,30.105933],[31.330003,30.105922],[31.330013,30.105895],[31.330136,30.105786],[31.33074,30.106276],[31.33074,30.106151],[31.330344,30.105829],[31.330351,30.10579],[31.330376,30.105757],[31.330396,30.105744],[31.33074,30.105893],[31.33074,30.105792],[31.330207,30.105562],[31.329981,30.105438],[31.329777,30.105288],[31.329351,30.104922],[31.32919,30.104802],[31.329002,30.104713],[31.328797,30.10466],[31.328633,30.104648],[31.328614,30.104319],[31.328675,30.1043],[31.328764,30.104252],[31.328835,30.104188],[31.328865,30.104164],[31.328897,30.104145],[31.328941,30.104128],[31.329033,30.10413],[31.33074,30.104894],[31.33074,30.104691],[31.329107,30.10396],[31.32865,30.103772],[31.328718,30.10373],[31.329115,30.103956],[31.33074,30.104691],[31.33074,30.104418],[31.330133,30.104151],[31.330392,30.103725],[31.33045,30.103642],[31.330475,30.103617],[31.330346,30.103617],[31.330301,30.103681],[31.330041,30.10411],[31.329411,30.103816],[31.32939,30.10381],[31.329476,30.103661],[31.329488,30.103649],[31.329508,30.10364],[31.329556,30.103636],[31.329842,30.103744],[31.329859,30.103742],[31.329871,30.103731],[31.329872,30.103716],[31.329862,30.103703],[31.329638,30.103617],[31.329452,30.103617],[31.329435,30.103634],[31.329337,30.103801],[31.329283,30.103804],[31.329247,30.103812],[31.329233,30.1038],[31.329207,30.103748],[31.329195,30.103693],[31.329197,30.103637],[31.329203,30.103617],[31.328991,30.103617],[31.328987,30.103653],[31.328986,30.103669],[31.328898,30.103618],[31.3289,30.103617],[31.328603,30.103617],[31.328509,30.103676]],[[31.328593,30.103949],[31.328429,30.103964],[31.328292,30.103983],[31.328448,30.103892],[31.328593,30.103949]],[[31.328553,30.104249],[31.328524,30.104261],[31.328507,30.104262],[31.328484,30.104254],[31.328449,30.104261],[31.328393,30.104252],[31.328311,30.104223],[31.328226,30.104186],[31.328324,30.104162],[31.328455,30.104144],[31.32859,30.10413],[31.328723,30.104123],[31.328791,30.104125],[31.328713,30.104195],[31.328678,30.104217],[31.328638,30.104235],[31.328581,30.104252],[31.328553,30.104249]],[[31.329999,30.105554],[31.330154,30.105639],[31.330212,30.105664],[31.330206,30.105687],[31.33019,30.105696],[31.330177,30.105696],[31.330048,30.105593],[31.329999,30.105554]]],[[[31.330262,30.107235],[31.330405,30.107235],[31.33074,30.106929],[31.33074,30.106797],[31.330262,30.107235]]],[[[31.330083,30.107195],[31.330138,30.107113],[31.330178,30.107024],[31.330172,30.107008],[31.330152,30.107],[31.330131,30.10701],[31.330091,30.107095],[31.33004,30.107168],[31.329978,30.107235],[31.329977,30.107235],[31.330045,30.107235],[31.330083,30.107195]]],[[[31.33074,30.103704],[31.33074,30.103617],[31.330548,30.103617],[31.33074,30.103704]]],[[[31.326832,30.107235],[31.326907,30.107235],[31.326587,30.10697],[31.326587,30.107033],[31.326832,30.107235]]],[[[31.326587,30.107188],[31.326587,30.107235],[31.326645,30.107235],[31.326587,30.107188]]]]}},{"type":"Feature","properties":{},"geometry":{"type":"MultiPolygon","coordinates":[[[[31.328049,30.109499],[31.328647,30.109979],[31.328754,30.110072],[31.328758,30.110068],[31.328833,30.110128],[31.328828,30.110131],[31.328889,30.110181],[31.328894,30.110178],[31.328987,30.110252],[31.329733,30.110852],[31.330035,30.110852],[31.329881,30.110728],[31.33074,30.110332],[31.33074,30.11023],[31.329801,30.110663],[31.329574,30.11048],[31.329611,30.110428],[31.329641,30.110404],[31.32974,30.110317],[31.329873,30.110232],[31.329978,30.110177],[31.33074,30.109824],[31.33074,30.109655],[31.330359,30.109834],[31.330271,30.109751],[31.33074,30.109319],[31.33074,30.109187],[31.330633,30.109286],[31.330317,30.10903],[31.329323,30.108225],[31.329632,30.107942],[31.33074,30.108865],[31.33074,30.10874],[31.330667,30.10868],[31.33074,30.108614],[31.33074,30.108483],[31.330592,30.108617],[31.330186,30.108278],[31.33074,30.107772],[31.33074,30.107641],[31.330111,30.108216],[31.329704,30.107877],[31.330405,30.107235],[31.330262,30.107235],[31.330147,30.107341],[31.330032,30.107248],[31.330045,30.107235],[31.329977,30.107235],[31.329882,30.107306],[31.329773,30.10736],[31.32964,30.107401],[31.329633,30.107413],[31.329635,30.107426],[31.329645,30.107436],[31.32966,30.107439],[31.329794,30.107401],[31.329912,30.107343],[31.329996,30.107281],[31.330111,30.107373],[31.329629,30.107814],[31.328934,30.107235],[31.328784,30.107235],[31.329557,30.10788],[31.32947,30.107959],[31.328583,30.107235],[31.328431,30.107235],[31.329399,30.108024],[31.329005,30.108384],[31.327844,30.107425],[31.328048,30.107235],[31.327822,30.107235],[31.32727,30.107739],[31.326896,30.107437],[31.326998,30.10734],[31.327108,30.107235],[31.326967,30.107235],[31.326939,30.107262],[31.326907,30.107235],[31.326832,30.107235],[31.326904,30.107295],[31.32682,30.107376],[31.326645,30.107235],[31.326587,30.107235],[31.326587,30.107311],[31.327199,30.107804],[31.326753,30.108213],[31.326608,30.108096],[31.326587,30.108077],[31.326587,30.108311],[31.328049,30.109499]],[[31.327333,30.107913],[31.328496,30.10885],[31.328052,30.109255],[31.326895,30.108327],[31.327333,30.107913]],[[31.328806,30.10879],[31.328828,30.108794],[31.32886,30.108786],[31.329016,30.108648],[31.329027,30.108626],[31.329024,30.108601],[31.328969,30.108548],[31.329251,30.108291],[31.329875,30.108795],[31.32948,30.109154],[31.329262,30.108982],[31.329228,30.108976],[31.329197,30.10899],[31.329183,30.109018],[31.329194,30.109047],[31.329409,30.109219],[31.329168,30.109438],[31.329051,30.109347],[31.329023,30.109344],[31.329,30.109355],[31.328932,30.10942],[31.328924,30.109435],[31.328924,30.109449],[31.328936,30.109467],[31.329042,30.109553],[31.328752,30.109817],[31.328129,30.109317],[31.328748,30.108751],[31.328786,30.10878],[31.328806,30.10879]],[[31.330208,30.109065],[31.32909,30.110089],[31.328828,30.109878],[31.329951,30.108857],[31.330208,30.109065]],[[31.329912,30.109952],[31.329882,30.109999],[31.32987,30.110045],[31.32987,30.110063],[31.329777,30.110105],[31.329646,30.110188],[31.329583,30.11024],[31.329512,30.110308],[31.329483,30.11033],[31.32945,30.110347],[31.329422,30.110357],[31.329167,30.110151],[31.330284,30.109127],[31.330562,30.109351],[31.330163,30.109719],[31.329912,30.109952]],[[31.328784,30.108718],[31.328933,30.108581],[31.328974,30.108621],[31.328829,30.108748],[31.328784,30.108718]],[[31.327403,30.107846],[31.327774,30.107491],[31.328933,30.10845],[31.328568,30.108784],[31.327403,30.107846]],[[31.329078,30.10952],[31.32898,30.109441],[31.329033,30.109391],[31.329132,30.109471],[31.329078,30.10952]],[[31.330264,30.109879],[31.33,30.110002],[31.3302,30.109817],[31.330264,30.109879]]],[[[31.330475,30.110852],[31.330699,30.110852],[31.33074,30.110834],[31.33074,30.110732],[31.330475,30.110852]]]]}},{"type":"Feature","properties":{},"geometry":{"type":"Polygon","coordinates":[[[31.330502,30.111472],[31.330715,30.111648],[31.33074,30.111636],[31.33074,30.111422],[31.330736,30.111418],[31.33074,30.111416],[31.33074,30.111255],[31.330608,30.111311],[31.330275,30.111045],[31.330699,30.110852],[31.330475,30.110852],[31.330193,30.11098],[31.330035,30.110852],[31.329733,30.110852],[31.330502,30.111472]]]}},{"type":"Feature","properties":{},"geometry":{"type":"Polygon","coordinates":[[[31.334583,30.1],[31.334893,30.1],[31.334893,30.099814],[31.334583,30.1]]]}},{"type":"Feature","properties":{},"geometry":{"type":"MultiPolygon","coordinates":[[[[31.33074,30.102306],[31.33074,30.102641],[31.331687,30.102074],[31.331779,30.102002],[31.331828,30.101952],[31.331857,30.101913],[31.33189,30.101862],[31.331922,30.101797],[31.33279,30.101276],[31.334893,30.103131],[31.334893,30.102827],[31.334872,30.102809],[31.334893,30.102789],[31.334893,30.102659],[31.334799,30.102744],[31.333014,30.101145],[31.333661,30.100748],[31.333768,30.100868],[31.33385,30.100978],[31.333913,30.101048],[31.33388,30.101082],[31.333801,30.101148],[31.333782,30.101178],[31.333782,30.101215],[31.333795,30.101239],[31.333873,30.101299],[31.333888,30.101299],[31.333901,30.101292],[31.333907,30.101283],[31.333906,30.10127],[31.333838,30.101213],[31.333833,30.101204],[31.333833,30.101189],[31.333938,30.101093],[31.334045,30.100979],[31.334071,30.100965],[31.334103,30.100957],[31.334137,30.100956],[31.334893,30.101079],[31.334893,30.101034],[31.334138,30.100911],[31.334095,30.100912],[31.334047,30.100924],[31.334011,30.100944],[31.333945,30.101012],[31.333863,30.100915],[31.33381,30.100842],[31.333704,30.100722],[31.334119,30.100472],[31.334151,30.10047],[31.334276,30.100468],[31.334442,30.100483],[31.334564,30.100507],[31.334762,30.100558],[31.334893,30.10058],[31.334893,30.100358],[31.334822,30.100346],[31.334766,30.100324],[31.334716,30.100292],[31.334695,30.100272],[31.33466,30.100228],[31.334638,30.100179],[31.334633,30.100162],[31.334893,30.100013],[31.334893,30.1],[31.334583,30.1],[31.33074,30.102306]],[[31.334595,30.100351],[31.334627,30.10038],[31.334682,30.100417],[31.334601,30.100394],[31.334509,30.100374],[31.334418,30.100361],[31.334318,30.100352],[31.334516,30.100233],[31.334543,30.100286],[31.334595,30.100351]]],[[[31.331086,30.103113],[31.33074,30.103321],[31.33074,30.103433],[31.331192,30.103159],[31.331883,30.103464],[31.331796,30.103617],[31.331912,30.103617],[31.331976,30.103505],[31.332231,30.103617],[31.33246,30.103617],[31.33074,30.10286],[31.33074,30.102961],[31.331086,30.103113]]],[[[31.332938,30.103608],[31.332916,30.103577],[31.332914,30.103524],[31.332907,30.103496],[31.33289,30.103469],[31.332764,30.103403],[31.332749,30.103401],[31.332735,30.103407],[31.332727,30.103421],[31.33273,30.103434],[31.33274,30.103443],[31.33285,30.103499],[31.332863,30.10353],[31.332865,30.103587],[31.332883,30.103617],[31.332956,30.103617],[31.332938,30.103608]]],[[[31.33074,30.103602],[31.33074,30.103617],[31.330775,30.103617],[31.33074,30.103602]]]]}},{"type":"Feature","properties":{},"geometry":{"type":"Polygon","coordinates":[[[31.334883,30.106568],[31.333654,30.106009],[31.333477,30.105933],[31.333021,30.105718],[31.334893,30.106562],[31.334893,30.106357],[31.332552,30.105304],[31.333158,30.104784],[31.334893,30.105576],[31.334893,30.105474],[31.333236,30.104717],[31.333742,30.104285],[31.334349,30.104561],[31.334893,30.104806],[31.334893,30.104705],[31.334459,30.104509],[31.334893,30.104123],[31.334893,30.103994],[31.33486,30.104023],[31.334363,30.104466],[31.333756,30.104189],[31.33285,30.10379],[31.332928,30.103658],[31.333114,30.103755],[31.333127,30.103756],[31.333141,30.10375],[31.333149,30.10373],[31.333136,30.103714],[31.332956,30.103617],[31.332883,30.103617],[31.332889,30.103626],[31.332804,30.103769],[31.33246,30.103617],[31.332231,30.103617],[31.333019,30.103965],[31.332483,30.104383],[31.33168,30.104023],[31.331912,30.103617],[31.331796,30.103617],[31.331588,30.103982],[31.330775,30.103617],[31.33074,30.103617],[31.33074,30.103704],[31.33134,30.103972],[31.331001,30.104533],[31.33074,30.104418],[31.33074,30.104691],[31.330857,30.104743],[31.33074,30.104691],[31.33074,30.104894],[31.330877,30.104956],[31.33188,30.105389],[31.331462,30.106104],[31.33074,30.105792],[31.33074,30.105893],[31.3314,30.106178],[31.331114,30.106456],[31.33074,30.106151],[31.33074,30.106276],[31.331042,30.106521],[31.33074,30.106797],[31.33074,30.106929],[31.331117,30.106584],[31.331522,30.106927],[31.331185,30.107235],[31.331329,30.107235],[31.331597,30.10699],[31.331885,30.107235],[31.332146,30.107235],[31.331241,30.106469],[31.331452,30.106263],[31.333636,30.107235],[31.33403,30.107235],[31.331566,30.106126],[31.331972,30.10543],[31.333356,30.106082],[31.333145,30.106417],[31.333138,30.106458],[31.333149,30.106487],[31.333174,30.106511],[31.333277,30.106555],[31.333312,30.106558],[31.333348,30.106548],[31.333377,30.106523],[31.33358,30.10618],[31.334785,30.106727],[31.334785,30.10674],[31.334773,30.106768],[31.334477,30.107235],[31.334673,30.107235],[31.334893,30.106878],[31.334893,30.106573],[31.334883,30.106568]],[[31.33096,30.104789],[31.33096,30.104789],[31.330947,30.104784],[31.33096,30.104789]],[[31.332404,30.104449],[31.33187,30.104915],[31.331094,30.104574],[31.331432,30.104014],[31.332404,30.104449]],[[31.332501,30.104492],[31.333061,30.10474],[31.332522,30.105201],[31.331968,30.104958],[31.332501,30.104492]],[[31.333119,30.104009],[31.333645,30.104241],[31.333139,30.104674],[31.332582,30.104427],[31.333119,30.104009]],[[31.33336,30.106169],[31.333402,30.106102],[31.333534,30.106159],[31.33349,30.106231],[31.33336,30.106169]],[[31.333335,30.106209],[31.333466,30.106271],[31.333438,30.10632],[31.333303,30.106259],[31.333335,30.106209]],[[31.333307,30.106512],[31.333291,30.106511],[31.333205,30.106475],[31.333194,30.106464],[31.33319,30.106451],[31.333193,30.106435],[31.333278,30.106299],[31.333414,30.106361],[31.333333,30.106499],[31.333321,30.106508],[31.333307,30.106512]]]}},{"type":"Feature","properties":{},"geometry":{"type":"MultiPolygon","coordinates":[[[[31.332585,30.110622],[31.333182,30.110332],[31.334865,30.109557],[31.334893,30.109545],[31.334893,30.109384],[31.334834,30.109409],[31.334472,30.108819],[31.334893,30.108615],[31.334893,30.108511],[31.334423,30.10874],[31.334115,30.108239],[31.334075,30.108201],[31.334095,30.108177],[31.33415,30.108096],[31.334452,30.107598],[31.334893,30.107794],[31.334893,30.107621],[31.334534,30.107461],[31.334673,30.107235],[31.334477,30.107235],[31.334378,30.107391],[31.33403,30.107235],[31.333636,30.107235],[31.334295,30.107528],[31.334004,30.108031],[31.333938,30.108119],[31.332444,30.107438],[31.332376,30.107404],[31.332311,30.107366],[31.332251,30.107324],[31.332146,30.107235],[31.331885,30.107235],[31.332006,30.107338],[31.33074,30.108483],[31.33074,30.108614],[31.33208,30.107401],[31.332141,30.107453],[31.332213,30.107498],[31.332159,30.107603],[31.332099,30.107756],[31.332061,30.107905],[31.332038,30.108061],[31.332034,30.108222],[31.332047,30.108374],[31.332071,30.108495],[31.331181,30.108851],[31.331063,30.108913],[31.331,30.108957],[31.33074,30.10874],[31.33074,30.108865],[31.330923,30.109018],[31.33074,30.109187],[31.33074,30.109319],[31.331032,30.10905],[31.33112,30.108989],[31.331227,30.108932],[31.332095,30.108585],[31.332142,30.108716],[31.332183,30.108806],[31.332259,30.108939],[31.33074,30.109655],[31.33074,30.109824],[31.331127,30.109644],[31.331333,30.109956],[31.33074,30.11023],[31.33074,30.110332],[31.331384,30.110035],[31.331589,30.110346],[31.33074,30.110732],[31.33074,30.110834],[31.331638,30.110426],[31.331842,30.110788],[31.331691,30.110852],[31.332065,30.110852],[31.332585,30.110622]],[[31.331219,30.109601],[31.331728,30.109362],[31.332461,30.110515],[31.331935,30.110748],[31.331706,30.110342],[31.331219,30.109601]],[[31.332808,30.109808],[31.333058,30.110227],[31.332553,30.110472],[31.331819,30.109319],[31.332346,30.10907],[31.332565,30.10942],[31.332808,30.109808]],[[31.332632,30.109338],[31.332438,30.109027],[31.333871,30.108353],[31.333938,30.108314],[31.333961,30.108332],[31.334002,30.108379],[31.334163,30.108641],[31.332632,30.109338]],[[31.334212,30.10872],[31.334399,30.109022],[31.332875,30.109726],[31.332681,30.109417],[31.334212,30.10872]],[[31.33468,30.10948],[31.333149,30.110184],[31.332923,30.109806],[31.334448,30.109102],[31.33468,30.10948]],[[31.332254,30.107638],[31.332303,30.107545],[31.332706,30.107731],[31.332667,30.107804],[31.332621,30.107922],[31.332591,30.108044],[31.332577,30.108168],[31.332579,30.108292],[31.332597,30.108416],[31.33263,30.108537],[31.332677,30.108649],[31.332719,30.108722],[31.332351,30.108896],[31.332279,30.108771],[31.33224,30.108686],[31.332207,30.108599],[31.33218,30.108511],[31.33215,30.108365],[31.332137,30.108218],[31.332141,30.10807],[31.332162,30.107923],[31.3322,30.107779],[31.332254,30.107638]],[[31.333154,30.108456],[31.333178,30.108504],[31.33281,30.108679],[31.332774,30.108616],[31.332729,30.108508],[31.332698,30.108397],[31.332682,30.108284],[31.332681,30.10817],[31.332694,30.108056],[31.332722,30.107944],[31.332764,30.107836],[31.332798,30.107773],[31.333179,30.107949],[31.333155,30.107998],[31.333127,30.108083],[31.333111,30.108176],[31.333111,30.108271],[31.333125,30.108364],[31.333154,30.108456]],[[31.333271,30.107992],[31.333772,30.108223],[31.33327,30.108461],[31.333253,30.108428],[31.333227,30.108349],[31.333215,30.108268],[31.333215,30.108186],[31.333228,30.108104],[31.333254,30.108026],[31.333271,30.107992]]],[[[31.331329,30.107235],[31.331185,30.107235],[31.33074,30.107641],[31.33074,30.107772],[31.331329,30.107235]]],[[[31.333238,30.110422],[31.332368,30.110852],[31.332385,30.110852],[31.334041,30.110064],[31.333241,30.110421],[31.333238,30.110422]]]]}},{"type":"Feature","properties":{},"geometry":{"type":"MultiPolygon","coordinates":[[[[31.330907,30.111557],[31.33074,30.111422],[31.33074,30.111636],[31.330907,30.111557]]],[[[31.331372,30.111149],[31.33134,30.111182],[31.331196,30.111299],[31.331175,30.111333],[31.331172,30.111347],[31.331171,30.111378],[31.331188,30.111423],[31.331261,30.111388],[31.331254,30.111357],[31.331265,30.111339],[31.331425,30.111208],[31.331452,30.111175],[31.331478,30.111134],[31.331493,30.111097],[31.331963,30.110898],[31.332065,30.110852],[31.331691,30.110852],[31.331233,30.111047],[31.33074,30.111255],[31.33074,30.111416],[31.331372,30.111149]]],[[[31.331912,30.111078],[31.332385,30.110852],[31.332368,30.110852],[31.331912,30.111078]]]]}},{"type":"Feature","properties":{},"geometry":{"type":"Polygon","coordinates":[[[31.334893,30.099814],[31.334893,30.1],[31.334916,30.1],[31.335145,30.099868],[31.33527,30.099867],[31.335505,30.099878],[31.335738,30.099903],[31.336364,30.1],[31.336963,30.1],[31.336689,30.099958],[31.337361,30.099509],[31.337923,30.099184],[31.337815,30.1],[31.337919,30.1],[31.337999,30.099399],[31.339047,30.099784],[31.339047,30.099686],[31.338011,30.099305],[31.338111,30.098552],[31.339047,30.099082],[31.339047,30.098974],[31.339033,30.098966],[31.339047,30.098948],[31.339047,30.098785],[31.338946,30.098917],[31.338124,30.098451],[31.338161,30.098166],[31.338457,30.097989],[31.338479,30.097981],[31.338527,30.097974],[31.33858,30.097982],[31.338619,30.097984],[31.338855,30.098101],[31.339047,30.098199],[31.339047,30.097909],[31.338943,30.097866],[31.338931,30.09782],[31.338933,30.097764],[31.338941,30.097734],[31.338967,30.097685],[31.33901,30.097637],[31.339047,30.097616],[31.339047,30.097322],[31.334893,30.099814]],[[31.335843,30.099467],[31.335915,30.099472],[31.335985,30.099467],[31.336036,30.099457],[31.33609,30.099438],[31.33686,30.098951],[31.33726,30.099462],[31.336553,30.099937],[31.335752,30.099814],[31.335516,30.099788],[31.335302,30.099778],[31.335843,30.099467]],[[31.338733,30.097714],[31.338728,30.097732],[31.338714,30.097725],[31.338733,30.097714]],[[31.337344,30.099409],[31.336945,30.098899],[31.338048,30.098234],[31.337938,30.099067],[31.337344,30.099409]]]}},{"type":"Feature","properties":{},"geometry":{"type":"MultiPolygon","coordinates":[[[[31.336628,30.103448],[31.336719,30.103346],[31.336797,30.10323],[31.337247,30.102462],[31.337571,30.101898],[31.337593,30.101826],[31.337742,30.101056],[31.339047,30.101274],[31.339047,30.101053],[31.338979,30.101041],[31.339047,30.100749],[31.339047,30.100345],[31.3379,30.100144],[31.337919,30.1],[31.337815,30.1],[31.337798,30.100127],[31.336963,30.1],[31.336364,30.1],[31.336463,30.100015],[31.336378,30.100116],[31.336103,30.100562],[31.334893,30.100358],[31.334893,30.10058],[31.336048,30.100774],[31.335925,30.101201],[31.334893,30.101034],[31.334893,30.101079],[31.335914,30.101245],[31.335882,30.101397],[31.335888,30.101423],[31.335904,30.101446],[31.335934,30.101468],[31.335964,30.101478],[31.336102,30.101504],[31.336133,30.101504],[31.336158,30.1015],[31.336182,30.101489],[31.336206,30.101471],[31.336223,30.101448],[31.336255,30.10131],[31.336719,30.101397],[31.336748,30.101408],[31.336764,30.101429],[31.336767,30.101442],[31.336707,30.101674],[31.336707,30.101697],[31.336716,30.101719],[31.336737,30.101742],[31.336759,30.101755],[31.336785,30.101761],[31.337175,30.101833],[31.33751,30.101904],[31.337201,30.102442],[31.336751,30.103209],[31.336675,30.103322],[31.336589,30.103419],[31.336377,30.103617],[31.336448,30.103617],[31.336628,30.103448]],[[31.336126,30.10146],[31.336108,30.101459],[31.335977,30.101434],[31.335946,30.101419],[31.335934,30.101393],[31.335965,30.101254],[31.336204,30.1013],[31.33618,30.101415],[31.336175,30.10143],[31.336155,30.10145],[31.336126,30.10146]],[[31.336763,30.101699],[31.336759,30.101678],[31.336817,30.101464],[31.336819,30.10144],[31.336812,30.101412],[31.3368,30.101391],[31.336781,30.101373],[31.336756,30.10136],[31.336731,30.101353],[31.335976,30.10121],[31.336099,30.100783],[31.337691,30.101048],[31.337542,30.101817],[31.337528,30.101861],[31.337187,30.101789],[31.336781,30.101713],[31.336763,30.101699]],[[31.33653,30.100086],[31.336586,30.100034],[31.337786,30.100217],[31.337705,30.100829],[31.33621,30.10058],[31.336468,30.100161],[31.33653,30.100086]],[[31.339014,30.100431],[31.338877,30.101024],[31.337808,30.100846],[31.337888,30.100234],[31.339014,30.100431]]],[[[31.33853,30.103083],[31.338772,30.102632],[31.338798,30.10258],[31.338816,30.102526],[31.33898,30.101873],[31.338973,30.10182],[31.338947,30.10177],[31.338905,30.101731],[31.338849,30.101705],[31.337804,30.101552],[31.337753,30.101561],[31.337722,30.101579],[31.337699,30.101607],[31.337513,30.102331],[31.337495,30.102381],[31.337383,30.102564],[31.337375,30.102581],[31.337375,30.102602],[31.337386,30.102624],[31.337403,30.102639],[31.337505,30.102696],[31.337464,30.102779],[31.337467,30.102804],[31.337483,30.102824],[31.337978,30.103062],[31.337649,30.103617],[31.337707,30.103617],[31.338093,30.102968],[31.338107,30.102961],[31.338125,30.102959],[31.338145,30.102964],[31.338558,30.103145],[31.338283,30.103617],[31.338341,30.103617],[31.338604,30.103165],[31.339047,30.103353],[31.339047,30.103303],[31.33853,30.103083]],[[31.337544,30.102665],[31.337436,30.102604],[31.337427,30.102589],[31.337542,30.102401],[31.337563,30.102343],[31.337739,30.101651],[31.337745,30.101628],[31.337758,30.101612],[31.337778,30.101601],[31.3378,30.101597],[31.338836,30.101749],[31.338874,30.101768],[31.338904,30.101796],[31.338923,30.101831],[31.338928,30.101869],[31.338766,30.102513],[31.338749,30.102566],[31.338724,30.102614],[31.338484,30.103063],[31.338166,30.102923],[31.338129,30.102914],[31.33809,30.102918],[31.338055,30.102936],[31.338002,30.103022],[31.337518,30.102791],[31.337518,30.102779],[31.337555,30.102712],[31.337557,30.102694],[31.337544,30.102665]]],[[[31.33694,30.103495],[31.336926,30.10349],[31.336909,30.103493],[31.336899,30.103503],[31.336897,30.103518],[31.337003,30.103617],[31.33707,30.103617],[31.33694,30.103495]]],[[[31.335174,30.102506],[31.335156,30.10248],[31.335127,30.102471],[31.335094,30.102479],[31.334893,30.102659],[31.334893,30.102789],[31.33517,30.102537],[31.335174,30.102506]]],[[[31.334893,30.102827],[31.334893,30.103131],[31.335387,30.103566],[31.335328,30.103617],[31.335795,30.103617],[31.334893,30.102827]]],[[[31.334916,30.1],[31.334893,30.1],[31.334893,30.100013],[31.334916,30.1]]],[[[31.339013,30.103617],[31.339047,30.103617],[31.339047,30.103561],[31.339013,30.103617]]]]}},{"type":"Feature","properties":{},"geometry":{"type":"MultiPolygon","coordinates":[[[[31.336147,30.107228],[31.336156,30.107204],[31.336169,30.107193],[31.336205,30.107183],[31.33631,30.107182],[31.336361,30.107201],[31.336444,30.107235],[31.336934,30.107235],[31.336549,30.107078],[31.336577,30.107047],[31.336634,30.107019],[31.3367,30.107006],[31.336768,30.107009],[31.336832,30.107029],[31.336887,30.107062],[31.336929,30.107108],[31.336955,30.107162],[31.336962,30.107235],[31.337013,30.107235],[31.337005,30.107152],[31.336974,30.107086],[31.336923,30.10703],[31.336856,30.106989],[31.336777,30.106965],[31.336692,30.106961],[31.336614,30.106977],[31.336546,30.10701],[31.336501,30.107059],[31.336456,30.10704],[31.336447,30.10702],[31.336427,30.106992],[31.336378,30.106953],[31.336364,30.106925],[31.336368,30.106907],[31.336524,30.106633],[31.336671,30.106697],[31.336683,30.106783],[31.336704,30.106812],[31.336725,30.106823],[31.336739,30.106826],[31.336826,30.106822],[31.336855,30.106813],[31.336876,30.106792],[31.336881,30.10676],[31.336861,30.10673],[31.336547,30.106592],[31.336674,30.106364],[31.336692,30.106371],[31.336673,30.106407],[31.336678,30.106422],[31.33669,30.10643],[31.336705,30.106431],[31.336718,30.106425],[31.336751,30.10637],[31.337052,30.10651],[31.33707,30.106511],[31.337085,30.1065],[31.337087,30.106483],[31.337076,30.10647],[31.336774,30.10633],[31.336833,30.106228],[31.336832,30.106213],[31.33682,30.106201],[31.336805,30.106199],[31.33679,30.106206],[31.336716,30.106331],[31.336697,30.106323],[31.336966,30.105883],[31.337075,30.105731],[31.337138,30.105663],[31.33729,30.105526],[31.337448,30.105397],[31.337564,30.105495],[31.337688,30.105583],[31.337695,30.105597],[31.337752,30.106178],[31.337569,30.106187],[31.337604,30.106135],[31.337616,30.106104],[31.337615,30.106059],[31.337595,30.106022],[31.337523,30.105966],[31.337507,30.105961],[31.337488,30.105967],[31.33748,30.10598],[31.337483,30.105993],[31.337554,30.106051],[31.337564,30.106071],[31.337565,30.106093],[31.337556,30.106116],[31.337255,30.106572],[31.337258,30.106584],[31.33727,30.106593],[31.337285,30.106595],[31.3373,30.106588],[31.337446,30.10637],[31.337609,30.106463],[31.337628,30.106478],[31.33765,30.106514],[31.337706,30.106922],[31.337705,30.106987],[31.337696,30.107019],[31.337627,30.107154],[31.337613,30.107164],[31.337595,30.107168],[31.337574,30.107164],[31.337188,30.106992],[31.337176,30.106991],[31.337162,30.106996],[31.337153,30.107016],[31.337167,30.107034],[31.337554,30.107206],[31.337589,30.107213],[31.337638,30.107204],[31.337668,30.107183],[31.337684,30.107158],[31.337882,30.10715],[31.337895,30.107235],[31.338031,30.107235],[31.338027,30.10721],[31.338097,30.107226],[31.338159,30.107229],[31.338206,30.107222],[31.338207,30.107235],[31.338342,30.107235],[31.338336,30.107164],[31.338264,30.106578],[31.339047,30.106503],[31.339047,30.106329],[31.338244,30.106408],[31.338118,30.105584],[31.338186,30.10544],[31.338238,30.105342],[31.339047,30.103999],[31.339047,30.103617],[31.339013,30.103617],[31.338482,30.104509],[31.338346,30.104419],[31.338006,30.104196],[31.338341,30.103617],[31.338283,30.103617],[31.33795,30.104191],[31.337897,30.104265],[31.337874,30.104288],[31.337848,30.104303],[31.337819,30.104305],[31.337791,30.104297],[31.337479,30.104003],[31.337707,30.103617],[31.337649,30.103617],[31.337441,30.103967],[31.33707,30.103617],[31.337003,30.103617],[31.337761,30.104334],[31.337813,30.104351],[31.337868,30.104345],[31.337911,30.10432],[31.33794,30.10429],[31.337979,30.104235],[31.338458,30.104549],[31.338352,30.104727],[31.338337,30.104727],[31.338325,30.104735],[31.338207,30.104901],[31.338202,30.104928],[31.338213,30.104961],[31.338155,30.105057],[31.33809,30.105144],[31.338011,30.105229],[31.337928,30.105305],[31.337903,30.105303],[31.337849,30.105309],[31.337808,30.105322],[31.337754,30.10531],[31.337686,30.105285],[31.337621,30.105252],[31.337575,30.105222],[31.337536,30.105187],[31.336133,30.103914],[31.336448,30.103617],[31.336377,30.103617],[31.336097,30.103882],[31.335795,30.103617],[31.335328,30.103617],[31.334893,30.103994],[31.334893,30.104123],[31.3349,30.104117],[31.33538,30.104468],[31.33503,30.104767],[31.334893,30.104705],[31.334893,30.104806],[31.336894,30.105705],[31.336862,30.105748],[31.336565,30.106238],[31.334893,30.105474],[31.334893,30.105576],[31.336517,30.106318],[31.336166,30.10693],[31.335901,30.106811],[31.334893,30.106357],[31.334893,30.106562],[31.335813,30.106976],[31.335807,30.106985],[31.335796,30.106988],[31.335775,30.106984],[31.335643,30.106927],[31.335568,30.106912],[31.334893,30.106573],[31.334893,30.106878],[31.334918,30.106837],[31.334939,30.106817],[31.334952,30.10681],[31.335402,30.107034],[31.335764,30.107235],[31.336162,30.107235],[31.336147,30.107228]],[[31.335867,30.107036],[31.335888,30.107008],[31.336145,30.107122],[31.336117,30.107135],[31.336093,30.107157],[31.336072,30.107188],[31.335827,30.107055],[31.335854,30.107046],[31.335867,30.107036]],[[31.336953,30.10563],[31.336362,30.105365],[31.336923,30.104926],[31.337333,30.105294],[31.337062,30.105519],[31.336953,30.10563]],[[31.336468,30.104518],[31.336851,30.104862],[31.336263,30.105321],[31.33576,30.105096],[31.336468,30.104518]],[[31.335127,30.104811],[31.335979,30.104082],[31.336395,30.104453],[31.335662,30.105052],[31.335127,30.104811]],[[31.337757,30.106223],[31.337876,30.107105],[31.337708,30.107112],[31.337746,30.107033],[31.337756,30.106992],[31.33776,30.106952],[31.3377,30.106503],[31.337686,30.106471],[31.337667,30.106448],[31.337642,30.106428],[31.337472,30.106331],[31.337538,30.106233],[31.337716,30.106226],[31.337757,30.106223]],[[31.337655,30.105408],[31.33764,30.105396],[31.337695,30.105416],[31.337686,30.10543],[31.337655,30.105408]],[[31.33546,30.10363],[31.335906,30.104017],[31.335454,30.104404],[31.334974,30.104052],[31.33546,30.10363]],[[31.338075,30.105368],[31.338059,30.105356],[31.338104,30.105314],[31.338075,30.105368]],[[31.338155,30.107166],[31.338105,30.107163],[31.338056,30.107152],[31.338016,30.107133],[31.337942,30.106591],[31.338128,30.106576],[31.3382,30.107159],[31.338155,30.107166]],[[31.336268,30.106966],[31.336271,30.106972],[31.33626,30.106968],[31.336266,30.106961],[31.336268,30.106966]],[[31.337998,30.105691],[31.338121,30.106513],[31.337934,30.106528],[31.337888,30.106189],[31.337841,30.105701],[31.337881,30.105708],[31.337927,30.105708],[31.337987,30.105696],[31.337998,30.105691]],[[31.337939,30.105585],[31.337894,30.105591],[31.337851,30.105578],[31.337819,30.105551],[31.337809,30.10553],[31.337805,30.105503],[31.337811,30.105476],[31.337827,30.105452],[31.337851,30.105434],[31.337876,30.105424],[31.337905,30.105421],[31.337933,30.105425],[31.337955,30.105434],[31.337975,30.105448],[31.33799,30.105465],[31.337999,30.105485],[31.338002,30.105506],[31.337999,30.105527],[31.337989,30.105548],[31.337959,30.105576],[31.337939,30.105585]],[[31.336815,30.106778],[31.33674,30.106779],[31.336733,30.106768],[31.336727,30.106722],[31.336827,30.106766],[31.336828,30.106772],[31.336815,30.106778]]],[[[31.339037,30.105543],[31.339,30.10566],[31.33899,30.105781],[31.339047,30.106278],[31.339047,30.105526],[31.339037,30.105543]]]]}},{"type":"Feature","properties":{},"geometry":{"type":"MultiPolygon","coordinates":[[[[31.335329,30.109359],[31.335309,30.109401],[31.335307,30.109432],[31.335312,30.109458],[31.335391,30.109421],[31.335397,30.109402],[31.335407,30.10939],[31.335507,30.109315],[31.335541,30.109285],[31.335556,30.109263],[31.336426,30.108867],[31.337516,30.108333],[31.3376,30.108287],[31.337732,30.108223],[31.337757,30.108219],[31.337778,30.108224],[31.337794,30.108237],[31.337802,30.108255],[31.337799,30.108274],[31.337882,30.108234],[31.337858,30.10819],[31.337821,30.108161],[31.337774,30.108148],[31.33779,30.108122],[31.337809,30.108058],[31.338033,30.108162],[31.338244,30.108062],[31.338096,30.107984],[31.337762,30.107834],[31.337509,30.107732],[31.336874,30.107528],[31.336627,30.10744],[31.336386,30.107341],[31.336162,30.107235],[31.335764,30.107235],[31.335828,30.10727],[31.336047,30.107386],[31.336295,30.107503],[31.336545,30.107606],[31.336796,30.107696],[31.337426,30.107898],[31.33764,30.107984],[31.337643,30.107999],[31.337643,30.108038],[31.337634,30.10807],[31.337615,30.108099],[31.337587,30.108123],[31.337433,30.108208],[31.336392,30.108717],[31.336113,30.108258],[31.336054,30.108175],[31.335977,30.10811],[31.335874,30.108057],[31.334893,30.107621],[31.334893,30.107794],[31.335666,30.108136],[31.334893,30.108511],[31.334893,30.108615],[31.335776,30.108186],[31.335832,30.108212],[31.335898,30.108261],[31.335953,30.108318],[31.336232,30.108792],[31.335504,30.109124],[31.334893,30.109384],[31.334893,30.109545],[31.335329,30.109359]]],[[[31.336947,30.10744],[31.338323,30.108024],[31.338546,30.107918],[31.338478,30.107889],[31.338646,30.107844],[31.338696,30.107827],[31.338699,30.107845],[31.338777,30.107808],[31.338776,30.107799],[31.33893,30.107731],[31.339047,30.107667],[31.339047,30.107496],[31.338844,30.107607],[31.338724,30.107661],[31.338697,30.107657],[31.338616,30.107651],[31.338541,30.107651],[31.338488,30.107642],[31.338444,30.107624],[31.338407,30.107596],[31.338382,30.10756],[31.338368,30.107517],[31.338342,30.107235],[31.338207,30.107235],[31.338234,30.107532],[31.338256,30.107605],[31.33831,30.107678],[31.338366,30.107721],[31.338432,30.107749],[31.338313,30.107773],[31.338228,30.107783],[31.338006,30.107688],[31.338045,30.107634],[31.338067,30.107576],[31.338071,30.107514],[31.338031,30.107235],[31.337895,30.107235],[31.337936,30.107518],[31.337933,30.107555],[31.33792,30.107588],[31.337881,30.107635],[31.337015,30.107268],[31.337013,30.107235],[31.336962,30.107235],[31.336963,30.107247],[31.336934,30.107235],[31.336444,30.107235],[31.336947,30.10744]]]]}},{"type":"Feature","properties":{},"geometry":{"type":"MultiPolygon","coordinates":[[[[31.342634,30.09523],[31.342567,30.095288],[31.342552,30.09528],[31.342159,30.0955],[31.342163,30.095522],[31.341754,30.095731],[31.341843,30.095677],[31.341,30.09615],[31.340612,30.096383],[31.341094,30.096383],[31.341059,30.096337],[31.341506,30.096081],[31.341845,30.095895],[31.34194,30.095893],[31.342015,30.095904],[31.342079,30.095921],[31.342114,30.095939],[31.342144,30.095974],[31.342153,30.095993],[31.342205,30.096383],[31.342756,30.096383],[31.342688,30.09593],[31.342717,30.095918],[31.342782,30.095909],[31.342846,30.095919],[31.342877,30.095932],[31.343065,30.096034],[31.3432,30.096113],[31.3432,30.095592],[31.343127,30.095549],[31.343069,30.095505],[31.343022,30.095456],[31.342989,30.095401],[31.342979,30.095371],[31.342972,30.095322],[31.343028,30.095266],[31.343055,30.095251],[31.3432,30.095142],[31.3432,30.094872],[31.342634,30.09523]],[[31.342783,30.095836],[31.34274,30.095839],[31.342686,30.095851],[31.342698,30.095786],[31.342707,30.09576],[31.342864,30.095849],[31.342833,30.095841],[31.342783,30.095836]],[[31.342931,30.095464],[31.342969,30.095515],[31.342876,30.095462],[31.342906,30.095411],[31.342912,30.095428],[31.342931,30.095464]],[[31.342192,30.095715],[31.342201,30.095773],[31.342164,30.095755],[31.342133,30.095746],[31.342192,30.095715]]],[[[31.34318,30.09524],[31.343154,30.095263],[31.343136,30.095283],[31.343122,30.095319],[31.34313,30.095403],[31.343146,30.095434],[31.343167,30.095456],[31.343194,30.095475],[31.3432,30.095479],[31.3432,30.095419],[31.34318,30.095391],[31.343174,30.095321],[31.343181,30.095305],[31.3432,30.095287],[31.3432,30.095229],[31.34318,30.09524]]]]}},{"type":"Feature","properties":{},"geometry":{"type":"Polygon","coordinates":[[[31.339047,30.097322],[31.339047,30.097616],[31.339808,30.09718],[31.34022,30.097661],[31.340257,30.097697],[31.339536,30.098153],[31.339243,30.097991],[31.339047,30.097909],[31.339047,30.098199],[31.339151,30.098252],[31.339362,30.098373],[31.339047,30.098785],[31.339047,30.098948],[31.339449,30.098423],[31.340352,30.098939],[31.340171,30.09961],[31.339047,30.098974],[31.339047,30.099082],[31.339404,30.099284],[31.339289,30.099775],[31.339047,30.099686],[31.339047,30.099784],[31.339269,30.099866],[31.339243,30.1],[31.339348,30.1],[31.339378,30.099846],[31.339497,30.099337],[31.340173,30.099719],[31.340166,30.099773],[31.340107,30.1],[31.340212,30.1],[31.340272,30.099775],[31.340668,30.1],[31.340859,30.1],[31.340272,30.099667],[31.340272,30.099629],[31.340444,30.098992],[31.341884,30.099814],[31.341468,30.1],[31.341695,30.1],[31.341984,30.099871],[31.342207,30.1],[31.342456,30.1],[31.342373,30.099922],[31.342385,30.099916],[31.342395,30.099907],[31.342441,30.099925],[31.342544,30.099944],[31.342505,30.099993],[31.342501,30.1],[31.342702,30.1],[31.342719,30.099979],[31.342809,30.09991],[31.342857,30.099885],[31.342902,30.1],[31.3432,30.1],[31.3432,30.099706],[31.343172,30.099703],[31.343142,30.099612],[31.343114,30.099496],[31.343102,30.099424],[31.343123,30.099402],[31.343156,30.099352],[31.34318,30.099272],[31.343177,30.099207],[31.343119,30.098803],[31.3432,30.098795],[31.3432,30.098704],[31.343106,30.098714],[31.342756,30.096383],[31.342205,30.096383],[31.342226,30.096534],[31.341511,30.096952],[31.341457,30.096858],[31.341094,30.096383],[31.340612,30.096383],[31.339047,30.097322]],[[31.340959,30.096475],[31.340999,30.096422],[31.341368,30.096905],[31.341424,30.097004],[31.340342,30.097645],[31.340302,30.097605],[31.339895,30.09713],[31.340781,30.09662],[31.340824,30.096593],[31.340893,30.096541],[31.340959,30.096475]],[[31.340331,30.097762],[31.340396,30.09781],[31.341041,30.098189],[31.340621,30.098756],[31.33963,30.098206],[31.340331,30.097762]],[[31.340419,30.097709],[31.341461,30.097091],[31.341479,30.097143],[31.341587,30.097842],[31.341504,30.097886],[31.341112,30.098121],[31.340456,30.097737],[31.340419,30.097709]],[[31.341552,30.097038],[31.342241,30.096634],[31.342402,30.097717],[31.341761,30.097791],[31.341687,30.097808],[31.341581,30.097124],[31.341552,30.097038]],[[31.341516,30.099425],[31.342266,30.099843],[31.342178,30.099799],[31.342143,30.099788],[31.341109,30.099198],[31.341428,30.099375],[31.341516,30.099425]],[[31.342561,30.098779],[31.342629,30.099234],[31.342641,30.099293],[31.342684,30.099377],[31.34273,30.099425],[31.342759,30.099448],[31.342777,30.099599],[31.34281,30.099742],[31.342728,30.099784],[31.342652,30.0998],[31.342572,30.099802],[31.342494,30.099788],[31.342418,30.099757],[31.341539,30.099265],[31.341798,30.09889],[31.341821,30.098872],[31.341851,30.09886],[31.341891,30.098856],[31.342561,30.098779]],[[31.340709,30.098804],[31.34115,30.098208],[31.341602,30.097939],[31.341737,30.098815],[31.341717,30.098832],[31.34169,30.098869],[31.341451,30.099217],[31.341074,30.099007],[31.340709,30.098804]],[[31.342547,30.098689],[31.341835,30.098771],[31.341701,30.097898],[31.341778,30.097881],[31.342416,30.097807],[31.342547,30.098689]]]}},{"type":"Feature","properties":{},"geometry":{"type":"MultiPolygon","coordinates":[[[[31.33996,30.101426],[31.340036,30.101451],[31.340101,30.101488],[31.340152,30.101539],[31.340157,30.101546],[31.340154,30.101618],[31.340137,30.101699],[31.340107,30.101778],[31.339902,30.102126],[31.339612,30.102059],[31.339576,30.102054],[31.339537,30.102062],[31.339498,30.102091],[31.339348,30.102353],[31.339348,30.102368],[31.339361,30.102381],[31.339378,30.102383],[31.339393,30.102375],[31.339542,30.102115],[31.339559,30.102103],[31.339577,30.1021],[31.339602,30.102104],[31.33979,30.102147],[31.339613,30.102434],[31.339604,30.102456],[31.339611,30.102492],[31.339631,30.10251],[31.339663,30.102526],[31.339169,30.103355],[31.339047,30.103303],[31.339047,30.103353],[31.339146,30.103395],[31.339047,30.103561],[31.339047,30.103617],[31.339541,30.103617],[31.339329,30.103531],[31.339352,30.103492],[31.339653,30.103617],[31.339965,30.103617],[31.339415,30.103388],[31.340283,30.101946],[31.340342,30.101861],[31.340388,30.101775],[31.340426,30.101679],[31.340445,30.101604],[31.340462,30.101592],[31.340493,30.101559],[31.34053,30.101494],[31.340555,30.101471],[31.340586,30.101453],[31.341536,30.101057],[31.342012,30.101527],[31.342048,30.101593],[31.342061,30.101631],[31.341446,30.101876],[31.341301,30.101944],[31.341173,30.102042],[31.341073,30.102163],[31.340178,30.103617],[31.340405,30.103617],[31.341235,30.102227],[31.341314,30.102143],[31.34141,30.102073],[31.341521,30.102017],[31.34209,30.101784],[31.34212,30.102038],[31.341154,30.103617],[31.341341,30.103617],[31.342152,30.102274],[31.342282,30.10322],[31.342218,30.103293],[31.342023,30.103617],[31.34214,30.103617],[31.342299,30.103353],[31.342335,30.103617],[31.342526,30.103617],[31.342474,30.103213],[31.342525,30.103197],[31.3432,30.103112],[31.3432,30.103021],[31.342505,30.103108],[31.342463,30.10312],[31.342284,30.101735],[31.343083,30.101662],[31.343183,30.102281],[31.3432,30.102397],[31.3432,30.101346],[31.343166,30.101157],[31.343126,30.101015],[31.343071,30.100883],[31.3432,30.100879],[31.3432,30.100733],[31.343179,30.100737],[31.343062,30.100738],[31.342947,30.100717],[31.342861,30.100685],[31.342782,30.10064],[31.342714,30.100583],[31.342658,30.100515],[31.342639,30.100485],[31.342623,30.100455],[31.342592,30.100358],[31.342586,30.10026],[31.342605,30.100158],[31.342651,30.100063],[31.342702,30.1],[31.342501,30.1],[31.342485,30.100033],[31.342471,30.100014],[31.342456,30.1],[31.342207,30.1],[31.342274,30.100038],[31.34234,30.100104],[31.342389,30.100182],[31.34242,30.100269],[31.342428,30.100381],[31.342451,30.100454],[31.341566,30.100832],[31.341235,30.100305],[31.341174,30.100233],[31.341695,30.1],[31.341468,30.1],[31.341102,30.100164],[31.341062,30.100128],[31.340987,30.100072],[31.340859,30.1],[31.340668,30.1],[31.340927,30.100147],[31.341005,30.100206],[31.340315,30.100503],[31.340225,30.100527],[31.340132,30.100532],[31.340081,30.100525],[31.340087,30.100473],[31.340212,30.1],[31.340107,30.1],[31.339979,30.10049],[31.339978,30.100509],[31.339274,30.100385],[31.339348,30.1],[31.339243,30.1],[31.339172,30.100367],[31.339047,30.100345],[31.339047,30.100749],[31.339116,30.100449],[31.339986,30.100602],[31.339977,30.100658],[31.339843,30.101188],[31.339047,30.101053],[31.339047,30.101274],[31.33996,30.101426]],[[31.340163,30.101383],[31.34011,30.101352],[31.34018,30.101364],[31.340163,30.101383]],[[31.340227,30.101252],[31.339945,30.101205],[31.340078,30.100677],[31.340089,30.100618],[31.340134,30.100623],[31.340244,30.100616],[31.340353,30.100587],[31.341079,30.100275],[31.341145,30.100351],[31.341473,30.100872],[31.340483,30.101294],[31.340449,30.101305],[31.340384,30.101311],[31.340336,30.101304],[31.340282,30.101268],[31.340227,30.101252]],[[31.342782,30.100813],[31.342861,30.100843],[31.342917,30.100939],[31.342969,30.10106],[31.343003,30.101188],[31.343058,30.101501],[31.342244,30.101589],[31.342216,30.10153],[31.342161,30.101446],[31.341746,30.101021],[31.341725,30.100978],[31.342552,30.100634],[31.342589,30.100678],[31.342684,30.100757],[31.342782,30.100813]],[[31.340282,30.101683],[31.340272,30.101708],[31.340278,30.101681],[31.340282,30.101683]],[[31.340384,30.101483],[31.340378,30.101496],[31.340368,30.101507],[31.340338,30.10152],[31.340306,30.101516],[31.340292,30.101509],[31.340273,30.101486],[31.34027,30.101472],[31.340278,30.101446],[31.340302,30.101426],[31.340318,30.101422],[31.340334,30.101421],[31.340365,30.101432],[31.340383,30.101455],[31.340384,30.101483]],[[31.339657,30.102469],[31.33966,30.102454],[31.339841,30.102159],[31.339877,30.102167],[31.339687,30.102486],[31.339683,30.102485],[31.339657,30.102469]]],[[[31.343196,30.101031],[31.343199,30.101156],[31.3432,30.101162],[31.3432,30.100985],[31.343196,30.101031]]],[[[31.342929,30.100068],[31.343079,30.100333],[31.3432,30.100476],[31.3432,30.1],[31.342902,30.1],[31.342929,30.100068]]]]}},{"type":"Feature","properties":{},"geometry":{"type":"MultiPolygon","coordinates":[[[[31.340991,30.106679],[31.341002,30.106699],[31.341005,30.106747],[31.341087,30.106707],[31.341083,30.106679],[31.341063,30.106644],[31.34119,30.106581],[31.341195,30.106602],[31.341222,30.106643],[31.341323,30.106595],[31.341295,30.106608],[31.341273,30.106575],[31.341271,30.106542],[31.341295,30.10653],[31.341438,30.106467],[31.342775,30.105841],[31.343076,30.105707],[31.3432,30.105648],[31.3432,30.105483],[31.342997,30.10558],[31.342697,30.105714],[31.341486,30.10628],[31.341404,30.106319],[31.340995,30.105688],[31.340973,30.105648],[31.342506,30.10496],[31.3432,30.105291],[31.3432,30.105157],[31.342616,30.104878],[31.342627,30.104863],[31.3432,30.105137],[31.3432,30.105003],[31.342658,30.104744],[31.342657,30.10465],[31.342649,30.10458],[31.342526,30.103617],[31.342335,30.103617],[31.342464,30.104591],[31.342465,30.104635],[31.34246,30.10466],[31.341703,30.104344],[31.34214,30.103617],[31.342023,30.103617],[31.341609,30.104304],[31.341064,30.104077],[31.341341,30.103617],[31.341154,30.103617],[31.340911,30.104013],[31.340317,30.103765],[31.340405,30.103617],[31.340178,30.103617],[31.340134,30.103688],[31.339965,30.103617],[31.339653,30.103617],[31.340848,30.104117],[31.340831,30.104145],[31.340047,30.103825],[31.339541,30.103617],[31.339047,30.103617],[31.339047,30.103999],[31.339266,30.103635],[31.33999,30.103931],[31.33999,30.103949],[31.339985,30.103965],[31.339047,30.105526],[31.339047,30.106278],[31.339052,30.106328],[31.339047,30.106329],[31.339047,30.106503],[31.339071,30.1065],[31.339109,30.106492],[31.339563,30.107213],[31.339522,30.107235],[31.339852,30.107235],[31.340991,30.106679]],[[31.339268,30.105498],[31.340148,30.104036],[31.340162,30.104022],[31.340184,30.10401],[31.340767,30.104249],[31.339637,30.106095],[31.33925,30.106276],[31.339194,30.105778],[31.339196,30.105681],[31.339221,30.105588],[31.339268,30.105498]],[[31.339925,30.105958],[31.339946,30.105921],[31.339965,30.105939],[31.339925,30.105958]],[[31.340019,30.105855],[31.340001,30.105826],[31.340922,30.104312],[31.341472,30.104536],[31.340892,30.10547],[31.340877,30.105502],[31.340065,30.105891],[31.340059,30.105888],[31.340019,30.105855]],[[31.341001,30.104181],[31.342399,30.104765],[31.342384,30.104779],[31.340985,30.104208],[31.341001,30.104181]],[[31.342534,30.104822],[31.342524,30.104836],[31.342483,30.10482],[31.342497,30.104806],[31.342534,30.104822]],[[31.342244,30.104852],[31.341037,30.105426],[31.341566,30.104575],[31.342244,30.104852]],[[31.342388,30.104911],[31.341483,30.105317],[31.342361,30.1049],[31.342388,30.104911]],[[31.34088,30.105691],[31.341312,30.10636],[31.341215,30.106403],[31.339738,30.107126],[31.3393,30.106432],[31.339338,30.106417],[31.34088,30.105691]]],[[[31.339992,30.107216],[31.339959,30.107235],[31.339979,30.107235],[31.340428,30.107021],[31.340152,30.107136],[31.339992,30.107216]]]]}},{"type":"Feature","properties":{},"geometry":{"type":"MultiPolygon","coordinates":[[[[31.339689,30.107315],[31.339852,30.107235],[31.339522,30.107235],[31.339047,30.107496],[31.339047,30.107667],[31.339689,30.107315]]],[[[31.339839,30.107302],[31.339979,30.107235],[31.339959,30.107235],[31.339839,30.107302]]]]}},{"type":"Feature","properties":{},"geometry":{"type":"Polygon","coordinates":[[[31.346708,30.092765],[31.347156,30.092765],[31.347353,30.092645],[31.347353,30.092379],[31.346708,30.092765]]]}},{"type":"Feature","properties":{},"geometry":{"type":"MultiPolygon","coordinates":[[[[31.343443,30.094719],[31.3432,30.094872],[31.3432,30.095142],[31.343278,30.095083],[31.343542,30.094904],[31.344089,30.094569],[31.344165,30.094657],[31.3432,30.095229],[31.3432,30.095287],[31.343211,30.095277],[31.343451,30.095134],[31.343477,30.095188],[31.3435,30.09527],[31.34351,30.095354],[31.343506,30.095438],[31.343488,30.095521],[31.343467,30.095575],[31.343204,30.095424],[31.3432,30.095419],[31.3432,30.095479],[31.344264,30.096081],[31.344805,30.096383],[31.344902,30.096383],[31.344316,30.096056],[31.344527,30.095806],[31.344574,30.09573],[31.344603,30.095646],[31.344609,30.095595],[31.345755,30.096242],[31.345654,30.096383],[31.345715,30.096383],[31.345799,30.096267],[31.346006,30.096383],[31.346102,30.096383],[31.345827,30.096228],[31.346033,30.095948],[31.346062,30.095896],[31.346085,30.095842],[31.346136,30.095699],[31.346182,30.095692],[31.346232,30.095662],[31.346265,30.095611],[31.346266,30.095547],[31.34623,30.095492],[31.346175,30.095461],[31.346107,30.095455],[31.346046,30.095476],[31.346001,30.095521],[31.345985,30.095579],[31.346001,30.095634],[31.346048,30.09568],[31.346084,30.095692],[31.346036,30.095827],[31.346014,30.095879],[31.345987,30.095927],[31.345783,30.096204],[31.344611,30.095542],[31.344599,30.095461],[31.344538,30.095217],[31.344513,30.095148],[31.345474,30.094594],[31.345503,30.094543],[31.345503,30.094497],[31.345491,30.094454],[31.345335,30.094255],[31.345803,30.094012],[31.34593,30.094206],[31.346034,30.094337],[31.346719,30.095036],[31.346593,30.095132],[31.346479,30.095019],[31.346454,30.095003],[31.346414,30.094994],[31.34638,30.095],[31.346313,30.095044],[31.346146,30.095167],[31.346128,30.095204],[31.346129,30.095233],[31.346144,30.095266],[31.346253,30.095361],[31.346288,30.095374],[31.346331,30.095373],[31.346364,30.09536],[31.346753,30.09507],[31.346761,30.095078],[31.34677,30.095158],[31.346785,30.095232],[31.34682,30.095306],[31.346869,30.095367],[31.347209,30.095712],[31.346744,30.096069],[31.346718,30.096049],[31.346748,30.096008],[31.346749,30.095991],[31.346743,30.095982],[31.346729,30.095976],[31.346706,30.095982],[31.346413,30.096383],[31.346474,30.096383],[31.34669,30.096087],[31.346757,30.096142],[31.346577,30.096383],[31.346639,30.096383],[31.346796,30.096174],[31.346834,30.096205],[31.346838,30.096228],[31.34683,30.096245],[31.346728,30.096383],[31.34679,30.096383],[31.346875,30.096267],[31.346889,30.096238],[31.34689,30.096213],[31.346876,30.096177],[31.346782,30.0961],[31.347243,30.095746],[31.347353,30.095851],[31.347353,30.095784],[31.347265,30.095699],[31.346909,30.095338],[31.346864,30.095282],[31.346835,30.09522],[31.34682,30.095133],[31.347005,30.09531],[31.347353,30.095654],[31.347353,30.095585],[31.347075,30.09531],[31.347141,30.095299],[31.347274,30.095287],[31.347353,30.095273],[31.347353,30.095227],[31.347265,30.095243],[31.347135,30.095254],[31.347034,30.095271],[31.346822,30.095069],[31.346863,30.095033],[31.346888,30.095057],[31.347004,30.09514],[31.347117,30.095169],[31.347252,30.095188],[31.347353,30.095182],[31.347353,30.095136],[31.347254,30.095142],[31.347127,30.095124],[31.347027,30.095098],[31.346922,30.095023],[31.346138,30.094245],[31.346039,30.094114],[31.345726,30.093615],[31.345986,30.093464],[31.346567,30.093114],[31.346776,30.092997],[31.347156,30.092765],[31.346708,30.092765],[31.343443,30.094719]],[[31.344318,30.094873],[31.344378,30.094976],[31.344431,30.095081],[31.344457,30.095146],[31.344488,30.09523],[31.344522,30.095362],[31.344548,30.095469],[31.344561,30.095556],[31.344553,30.095636],[31.344526,30.095712],[31.344482,30.095783],[31.344272,30.096032],[31.343512,30.0956],[31.343539,30.095531],[31.343558,30.095445],[31.343562,30.095354],[31.343551,30.09526],[31.343527,30.095176],[31.343495,30.095108],[31.344194,30.094694],[31.344252,30.094772],[31.344318,30.094873]],[[31.346828,30.094999],[31.346787,30.095035],[31.346075,30.094309],[31.345975,30.094183],[31.345849,30.09399],[31.345889,30.09397],[31.345994,30.094136],[31.346095,30.094271],[31.346205,30.094384],[31.346828,30.094999]],[[31.345864,30.093931],[31.345823,30.09395],[31.34563,30.093671],[31.345682,30.093641],[31.345864,30.093931]],[[31.345778,30.093973],[31.345305,30.094218],[31.345113,30.093972],[31.345587,30.093696],[31.345747,30.093927],[31.345778,30.093973]],[[31.345436,30.094562],[31.344495,30.095103],[31.344425,30.094957],[31.344364,30.094852],[31.344237,30.094669],[31.344475,30.094528],[31.344484,30.094515],[31.344481,30.0945],[31.344466,30.094489],[31.344446,30.094491],[31.344208,30.094631],[31.344132,30.094543],[31.34507,30.093997],[31.345443,30.094471],[31.345451,30.094502],[31.345451,30.094535],[31.345436,30.094562]],[[31.346181,30.095224],[31.34618,30.095209],[31.346188,30.095195],[31.346401,30.095042],[31.346428,30.095042],[31.346442,30.095051],[31.346554,30.095162],[31.346334,30.095323],[31.346316,30.095329],[31.346298,30.095329],[31.346282,30.095323],[31.346187,30.095239],[31.346181,30.095224]],[[31.346118,30.095655],[31.346078,30.095642],[31.346049,30.095615],[31.346038,30.095579],[31.346048,30.095543],[31.346076,30.095514],[31.346116,30.095501],[31.346158,30.095505],[31.346194,30.095525],[31.346215,30.095558],[31.346216,30.095595],[31.346196,30.095628],[31.346161,30.09565],[31.346118,30.095655]]],[[[31.343694,30.095875],[31.343344,30.095678],[31.3432,30.095592],[31.3432,30.096113],[31.34366,30.096383],[31.344596,30.096383],[31.343694,30.095875]]],[[[31.347111,30.093086],[31.346984,30.093203],[31.346894,30.093255],[31.346588,30.093525],[31.346465,30.093686],[31.346389,30.093865],[31.346356,30.094007],[31.346347,30.094147],[31.346403,30.094331],[31.34647,30.094429],[31.347001,30.094975],[31.347103,30.095013],[31.347241,30.095027],[31.347353,30.095014],[31.347353,30.094968],[31.347239,30.094982],[31.347115,30.094969],[31.347028,30.094935],[31.346512,30.094402],[31.346451,30.094314],[31.346399,30.094144],[31.346407,30.094012],[31.346439,30.093879],[31.346512,30.093706],[31.346627,30.093555],[31.346929,30.093289],[31.347009,30.093243],[31.34712,30.093238],[31.347245,30.093254],[31.347353,30.093278],[31.347353,30.093232],[31.347257,30.09321],[31.347123,30.093193],[31.347064,30.093195],[31.347144,30.093121],[31.347353,30.09298],[31.347353,30.092922],[31.347111,30.093086]]]]}},{"type":"Feature","properties":{},"geometry":{"type":"MultiPolygon","coordinates":[[[[31.346418,30.097752],[31.345356,30.09707],[31.347353,30.09811],[31.347353,30.097878],[31.345702,30.097018],[31.345657,30.096988],[31.345484,30.096883],[31.345186,30.096714],[31.344596,30.096383],[31.34366,30.096383],[31.345184,30.097277],[31.344247,30.098527],[31.344217,30.098566],[31.344181,30.098592],[31.344137,30.098608],[31.3432,30.098704],[31.3432,30.098795],[31.344139,30.098699],[31.34472,30.099484],[31.343829,30.099859],[31.343751,30.099885],[31.343674,30.099897],[31.343619,30.099894],[31.343476,30.099785],[31.343293,30.099715],[31.3432,30.099706],[31.3432,30.1],[31.343326,30.1],[31.343275,30.099927],[31.343228,30.099826],[31.343255,30.099829],[31.343411,30.099889],[31.34354,30.09999],[31.343548,30.1],[31.344071,30.1],[31.344842,30.099676],[31.345034,30.1],[31.345221,30.1],[31.344988,30.099614],[31.346824,30.098832],[31.347143,30.099379],[31.345732,30.1],[31.346173,30.1],[31.346294,30.099949],[31.346344,30.099995],[31.346352,30.1],[31.346543,30.1],[31.346412,30.099927],[31.346391,30.099907],[31.34697,30.09966],[31.347067,30.09974],[31.347353,30.0999],[31.347353,30.099793],[31.347131,30.099668],[31.34707,30.099618],[31.347344,30.099501],[31.347353,30.099497],[31.347353,30.099397],[31.347345,30.0994],[31.347341,30.099393],[31.347353,30.099388],[31.347353,30.099286],[31.347295,30.099312],[31.346987,30.098763],[31.347292,30.098632],[31.347353,30.098618],[31.347353,30.098283],[31.346418,30.097752]],[[31.347211,30.098536],[31.347257,30.098465],[31.347325,30.098503],[31.347238,30.098525],[31.347211,30.098536]],[[31.345954,30.098964],[31.345686,30.098487],[31.345628,30.098406],[31.345598,30.098374],[31.346441,30.098003],[31.347135,30.098395],[31.347129,30.098424],[31.347102,30.098466],[31.347057,30.098499],[31.345954,30.098964]],[[31.344161,30.096581],[31.344467,30.09676],[31.344739,30.096928],[31.34382,30.096388],[31.344161,30.096581]],[[31.345525,30.098305],[31.34548,30.09827],[31.345405,30.098223],[31.344838,30.097903],[31.34527,30.097327],[31.345454,30.097433],[31.345947,30.097697],[31.346341,30.097946],[31.345525,30.098305]],[[31.344298,30.098622],[31.344782,30.097979],[31.345347,30.098298],[31.345424,30.098348],[31.344406,30.098773],[31.344298,30.098622]],[[31.345594,30.098529],[31.345861,30.099003],[31.344866,30.099423],[31.344461,30.098851],[31.345502,30.098416],[31.345542,30.098456],[31.345594,30.098529]],[[31.346996,30.099549],[31.346993,30.099546],[31.34719,30.09946],[31.347193,30.099465],[31.346996,30.099549]],[[31.346901,30.099589],[31.346733,30.099661],[31.3469,30.099587],[31.346901,30.099589]]],[[[31.345433,30.096732],[31.345974,30.097024],[31.346957,30.097543],[31.347162,30.097642],[31.347353,30.097747],[31.347353,30.097693],[31.34721,30.097615],[31.347234,30.097581],[31.347353,30.097645],[31.347353,30.097592],[31.34726,30.097542],[31.347304,30.097477],[31.347353,30.097502],[31.347353,30.09745],[31.347331,30.097438],[31.347353,30.097405],[31.347353,30.097317],[31.347166,30.097592],[31.347007,30.097516],[31.347353,30.097043],[31.347353,30.096959],[31.347352,30.096961],[31.346962,30.097493],[31.346249,30.097115],[31.34679,30.096383],[31.346728,30.096383],[31.346204,30.097092],[31.346134,30.097055],[31.346639,30.096383],[31.346577,30.096383],[31.34609,30.097032],[31.346024,30.096997],[31.346474,30.096383],[31.346413,30.096383],[31.346322,30.096505],[31.346102,30.096383],[31.346006,30.096383],[31.346294,30.096544],[31.345979,30.096974],[31.345482,30.096706],[31.345715,30.096383],[31.345654,30.096383],[31.345439,30.096682],[31.344902,30.096383],[31.344805,30.096383],[31.345433,30.096732]]]]}},{"type":"Feature","properties":{},"geometry":{"type":"MultiPolygon","coordinates":[[[[31.347233,30.102684],[31.346244,30.102132],[31.346272,30.102104],[31.347353,30.102719],[31.347353,30.102503],[31.346133,30.101808],[31.345545,30.101496],[31.344831,30.101091],[31.344842,30.10103],[31.344865,30.100987],[31.3449,30.100938],[31.345302,30.100431],[31.345329,30.100405],[31.345366,30.100429],[31.347353,30.101552],[31.347353,30.101368],[31.345469,30.100304],[31.345503,30.100285],[31.346173,30.1],[31.345732,30.1],[31.345408,30.100143],[31.345333,30.100182],[31.345298,30.100129],[31.345221,30.1],[31.345034,30.1],[31.3452,30.100279],[31.345149,30.100334],[31.344758,30.100854],[31.344715,30.100891],[31.344663,30.10092],[31.344576,30.100953],[31.344367,30.100839],[31.343892,30.100565],[31.343752,30.100466],[31.343781,30.1004],[31.343794,30.10028],[31.343781,30.100178],[31.343806,30.100137],[31.343862,30.100094],[31.343933,30.100058],[31.344071,30.1],[31.343548,30.1],[31.343585,30.100047],[31.343606,30.100084],[31.343621,30.100112],[31.343645,30.100179],[31.343659,30.100281],[31.343648,30.100376],[31.343566,30.100298],[31.343433,30.100155],[31.343326,30.1],[31.3432,30.1],[31.3432,30.100476],[31.34325,30.100536],[31.343395,30.100671],[31.343292,30.100714],[31.3432,30.100733],[31.3432,30.100879],[31.343212,30.100879],[31.343208,30.100898],[31.3432,30.100985],[31.3432,30.101162],[31.343231,30.101423],[31.343566,30.103617],[31.343734,30.103617],[31.343643,30.103026],[31.343522,30.102233],[31.344148,30.102166],[31.344227,30.102148],[31.344465,30.102492],[31.344493,30.102558],[31.344509,30.102612],[31.344659,30.103617],[31.344918,30.103617],[31.345856,30.103178],[31.345877,30.103207],[31.345002,30.103617],[31.345225,30.103617],[31.346915,30.102823],[31.346997,30.102797],[31.347045,30.102793],[31.347353,30.102959],[31.347353,30.102748],[31.347233,30.102684]],[[31.343362,30.101031],[31.343374,30.100915],[31.343393,30.100832],[31.343477,30.100797],[31.343518,30.100771],[31.343924,30.101038],[31.344339,30.101282],[31.344714,30.10148],[31.344375,30.101952],[31.344323,30.102003],[31.34428,30.102031],[31.344233,30.102053],[31.344132,30.102076],[31.343508,30.102144],[31.343396,30.101407],[31.343365,30.101149],[31.343362,30.101031]],[[31.343565,30.100564],[31.343737,30.100689],[31.343604,30.100601],[31.343414,30.100424],[31.343392,30.100398],[31.343407,30.100415],[31.343565,30.100564]],[[31.343731,30.100038],[31.343715,30.10001],[31.343779,30.1],[31.343777,30.100002],[31.343731,30.100038]],[[31.344736,30.101039],[31.344683,30.101011],[31.344711,30.101001],[31.344757,30.100975],[31.344745,30.100998],[31.344736,30.101039]],[[31.343789,30.100723],[31.344254,30.100991],[31.344706,30.101236],[31.345433,30.101648],[31.346016,30.101959],[31.346011,30.10197],[31.345992,30.101989],[31.34487,30.101351],[31.344453,30.101131],[31.344043,30.100889],[31.343789,30.100723]],[[31.344324,30.102113],[31.344347,30.102101],[31.34463,30.102443],[31.344569,30.102476],[31.344561,30.102457],[31.344324,30.102113]],[[31.346675,30.102585],[31.346674,30.102616],[31.346656,30.102665],[31.346621,30.102708],[31.34657,30.102742],[31.345877,30.103066],[31.344797,30.102457],[31.344745,30.10242],[31.344697,30.102372],[31.344424,30.10204],[31.34446,30.102003],[31.344802,30.101528],[31.346123,30.102279],[31.346675,30.102585]],[[31.346748,30.102708],[31.346774,30.102641],[31.346922,30.102724],[31.346869,30.102742],[31.345969,30.103164],[31.345948,30.103136],[31.346623,30.10282],[31.34669,30.102776],[31.346748,30.102708]],[[31.346087,30.101999],[31.346201,30.102063],[31.346174,30.102093],[31.346063,30.102029],[31.346086,30.102003],[31.346087,30.101999]],[[31.344705,30.102509],[31.344737,30.102531],[31.345772,30.103115],[31.34476,30.103589],[31.344611,30.102598],[31.344602,30.102565],[31.344705,30.102509]]],[[[31.347096,30.103617],[31.347353,30.103617],[31.347353,30.103489],[31.347096,30.103617]]],[[[31.343463,30.103034],[31.343347,30.102262],[31.343214,30.101421],[31.3432,30.101346],[31.3432,30.102397],[31.343291,30.103009],[31.3432,30.103021],[31.3432,30.103112],[31.343306,30.103099],[31.343395,30.103617],[31.343563,30.103617],[31.343463,30.103034]]],[[[31.347353,30.10056],[31.347353,30.100453],[31.346543,30.1],[31.346352,30.1],[31.347353,30.10056]]]]}},{"type":"Feature","properties":{},"geometry":{"type":"Polygon","coordinates":[[[31.343596,30.105457],[31.345881,30.104384],[31.345894,30.104418],[31.345968,30.104382],[31.345954,30.104349],[31.346146,30.104257],[31.346154,30.104294],[31.346229,30.104258],[31.346224,30.104219],[31.347353,30.103656],[31.347353,30.103617],[31.347096,30.103617],[31.346149,30.10409],[31.345612,30.104349],[31.344038,30.105086],[31.344009,30.105054],[31.343986,30.105017],[31.343949,30.104945],[31.34393,30.104887],[31.343918,30.104825],[31.343835,30.104282],[31.343854,30.104262],[31.345225,30.103617],[31.345002,30.103617],[31.34478,30.103722],[31.344774,30.103685],[31.344918,30.103617],[31.344659,30.103617],[31.344662,30.103634],[31.343878,30.104001],[31.343835,30.104007],[31.343792,30.103999],[31.343734,30.103617],[31.343566,30.103617],[31.343587,30.103756],[31.343563,30.103617],[31.343395,30.103617],[31.343607,30.104846],[31.343616,30.104943],[31.343616,30.105012],[31.343611,30.105053],[31.343567,30.105178],[31.3432,30.105003],[31.3432,30.105137],[31.343516,30.105288],[31.343509,30.105304],[31.3432,30.105157],[31.3432,30.105291],[31.3434,30.105386],[31.3432,30.105483],[31.3432,30.105648],[31.343596,30.105457]],[[31.343919,30.104084],[31.344676,30.10373],[31.344682,30.103768],[31.343819,30.104174],[31.343806,30.104094],[31.343833,30.104098],[31.343919,30.104084]],[[31.343795,30.104999],[31.343819,30.105047],[31.343779,30.105049],[31.343782,30.104962],[31.343791,30.104989],[31.343795,30.104999]],[[31.343732,30.10523],[31.34372,30.105235],[31.343762,30.105121],[31.343796,30.105123],[31.343857,30.105114],[31.343889,30.105156],[31.343732,30.10523]]]}},{"type":"Feature","properties":{},"geometry":{"type":"MultiPolygon","coordinates":[[[[31.349815,30.089148],[31.349834,30.089148],[31.350034,30.088956],[31.350826,30.08822],[31.351507,30.087566],[31.351507,30.087552],[31.349815,30.089148]]],[[[31.350317,30.088906],[31.350323,30.088892],[31.350316,30.088878],[31.350299,30.08887],[31.35028,30.088875],[31.349979,30.089148],[31.350051,30.089148],[31.350317,30.088906]]]]}},{"type":"Feature","properties":{},"geometry":{"type":"Polygon","coordinates":[[[31.349063,30.089857],[31.348833,30.089985],[31.348716,30.090215],[31.348552,30.090911],[31.348432,30.091233],[31.348195,30.091724],[31.347913,30.092044],[31.347353,30.092379],[31.347353,30.092645],[31.348003,30.092247],[31.348144,30.092144],[31.348269,30.092028],[31.348377,30.091899],[31.348424,30.091831],[31.348489,30.091719],[31.348615,30.091799],[31.348639,30.091804],[31.348518,30.091896],[31.348513,30.091908],[31.348515,30.091919],[31.348535,30.091932],[31.348556,30.091927],[31.348723,30.091801],[31.348811,30.09179],[31.348983,30.091796],[31.349035,30.09181],[31.349078,30.091834],[31.349218,30.09208],[31.349198,30.092099],[31.34918,30.092136],[31.349177,30.09218],[31.349192,30.092224],[31.349219,30.092256],[31.349265,30.092282],[31.349319,30.092292],[31.349364,30.092287],[31.349405,30.092269],[31.349442,30.092236],[31.349463,30.092194],[31.349466,30.092154],[31.349449,30.092107],[31.34942,30.092074],[31.349375,30.092049],[31.349326,30.09204],[31.34928,30.092045],[31.349261,30.092053],[31.349147,30.091849],[31.349113,30.0918],[31.349056,30.091769],[31.34899,30.091751],[31.348811,30.091745],[31.348662,30.091762],[31.34864,30.091759],[31.34851,30.091676],[31.348521,30.091653],[31.349608,30.091744],[31.349749,30.091949],[31.349883,30.092104],[31.348887,30.09275],[31.348618,30.092409],[31.34852,30.092321],[31.348452,30.092289],[31.348385,30.092288],[31.348286,30.092328],[31.348091,30.092452],[31.347653,30.09272],[31.347586,30.092765],[31.347671,30.092765],[31.347684,30.092756],[31.348121,30.092489],[31.348313,30.092367],[31.348391,30.092333],[31.348437,30.092333],[31.348487,30.092357],[31.348577,30.092436],[31.348836,30.092765],[31.34895,30.092765],[31.349915,30.09214],[31.350398,30.092701],[31.350303,30.092765],[31.350387,30.092765],[31.350454,30.09272],[31.35046,30.092706],[31.350455,30.092692],[31.349793,30.091924],[31.349673,30.091749],[31.350496,30.091818],[31.350651,30.091856],[31.350728,30.091906],[31.350824,30.091932],[31.350933,30.09193],[31.351036,30.091893],[31.35111,30.091834],[31.351158,30.091756],[31.351175,30.091662],[31.351152,30.091571],[31.351098,30.091495],[31.351019,30.09144],[31.350913,30.091408],[31.350809,30.09141],[31.350711,30.091443],[31.350631,30.091503],[31.35059,30.091567],[31.349518,30.091504],[31.349478,30.091418],[31.349463,30.091356],[31.349466,30.091275],[31.349494,30.091189],[31.349566,30.091106],[31.349654,30.091018],[31.350425,30.090259],[31.351223,30.089511],[31.351507,30.08924],[31.351507,30.089172],[31.351185,30.08948],[31.350386,30.090229],[31.350085,30.090524],[31.349839,30.090306],[31.34982,30.090301],[31.349802,30.090309],[31.349796,30.090323],[31.349802,30.090337],[31.35005,30.090558],[31.349935,30.09067],[31.349497,30.090306],[31.349479,30.0903],[31.349459,30.090308],[31.349453,30.090323],[31.349461,30.090339],[31.349901,30.090704],[31.349527,30.091077],[31.349448,30.091168],[31.349415,30.091268],[31.349411,30.09136],[31.349429,30.091432],[31.349461,30.091501],[31.3486,30.091464],[31.348632,30.091379],[31.34868,30.091324],[31.348743,30.091181],[31.348806,30.091098],[31.348844,30.091061],[31.348921,30.091118],[31.348794,30.091238],[31.348792,30.091258],[31.348805,30.09127],[31.34882,30.091272],[31.348833,30.091267],[31.348961,30.091147],[31.349059,30.091217],[31.349094,30.091238],[31.349126,30.09125],[31.349134,30.091266],[31.349157,30.09129],[31.34918,30.091305],[31.349209,30.091314],[31.349247,30.091317],[31.349282,30.091309],[31.349309,30.091295],[31.349329,30.091277],[31.349345,30.091252],[31.349353,30.09122],[31.349349,30.091189],[31.349339,30.091166],[31.34932,30.091144],[31.349292,30.091125],[31.349255,30.091115],[31.349225,30.091113],[31.349192,30.09112],[31.349165,30.091134],[31.349141,30.091154],[31.349125,30.09118],[31.349121,30.091199],[31.349089,30.09118],[31.348861,30.091014],[31.348852,30.091003],[31.348847,30.090983],[31.348847,30.090946],[31.348862,30.090854],[31.348901,30.090737],[31.348934,30.090668],[31.349126,30.090469],[31.349169,30.090437],[31.349271,30.090399],[31.349301,30.090383],[31.349719,30.090733],[31.349741,30.090738],[31.349757,30.090728],[31.349761,30.090713],[31.349753,30.090699],[31.349338,30.090351],[31.349479,30.090213],[31.349492,30.090195],[31.349496,30.090176],[31.349493,30.090157],[31.349443,30.090056],[31.349443,30.090037],[31.349566,30.089925],[31.349628,30.089853],[31.349643,30.089826],[31.349643,30.089805],[31.349636,30.089786],[31.349578,30.089737],[31.34957,30.089722],[31.349561,30.089687],[31.349568,30.089654],[31.34975,30.089439],[31.349843,30.089344],[31.349946,30.089243],[31.350051,30.089148],[31.349979,30.089148],[31.349908,30.089212],[31.34971,30.089411],[31.349523,30.089631],[31.349511,30.089664],[31.349513,30.089714],[31.349536,30.089763],[31.34959,30.08981],[31.34959,30.089822],[31.349579,30.089836],[31.349321,30.089641],[31.349834,30.089148],[31.349815,30.089148],[31.349063,30.089857]],[[31.349167,30.091662],[31.349175,30.091534],[31.349485,30.091547],[31.349578,30.091696],[31.349227,30.091667],[31.349167,30.091662]],[[31.348704,30.091149],[31.348775,30.090881],[31.348891,30.090362],[31.348934,30.090208],[31.348969,30.090107],[31.348986,30.090064],[31.349024,30.08999],[31.349248,30.089715],[31.349311,30.089762],[31.349132,30.09002],[31.349092,30.090084],[31.349045,30.090168],[31.348968,30.090322],[31.348956,30.090368],[31.348971,30.090557],[31.348905,30.090624],[31.34887,30.09068],[31.348812,30.090843],[31.348803,30.090884],[31.348795,30.090942],[31.348795,30.090986],[31.348808,30.091027],[31.348723,30.091121],[31.348704,30.091149]],[[31.349138,30.090105],[31.349176,30.090043],[31.349351,30.089792],[31.349508,30.089913],[31.349407,30.090002],[31.349395,30.090019],[31.349389,30.090038],[31.349393,30.090069],[31.349443,30.09017],[31.349443,30.090179],[31.349266,30.090349],[31.349167,30.090387],[31.349117,30.090414],[31.349019,30.090509],[31.349008,30.09037],[31.349017,30.090338],[31.349059,30.090252],[31.349138,30.090105]],[[31.349286,30.089674],[31.349548,30.089872],[31.349542,30.089878],[31.34928,30.08968],[31.349286,30.089674]],[[31.347936,30.092039],[31.347926,30.092047],[31.347894,30.092069],[31.347936,30.092039]],[[31.348254,30.091686],[31.348184,30.091793],[31.348091,30.091903],[31.348039,30.091954],[31.347977,30.092008],[31.348042,30.091949],[31.348106,30.091882],[31.34817,30.091806],[31.348309,30.091578],[31.348299,30.091599],[31.348254,30.091686]],[[31.348583,30.091509],[31.349123,30.091532],[31.349115,30.091657],[31.34854,30.091609],[31.348583,30.091509]],[[31.349243,30.092122],[31.349265,30.092102],[31.349294,30.092089],[31.349326,30.092086],[31.349357,30.092092],[31.349384,30.092107],[31.349404,30.092129],[31.349414,30.092156],[31.349412,30.092184],[31.349399,30.09221],[31.349378,30.09223],[31.349349,30.092243],[31.349317,30.092246],[31.349285,30.09224],[31.349258,30.092225],[31.349238,30.092203],[31.349229,30.092176],[31.34923,30.092148],[31.349243,30.092122]],[[31.349172,30.091228],[31.349174,30.091196],[31.349196,30.09117],[31.349212,30.091162],[31.349249,30.09116],[31.349282,30.091174],[31.349293,30.091187],[31.3493,30.091202],[31.349298,30.091234],[31.349289,30.091248],[31.34926,30.091268],[31.349223,30.09127],[31.349205,30.091265],[31.349179,30.091243],[31.349172,30.091228]],[[31.3506,30.091796],[31.350503,30.091773],[31.34964,30.091701],[31.349546,30.091551],[31.350573,30.091612],[31.350563,30.091654],[31.350569,30.091724],[31.3506,30.091796]],[[31.350907,30.091453],[31.35099,30.091478],[31.351059,30.091525],[31.351105,30.091589],[31.351123,30.091664],[31.35111,30.091739],[31.351069,30.091805],[31.351004,30.091856],[31.350923,30.091885],[31.350835,30.091888],[31.350752,30.091865],[31.350682,30.091819],[31.350643,30.091771],[31.35062,30.091715],[31.350615,30.091656],[31.350629,30.091599],[31.350672,30.091532],[31.350738,30.091482],[31.35082,30.091455],[31.350907,30.091453]]]}},{"type":"Feature","properties":{},"geometry":{"type":"MultiPolygon","coordinates":[[[[31.349369,30.096375],[31.349318,30.096364],[31.349267,30.096364],[31.349227,30.096349],[31.349193,30.096319],[31.348557,30.095638],[31.348528,30.095469],[31.348355,30.095272],[31.348157,30.095099],[31.348007,30.095037],[31.347873,30.095024],[31.347736,30.095046],[31.347586,30.09509],[31.347402,30.095133],[31.347353,30.095136],[31.347353,30.095182],[31.34741,30.095178],[31.3476,30.095134],[31.34775,30.09509],[31.347874,30.09507],[31.347992,30.09508],[31.348128,30.095137],[31.348317,30.095303],[31.348481,30.095489],[31.348489,30.09555],[31.348435,30.095519],[31.348235,30.095289],[31.348141,30.095211],[31.348041,30.09516],[31.347932,30.095131],[31.34782,30.095124],[31.347703,30.09514],[31.347392,30.09522],[31.347353,30.095227],[31.347353,30.095273],[31.347403,30.095264],[31.347716,30.095183],[31.347819,30.095169],[31.347922,30.095175],[31.348021,30.095202],[31.34811,30.095247],[31.348184,30.095309],[31.348172,30.095337],[31.348163,30.095379],[31.348161,30.095463],[31.348183,30.095511],[31.348231,30.095547],[31.348322,30.095568],[31.348379,30.095567],[31.348359,30.095629],[31.34836,30.095666],[31.348372,30.095697],[31.348394,30.095726],[31.348667,30.096009],[31.348684,30.096017],[31.348703,30.096012],[31.348712,30.095999],[31.348708,30.095982],[31.348435,30.095698],[31.348419,30.095677],[31.348411,30.095657],[31.348411,30.095635],[31.348432,30.095572],[31.348498,30.095608],[31.348512,30.095661],[31.348809,30.095982],[31.348646,30.096097],[31.348548,30.095995],[31.348522,30.095975],[31.348485,30.095963],[31.348446,30.095962],[31.348409,30.095975],[31.348231,30.096106],[31.348211,30.096131],[31.3482,30.09617],[31.348204,30.096198],[31.34822,30.096225],[31.348375,30.096383],[31.348443,30.096383],[31.348263,30.0962],[31.348254,30.096184],[31.348252,30.096168],[31.348256,30.096153],[31.348267,30.096138],[31.348439,30.096012],[31.348456,30.096007],[31.348475,30.096007],[31.348493,30.096013],[31.348509,30.096026],[31.348854,30.096383],[31.348923,30.096383],[31.34868,30.096132],[31.348842,30.096017],[31.349155,30.096351],[31.349193,30.096383],[31.349383,30.096383],[31.349369,30.096375]],[[31.348227,30.095485],[31.348213,30.095457],[31.348215,30.095384],[31.348223,30.095349],[31.348374,30.095522],[31.34833,30.095523],[31.348252,30.095505],[31.348227,30.095485]]],[[[31.347353,30.092922],[31.347353,30.09298],[31.347671,30.092765],[31.347586,30.092765],[31.347353,30.092922]]],[[[31.347996,30.094935],[31.348172,30.094919],[31.348293,30.094936],[31.348404,30.094987],[31.348518,30.095052],[31.349087,30.095593],[31.349458,30.096009],[31.349758,30.096383],[31.349822,30.096383],[31.349501,30.095983],[31.349127,30.095564],[31.348549,30.095016],[31.348431,30.094949],[31.348311,30.094893],[31.348175,30.094873],[31.34799,30.09489],[31.347353,30.094968],[31.347353,30.095014],[31.347996,30.094935]]],[[[31.347689,30.093354],[31.34778,30.093368],[31.347908,30.093364],[31.349108,30.093394],[31.349301,30.093384],[31.349469,30.093349],[31.349653,30.093259],[31.350387,30.092765],[31.350303,30.092765],[31.349623,30.093222],[31.349454,30.093306],[31.349293,30.093339],[31.349109,30.093349],[31.348107,30.093323],[31.348897,30.0928],[31.34895,30.092765],[31.348836,30.092765],[31.348846,30.092777],[31.348025,30.093321],[31.347906,30.093318],[31.347783,30.093323],[31.347701,30.09331],[31.347353,30.093232],[31.347353,30.093278],[31.347689,30.093354]]],[[[31.347353,30.095585],[31.347353,30.095654],[31.348092,30.096383],[31.348161,30.096383],[31.347353,30.095585]]],[[[31.347758,30.09624],[31.347779,30.096267],[31.34779,30.096298],[31.34779,30.096329],[31.347779,30.09636],[31.347763,30.096383],[31.347824,30.096383],[31.347826,30.09638],[31.347842,30.096335],[31.347841,30.096288],[31.347826,30.096247],[31.347798,30.09621],[31.347353,30.095784],[31.347353,30.095851],[31.347758,30.09624]]]]}},{"type":"Feature","properties":{},"geometry":{"type":"MultiPolygon","coordinates":[[[[31.347714,30.098488],[31.347353,30.098283],[31.347353,30.098618],[31.347403,30.098607],[31.347503,30.098605],[31.348043,30.098909],[31.348028,30.098956],[31.347999,30.098992],[31.347957,30.099021],[31.347353,30.099286],[31.347353,30.099388],[31.347522,30.099313],[31.347531,30.099321],[31.347353,30.099397],[31.347353,30.099497],[31.347616,30.099385],[31.347753,30.099472],[31.348692,30.1],[31.348883,30.1],[31.347811,30.099397],[31.347722,30.09934],[31.348222,30.099127],[31.348303,30.099098],[31.348368,30.099091],[31.349998,30.1],[31.35042,30.1],[31.347714,30.098488]],[[31.347621,30.09927],[31.348017,30.099095],[31.34808,30.099049],[31.348121,30.098998],[31.348135,30.098961],[31.348244,30.099022],[31.348178,30.099045],[31.347631,30.099278],[31.347621,30.09927]]],[[[31.347472,30.098171],[31.348718,30.098882],[31.348829,30.098949],[31.350617,30.099954],[31.350699,30.1],[31.351122,30.1],[31.351062,30.099966],[31.351268,30.099691],[31.351335,30.099729],[31.351132,30.1],[31.351194,30.1],[31.3513,30.099859],[31.351378,30.099754],[31.351456,30.099798],[31.351305,30.1],[31.351367,30.1],[31.35142,30.09993],[31.351507,30.099813],[31.351507,30.09973],[31.351484,30.09976],[31.351406,30.099716],[31.351507,30.099582],[31.351507,30.099499],[31.351363,30.099691],[31.351296,30.099653],[31.351507,30.099377],[31.351507,30.099294],[31.351146,30.099768],[31.351018,30.099942],[31.350403,30.099597],[31.350462,30.099509],[31.350553,30.099562],[31.350942,30.09978],[31.350986,30.09979],[31.351018,30.099784],[31.351049,30.099768],[31.351507,30.099161],[31.351507,30.099079],[31.351012,30.099735],[31.350985,30.099745],[31.350966,30.099739],[31.350603,30.099536],[31.351507,30.098303],[31.351507,30.098219],[31.351376,30.098397],[31.351162,30.098274],[31.351401,30.09795],[31.351507,30.09801],[31.351507,30.097957],[31.350612,30.097454],[31.350245,30.097258],[31.350242,30.097244],[31.350229,30.097221],[31.350316,30.09714],[31.350344,30.097127],[31.350372,30.097126],[31.350403,30.097138],[31.351507,30.097769],[31.351507,30.097715],[31.350426,30.097098],[31.350381,30.09708],[31.350325,30.097084],[31.350283,30.097106],[31.350187,30.097194],[31.349431,30.096408],[31.349383,30.096383],[31.349193,30.096383],[31.349198,30.096387],[31.349251,30.096408],[31.34928,30.096409],[31.349261,30.096449],[31.349206,30.096503],[31.349183,30.096531],[31.349158,30.096576],[31.34913,30.096597],[31.348923,30.096383],[31.348854,30.096383],[31.348975,30.096507],[31.348762,30.096658],[31.348744,30.096662],[31.348725,30.096659],[31.348708,30.096652],[31.348443,30.096383],[31.348375,30.096383],[31.348485,30.096494],[31.348364,30.096582],[31.348161,30.096383],[31.348092,30.096383],[31.348341,30.096629],[31.348613,30.096905],[31.348641,30.096926],[31.34867,30.096938],[31.34869,30.09694],[31.348792,30.097061],[31.348685,30.097193],[31.348294,30.096971],[31.348348,30.096912],[31.348363,30.09689],[31.348366,30.096865],[31.348351,30.096831],[31.348165,30.096682],[31.348122,30.096665],[31.348081,30.096665],[31.348041,30.096682],[31.347914,30.096815],[31.347801,30.096838],[31.347816,30.096806],[31.347998,30.096598],[31.348002,30.096586],[31.347998,30.096575],[31.347987,30.096566],[31.347975,30.096564],[31.347955,30.096573],[31.34777,30.096785],[31.347755,30.096813],[31.34774,30.096867],[31.347727,30.09689],[31.347726,30.096922],[31.347739,30.09697],[31.347667,30.096993],[31.347539,30.097043],[31.347409,30.096966],[31.347824,30.096383],[31.347763,30.096383],[31.347353,30.096959],[31.347353,30.097043],[31.347381,30.097005],[31.34751,30.097081],[31.347507,30.097137],[31.347525,30.097216],[31.347536,30.097264],[31.347483,30.097237],[31.347455,30.09723],[31.347421,30.097236],[31.347398,30.097252],[31.347353,30.097317],[31.347353,30.097405],[31.34737,30.097381],[31.347588,30.097494],[31.347606,30.097575],[31.347353,30.09745],[31.347353,30.097502],[31.34762,30.097635],[31.347642,30.097684],[31.347667,30.097708],[31.34769,30.09772],[31.347676,30.097766],[31.347353,30.097592],[31.347353,30.097645],[31.347666,30.097814],[31.347655,30.097858],[31.347353,30.097693],[31.347353,30.097747],[31.347636,30.097901],[31.347616,30.09794],[31.347575,30.097993],[31.347353,30.097878],[31.347353,30.09811],[31.347472,30.098171]],[[31.347662,30.097962],[31.347681,30.097925],[31.347758,30.097966],[31.347686,30.098055],[31.347619,30.098017],[31.347627,30.098008],[31.347662,30.097962]],[[31.347803,30.09799],[31.347991,30.098094],[31.347919,30.098187],[31.347729,30.09808],[31.347738,30.098069],[31.347803,30.09799]],[[31.348899,30.098597],[31.348821,30.098703],[31.347963,30.098212],[31.348034,30.098119],[31.348524,30.098386],[31.348899,30.098597]],[[31.348864,30.098728],[31.348942,30.098622],[31.349007,30.098661],[31.34893,30.098768],[31.348864,30.098728]],[[31.349673,30.099046],[31.350154,30.099332],[31.350418,30.099484],[31.350359,30.099572],[31.348973,30.098793],[31.34905,30.098687],[31.349316,30.098846],[31.349673,30.099046]],[[31.347676,30.097038],[31.347703,30.097051],[31.347584,30.097211],[31.347575,30.097202],[31.347559,30.097133],[31.347561,30.097084],[31.347676,30.097038]],[[31.347774,30.097339],[31.347819,30.097319],[31.347857,30.097283],[31.347897,30.097219],[31.347907,30.09717],[31.347892,30.097127],[31.347864,30.097097],[31.347813,30.097053],[31.34774,30.097018],[31.347777,30.097006],[31.348043,30.096949],[31.348085,30.096947],[31.348127,30.096952],[31.34817,30.096963],[31.348242,30.096996],[31.348656,30.097231],[31.348137,30.0979],[31.348008,30.097834],[31.348043,30.097788],[31.348062,30.097724],[31.34805,30.097663],[31.347999,30.097609],[31.347976,30.097592],[31.347951,30.097581],[31.347924,30.097575],[31.34787,30.097573],[31.347801,30.097595],[31.347752,30.097636],[31.347714,30.09768],[31.347686,30.09766],[31.347668,30.097615],[31.347592,30.09728],[31.347678,30.097332],[31.347721,30.097342],[31.347774,30.097339]],[[31.349321,30.096551],[31.349355,30.096552],[31.349363,30.096556],[31.349193,30.096846],[31.34919,30.096861],[31.349198,30.096872],[31.349219,30.096879],[31.349238,30.096868],[31.349405,30.096585],[31.349818,30.09701],[31.349747,30.097084],[31.349737,30.097091],[31.349715,30.097098],[31.34969,30.097092],[31.349467,30.096984],[31.34945,30.096985],[31.349438,30.096993],[31.349433,30.097006],[31.349439,30.09702],[31.349666,30.097132],[31.349689,30.09714],[31.349713,30.097143],[31.349742,30.097139],[31.349767,30.097129],[31.349852,30.097045],[31.350078,30.097278],[31.350083,30.097294],[31.350098,30.097314],[31.350122,30.09733],[31.350145,30.097337],[31.350124,30.097379],[31.349875,30.09771],[31.349838,30.097781],[31.349818,30.097841],[31.349792,30.097961],[31.348747,30.097374],[31.348891,30.097165],[31.348903,30.097136],[31.3489,30.097111],[31.348885,30.097089],[31.348745,30.09693],[31.349195,30.096609],[31.349284,30.096562],[31.349321,30.096551]],[[31.349371,30.096508],[31.349318,30.096506],[31.34925,30.096527],[31.349305,30.096473],[31.349333,30.096414],[31.349352,30.096418],[31.349396,30.096441],[31.350124,30.097199],[31.350092,30.097222],[31.349455,30.096564],[31.349415,30.096531],[31.349371,30.096508]],[[31.350602,30.099279],[31.350596,30.099247],[31.350567,30.099218],[31.350543,30.099217],[31.350531,30.099226],[31.350528,30.099239],[31.350531,30.099249],[31.350548,30.099266],[31.35055,30.099277],[31.350544,30.099297],[31.350445,30.099445],[31.350202,30.099306],[31.350249,30.099223],[31.350258,30.099179],[31.350241,30.099124],[31.350204,30.099077],[31.349931,30.098922],[31.34988,30.098903],[31.349831,30.098893],[31.34977,30.098906],[31.349731,30.098926],[31.349679,30.098995],[31.349368,30.098821],[31.349804,30.098273],[31.349813,30.098267],[31.349822,30.098269],[31.349926,30.098323],[31.34997,30.09833],[31.350003,30.098312],[31.350149,30.098118],[31.350245,30.098171],[31.350262,30.098172],[31.350275,30.098165],[31.35028,30.098148],[31.350273,30.098134],[31.350177,30.09808],[31.350606,30.097504],[31.351357,30.097925],[31.351322,30.097973],[31.35125,30.09793],[31.351212,30.097921],[31.351169,30.097926],[31.351136,30.097944],[31.350981,30.098139],[31.350969,30.098174],[31.350974,30.098206],[31.350994,30.098232],[31.351348,30.098435],[31.350559,30.099511],[31.350488,30.09947],[31.350593,30.099312],[31.350602,30.099279]],[[31.349907,30.098962],[31.350171,30.099112],[31.350194,30.099144],[31.350205,30.099181],[31.3502,30.099208],[31.350159,30.099281],[31.349722,30.09902],[31.349765,30.098961],[31.34979,30.098948],[31.349826,30.098938],[31.349864,30.098946],[31.349907,30.098962]],[[31.349186,30.098613],[31.349294,30.098622],[31.349333,30.098618],[31.34937,30.098603],[31.349399,30.098579],[31.349805,30.098066],[31.349833,30.098003],[31.349851,30.097942],[31.349869,30.09785],[31.349887,30.097795],[31.349922,30.097731],[31.350168,30.097402],[31.350186,30.097374],[31.3502,30.09733],[31.350232,30.097304],[31.350562,30.09748],[31.349964,30.098282],[31.349947,30.098282],[31.349837,30.098226],[31.349803,30.098221],[31.349767,30.09824],[31.349324,30.098796],[31.349094,30.098659],[31.34915,30.098639],[31.349186,30.098613]],[[31.349226,30.098485],[31.349196,30.098434],[31.349132,30.098393],[31.349061,30.098383],[31.348989,30.098405],[31.34894,30.098448],[31.348923,30.098508],[31.348918,30.098554],[31.348561,30.098353],[31.34851,30.098153],[31.348469,30.097855],[31.348468,30.09782],[31.348473,30.097785],[31.348484,30.097752],[31.34872,30.097412],[31.349776,30.098006],[31.349759,30.098045],[31.349358,30.098552],[31.34934,30.098566],[31.34932,30.098574],[31.349296,30.098576],[31.349217,30.09857],[31.349229,30.098544],[31.349226,30.098485]],[[31.349066,30.098429],[31.349114,30.098436],[31.349153,30.09846],[31.349175,30.098496],[31.349177,30.098538],[31.349157,30.098575],[31.34912,30.098602],[31.349044,30.098629],[31.348964,30.098581],[31.348971,30.098555],[31.348974,30.098515],[31.348987,30.098469],[31.34902,30.098441],[31.349066,30.098429]],[[31.34885,30.097125],[31.348846,30.097144],[31.348437,30.097733],[31.348422,30.097775],[31.348416,30.097817],[31.348426,30.097926],[31.348337,30.09796],[31.348315,30.097981],[31.348301,30.09801],[31.348311,30.098145],[31.348328,30.098168],[31.348357,30.098183],[31.348464,30.09818],[31.348499,30.09832],[31.348063,30.098081],[31.348713,30.097237],[31.348826,30.097098],[31.348842,30.097115],[31.34885,30.097125]],[[31.348019,30.098057],[31.347842,30.097958],[31.347974,30.097868],[31.348108,30.097938],[31.348019,30.098057]],[[31.347927,30.097844],[31.347795,30.097933],[31.3477,30.097883],[31.347736,30.097744],[31.347927,30.097844]],[[31.347396,30.097342],[31.347444,30.097278],[31.347462,30.097279],[31.347549,30.097324],[31.347574,30.097434],[31.347396,30.097342]],[[31.348727,30.096884],[31.348717,30.096892],[31.348701,30.096896],[31.348684,30.096894],[31.348651,30.096874],[31.348398,30.096616],[31.348445,30.096585],[31.348727,30.096884]],[[31.348745,30.096707],[31.348786,30.096699],[31.348812,30.096684],[31.349008,30.096542],[31.34909,30.096625],[31.348767,30.096855],[31.34849,30.096566],[31.348478,30.096558],[31.348519,30.096529],[31.348674,30.096686],[31.348707,30.096702],[31.348745,30.096707]],[[31.347789,30.096957],[31.347778,30.096917],[31.347779,30.096899],[31.347784,30.096891],[31.347799,30.096885],[31.347931,30.096859],[31.347951,30.096859],[31.347969,30.096866],[31.347983,30.096877],[31.348002,30.09691],[31.347789,30.096957]],[[31.347977,30.09682],[31.348029,30.096765],[31.348265,30.096931],[31.348249,30.096948],[31.34819,30.096921],[31.34814,30.096908],[31.348088,30.096901],[31.348056,30.096903],[31.348024,30.096849],[31.347993,30.096826],[31.347977,30.09682]],[[31.348092,30.09671],[31.348113,30.09671],[31.348133,30.096718],[31.34831,30.09686],[31.348313,30.096875],[31.348297,30.096896],[31.348062,30.09673],[31.348074,30.096717],[31.348092,30.09671]],[[31.347622,30.097243],[31.347748,30.097073],[31.347783,30.09709],[31.347846,30.097149],[31.347854,30.09717],[31.347848,30.097202],[31.347814,30.097257],[31.347785,30.097285],[31.347759,30.097295],[31.34773,30.097297],[31.347701,30.097291],[31.347622,30.097243]],[[31.348371,30.098139],[31.348359,30.098127],[31.348353,30.098019],[31.348359,30.098005],[31.348369,30.097996],[31.348433,30.097973],[31.348455,30.098136],[31.348371,30.098139]],[[31.34801,30.097726],[31.347995,30.09777],[31.347964,30.09781],[31.347759,30.097704],[31.347791,30.097665],[31.34783,30.097632],[31.347879,30.097618],[31.347915,30.09762],[31.347948,30.09763],[31.348002,30.097683],[31.34801,30.097726]],[[31.351294,30.098011],[31.351119,30.098249],[31.35103,30.098198],[31.351021,30.098177],[31.351026,30.098161],[31.35117,30.097978],[31.351187,30.097969],[31.351207,30.097966],[31.351227,30.097971],[31.351294,30.098011]],[[31.350147,30.09729],[31.350137,30.097284],[31.350128,30.097266],[31.350135,30.097247],[31.350156,30.097237],[31.350179,30.097241],[31.350193,30.097258],[31.350191,30.097276],[31.35017,30.097292],[31.350147,30.09729]]],[[[31.349997,30.096679],[31.350016,30.096689],[31.350037,30.096682],[31.350044,30.096668],[31.35004,30.096654],[31.349822,30.096383],[31.349758,30.096383],[31.349997,30.096679]]],[[[31.347531,30.1],[31.347723,30.1],[31.347353,30.099793],[31.347353,30.0999],[31.347531,30.1]]]]}},{"type":"Feature","properties":{},"geometry":{"type":"MultiPolygon","coordinates":[[[[31.347673,30.103497],[31.34781,30.103419],[31.347846,30.103445],[31.347872,30.103475],[31.347946,30.10344],[31.347907,30.103395],[31.347862,30.103362],[31.347874,30.10334],[31.347895,30.103267],[31.348077,30.103378],[31.34828,30.103281],[31.347762,30.102966],[31.347353,30.102748],[31.347353,30.102959],[31.347651,30.103119],[31.347745,30.103176],[31.347726,30.103266],[31.347718,30.103289],[31.347706,30.103306],[31.347588,30.103373],[31.347353,30.103489],[31.347353,30.103617],[31.347431,30.103617],[31.347673,30.103497]]],[[[31.348057,30.103119],[31.3483,30.103271],[31.348318,30.103263],[31.348421,30.103124],[31.348267,30.103028],[31.348402,30.10295],[31.348428,30.102994],[31.348482,30.103041],[31.348521,30.102987],[31.348487,30.102957],[31.348462,30.102905],[31.348499,30.102859],[31.348896,30.102289],[31.349345,30.101619],[31.350149,30.100556],[31.350212,30.10055],[31.350274,30.100563],[31.350302,30.100578],[31.350341,30.100525],[31.3503,30.100503],[31.350223,30.100487],[31.3502,30.100488],[31.350331,30.100312],[31.350363,30.100237],[31.350369,30.100207],[31.350515,30.100289],[31.350639,30.100122],[31.35042,30.1],[31.349998,30.1],[31.35024,30.100135],[31.35024,30.100163],[31.350234,30.100202],[31.350209,30.100259],[31.349953,30.100601],[31.348883,30.1],[31.348692,30.1],[31.349896,30.100677],[31.349608,30.101057],[31.347723,30.1],[31.347531,30.1],[31.349551,30.101133],[31.34926,30.101519],[31.347353,30.100453],[31.347353,30.10056],[31.349205,30.101596],[31.348807,30.102188],[31.347353,30.101368],[31.347353,30.101552],[31.348713,30.102321],[31.348362,30.102825],[31.34832,30.102857],[31.348148,30.102955],[31.347353,30.102503],[31.347353,30.102719],[31.348057,30.103119]]],[[[31.351507,30.100451],[31.351507,30.100215],[31.351295,30.100097],[31.351367,30.1],[31.351305,30.1],[31.351251,30.100072],[31.351173,30.100028],[31.351194,30.1],[31.351132,30.1],[31.351129,30.100004],[31.351122,30.1],[31.350699,30.1],[31.351507,30.100451]]]]}},{"type":"Feature","properties":{},"geometry":{"type":"Polygon","coordinates":[[[31.347431,30.103617],[31.347353,30.103617],[31.347353,30.103656],[31.347431,30.103617]]]}},{"type":"Feature","properties":{},"geometry":{"type":"MultiPolygon","coordinates":[[[[31.353649,30.08553],[31.353702,30.08553],[31.354127,30.085127],[31.354209,30.085193],[31.354197,30.085214],[31.354193,30.085235],[31.354198,30.085259],[31.35421,30.085282],[31.354425,30.085459],[31.354424,30.085469],[31.35436,30.08553],[31.35443,30.08553],[31.354469,30.085492],[31.354477,30.08547],[31.354476,30.085447],[31.354458,30.08542],[31.354253,30.085255],[31.354247,30.085228],[31.354309,30.085158],[31.354329,30.085112],[31.354323,30.085082],[31.354815,30.084633],[31.355021,30.084802],[31.355068,30.084821],[31.355157,30.084837],[31.355348,30.084981],[31.355262,30.085061],[31.355099,30.085197],[31.35507,30.085226],[31.355066,30.085261],[31.355079,30.085282],[31.355116,30.085316],[31.355163,30.085336],[31.355206,30.085325],[31.355377,30.085177],[31.355382,30.085145],[31.355373,30.08512],[31.355318,30.085075],[31.355386,30.085011],[31.35566,30.085223],[31.35566,30.085163],[31.355223,30.084825],[31.355178,30.084795],[31.355082,30.084778],[31.355052,30.084765],[31.354851,30.0846],[31.355177,30.084294],[31.355487,30.084556],[31.355506,30.084561],[31.355524,30.084552],[31.355529,30.084538],[31.355523,30.084524],[31.355213,30.084262],[31.355454,30.084044],[31.35546,30.084032],[31.355458,30.084021],[31.35545,30.084012],[31.355436,30.084007],[31.355415,30.084014],[31.355158,30.084246],[31.354795,30.084585],[31.354276,30.08506],[31.354269,30.085076],[31.354276,30.085107],[31.354263,30.085137],[31.354243,30.085158],[31.354162,30.085093],[31.35566,30.083669],[31.35566,30.083633],[31.353649,30.08553]],[[31.355117,30.085249],[31.355118,30.085244],[31.355282,30.085107],[31.355327,30.085142],[31.355329,30.085157],[31.355322,30.085163],[31.355177,30.085288],[31.355165,30.085289],[31.355132,30.085267],[31.355117,30.085249]]],[[[31.35566,30.085294],[31.35566,30.085228],[31.355352,30.08553],[31.355419,30.08553],[31.35566,30.085294]]],[[[31.355541,30.084416],[31.355519,30.084412],[31.355502,30.084424],[31.355499,30.084437],[31.355505,30.084449],[31.35566,30.084575],[31.35566,30.084515],[31.355541,30.084416]]]]}},{"type":"Feature","properties":{},"geometry":{"type":"MultiPolygon","coordinates":[[[[31.351507,30.087552],[31.351507,30.087566],[31.352294,30.086809],[31.353535,30.085689],[31.353702,30.08553],[31.353649,30.08553],[31.351507,30.087552]]],[[[31.352795,30.088007],[31.354847,30.086092],[31.35559,30.086708],[31.355609,30.086715],[31.355627,30.086708],[31.355634,30.086692],[31.355626,30.086676],[31.354882,30.086058],[31.355419,30.08553],[31.355352,30.08553],[31.354844,30.086027],[31.354342,30.085617],[31.35443,30.08553],[31.35436,30.08553],[31.354302,30.085587],[31.354288,30.085616],[31.354296,30.085639],[31.354357,30.085693],[31.354598,30.085889],[31.354354,30.086121],[31.353856,30.085718],[31.35384,30.085713],[31.353823,30.085719],[31.353815,30.085732],[31.353818,30.085747],[31.354422,30.086235],[31.354437,30.086236],[31.354448,30.086231],[31.354456,30.08622],[31.354455,30.086207],[31.354392,30.086152],[31.354636,30.08592],[31.354809,30.086061],[31.352757,30.087976],[31.351533,30.089148],[31.351603,30.089148],[31.352795,30.088007]]]]}},{"type":"Feature","properties":{},"geometry":{"type":"Polygon","coordinates":[[[31.351603,30.089148],[31.351533,30.089148],[31.351507,30.089172],[31.351507,30.08924],[31.351603,30.089148]]]}},{"type":"Feature","properties":{},"geometry":{"type":"MultiPolygon","coordinates":[[[[31.352213,30.098223],[31.352231,30.098179],[31.352216,30.098135],[31.352189,30.098105],[31.351507,30.097715],[31.351507,30.097769],[31.351739,30.097902],[31.351642,30.098034],[31.351507,30.097957],[31.351507,30.09801],[31.351614,30.098072],[31.351507,30.098219],[31.351507,30.098303],[31.351782,30.097927],[31.352157,30.09814],[31.352171,30.098158],[31.352178,30.098178],[31.352168,30.0982],[31.351507,30.099079],[31.351507,30.099161],[31.352213,30.098223]]],[[[31.35475,30.099944],[31.35488,30.098784],[31.354874,30.098615],[31.354845,30.098441],[31.354763,30.098292],[31.354639,30.098173],[31.352836,30.09712],[31.352819,30.097117],[31.352801,30.097125],[31.352795,30.097141],[31.352803,30.097155],[31.353032,30.097289],[31.351507,30.099294],[31.351507,30.099377],[31.351934,30.098817],[31.351993,30.098848],[31.351507,30.099499],[31.351507,30.099582],[31.352522,30.098224],[31.35259,30.098266],[31.351507,30.09973],[31.351507,30.099813],[31.353272,30.097429],[31.354607,30.098209],[31.354719,30.098317],[31.354795,30.098453],[31.354823,30.09862],[31.354828,30.098784],[31.354698,30.099943],[31.354699,30.1],[31.354751,30.1],[31.35475,30.099944]],[[31.353229,30.097404],[31.352618,30.098228],[31.35255,30.098186],[31.353164,30.097366],[31.353229,30.097404]],[[31.353075,30.097314],[31.353121,30.09734],[31.352022,30.09881],[31.351963,30.098779],[31.353075,30.097314]]],[[[31.354486,30.099904],[31.354499,30.099905],[31.354541,30.099895],[31.354564,30.099863],[31.35466,30.099157],[31.354402,30.098191],[31.354391,30.098179],[31.35343,30.097636],[31.353345,30.097621],[31.353265,30.09765],[31.352263,30.098989],[31.352074,30.099265],[31.351936,30.099371],[31.351811,30.099507],[31.351574,30.099805],[31.351525,30.099873],[31.351521,30.099886],[31.351528,30.0999],[31.351603,30.099962],[31.351675,30.1],[31.351775,30.1],[31.351633,30.099925],[31.35158,30.099881],[31.351852,30.099534],[31.351974,30.099402],[31.352115,30.099293],[31.352294,30.099032],[31.352914,30.099367],[31.352903,30.099402],[31.352905,30.099456],[31.352927,30.099508],[31.352947,30.099531],[31.352838,30.09967],[31.352669,30.099561],[31.352777,30.099415],[31.35278,30.099402],[31.352774,30.09939],[31.352335,30.099143],[31.352315,30.09914],[31.3523,30.099148],[31.352186,30.099309],[31.352185,30.099326],[31.352195,30.099338],[31.352619,30.099586],[31.352809,30.099707],[31.35259,30.1],[31.352652,30.1],[31.352866,30.099714],[31.352985,30.099563],[31.353014,30.099579],[31.352696,30.1],[31.352758,30.1],[31.353066,30.099593],[31.35311,30.099597],[31.353167,30.099588],[31.353211,30.099569],[31.353492,30.099715],[31.353304,30.1],[31.353364,30.1],[31.353437,30.099891],[31.353632,30.1],[31.353729,30.1],[31.353463,30.099852],[31.353537,30.099738],[31.353864,30.099908],[31.354145,30.099936],[31.354278,30.099965],[31.35426,30.1],[31.354317,30.1],[31.354338,30.09996],[31.354378,30.099885],[31.354434,30.099896],[31.354378,30.1],[31.354435,30.1],[31.354486,30.099904]],[[31.354306,30.098685],[31.354309,30.098672],[31.354296,30.098654],[31.353847,30.098429],[31.353834,30.098426],[31.353822,30.098429],[31.353661,30.098631],[31.353599,30.098657],[31.35359,30.098664],[31.353165,30.099259],[31.353119,30.099249],[31.353052,30.099254],[31.353,30.099275],[31.352374,30.098924],[31.353302,30.097683],[31.353349,30.097667],[31.353412,30.097679],[31.354354,30.098212],[31.354608,30.099158],[31.354514,30.099851],[31.354511,30.099856],[31.354494,30.09986],[31.35439,30.099841],[31.354392,30.09921],[31.354388,30.099197],[31.354379,30.09919],[31.354364,30.099187],[31.354152,30.099204],[31.354138,30.099209],[31.354129,30.09922],[31.354139,30.099803],[31.35402,30.099796],[31.353884,30.099782],[31.353294,30.099471],[31.353305,30.099427],[31.353294,30.099368],[31.353266,30.099323],[31.353695,30.09873],[31.353704,30.098656],[31.353842,30.098479],[31.35427,30.098693],[31.354285,30.098696],[31.354297,30.098693],[31.354306,30.098685]],[[31.352321,30.098994],[31.352345,30.098962],[31.35296,30.099306],[31.352939,30.099328],[31.352321,30.098994]],[[31.353271,30.099512],[31.353535,30.099652],[31.353518,30.099676],[31.35325,30.099536],[31.353271,30.099512]],[[31.353459,30.098972],[31.353229,30.09929],[31.353212,30.099279],[31.35344,30.09896],[31.353459,30.098972]],[[31.353631,30.098694],[31.353649,30.098686],[31.353647,30.098711],[31.353486,30.098933],[31.353467,30.098922],[31.353631,30.098694]],[[31.353107,30.099552],[31.35306,30.099547],[31.353026,30.099534],[31.352997,30.099514],[31.352973,30.099487],[31.352956,30.099448],[31.352955,30.099407],[31.352968,30.099368],[31.353015,30.099319],[31.353062,30.099299],[31.353115,30.099294],[31.353166,30.099306],[31.353216,30.099338],[31.353244,30.099379],[31.353252,30.099426],[31.353241,30.099472],[31.353194,30.099525],[31.353154,30.099544],[31.353107,30.099552]],[[31.352329,30.099194],[31.352718,30.099411],[31.352627,30.099535],[31.352245,30.099312],[31.352329,30.099194]],[[31.354338,30.099832],[31.354191,30.099808],[31.354181,30.099247],[31.35434,30.099235],[31.354338,30.099832]],[[31.353786,30.099812],[31.353563,30.099699],[31.353579,30.099675],[31.353867,30.099825],[31.354014,30.099841],[31.354135,30.099848],[31.354127,30.099889],[31.35388,30.099864],[31.353786,30.099812]],[[31.354179,30.099896],[31.354187,30.099853],[31.354326,30.099876],[31.3543,30.099924],[31.354179,30.099896]]]]}},{"type":"Feature","properties":{},"geometry":{"type":"MultiPolygon","coordinates":[[[[31.353269,30.101437],[31.354486,30.102112],[31.35566,30.102776],[31.35566,30.102456],[31.354849,30.101992],[31.354802,30.101973],[31.354763,30.101964],[31.354719,30.101959],[31.354646,30.101965],[31.35461,30.101945],[31.354621,30.101936],[31.354625,30.101926],[31.354623,30.101915],[31.354613,30.101905],[31.353647,30.101369],[31.353635,30.101365],[31.35362,30.101368],[31.353611,30.101375],[31.353607,30.101388],[31.353437,30.101294],[31.353806,30.100807],[31.35566,30.101857],[31.35566,30.101749],[31.354797,30.101261],[31.35566,30.101741],[31.35566,30.101634],[31.353912,30.10066],[31.354151,30.100341],[31.354175,30.10032],[31.354203,30.100308],[31.354234,30.100304],[31.354266,30.100309],[31.35566,30.101077],[31.35566,30.10097],[31.354322,30.100233],[31.354373,30.100115],[31.354435,30.1],[31.354378,30.1],[31.354326,30.100097],[31.354273,30.100218],[31.354223,30.100214],[31.354258,30.10011],[31.354317,30.1],[31.35426,30.1],[31.35421,30.100095],[31.354188,30.10015],[31.354169,30.100222],[31.354112,30.100248],[31.354067,30.100287],[31.353747,30.100721],[31.35335,30.101245],[31.351507,30.100215],[31.351507,30.100451],[31.353269,30.101437]]],[[[31.354912,30.100246],[31.354822,30.100185],[31.354765,30.100113],[31.354752,30.100048],[31.354751,30.1],[31.354699,30.1],[31.354701,30.100053],[31.354716,30.100128],[31.354783,30.100215],[31.354882,30.100283],[31.35566,30.100726],[31.35566,30.100672],[31.354912,30.100246]]],[[[31.351799,30.100066],[31.352303,30.100352],[31.352317,30.100356],[31.352452,30.100322],[31.352547,30.10028],[31.352758,30.1],[31.352696,30.1],[31.352508,30.100248],[31.352473,30.100263],[31.352476,30.100234],[31.352652,30.1],[31.35259,30.1],[31.352428,30.100216],[31.352419,30.100283],[31.352321,30.100308],[31.351827,30.100027],[31.351775,30.1],[31.351675,30.1],[31.351799,30.100066]]],[[[31.353294,30.100014],[31.353294,30.100033],[31.353303,30.100043],[31.353774,30.100308],[31.353791,30.100308],[31.353805,30.100299],[31.353923,30.100135],[31.353926,30.100116],[31.353915,30.100104],[31.353729,30.1],[31.353632,30.1],[31.353865,30.10013],[31.353775,30.100255],[31.353352,30.100017],[31.353364,30.1],[31.353304,30.1],[31.353294,30.100014]]]]}},{"type":"Feature","properties":{},"geometry":{"type":"MultiPolygon","coordinates":[[[[31.359416,30.080377],[31.359364,30.080372],[31.35911,30.080442],[31.359004,30.080478],[31.357483,30.081913],[31.357524,30.081913],[31.357567,30.081875],[31.357661,30.081864],[31.35772,30.081865],[31.357779,30.081872],[31.357836,30.081885],[31.35789,30.081904],[31.357906,30.081913],[31.357995,30.081913],[31.357993,30.081911],[31.358063,30.081848],[31.358138,30.081913],[31.358212,30.081913],[31.358051,30.081773],[31.358027,30.081745],[31.35801,30.081714],[31.357998,30.081681],[31.357993,30.081646],[31.358002,30.081566],[31.358018,30.081482],[31.358687,30.080889],[31.358736,30.08085],[31.358841,30.08078],[31.358971,30.080711],[31.35911,30.080654],[31.359435,30.080557],[31.359808,30.080528],[31.359813,30.080528],[31.359813,30.080345],[31.359416,30.080377]],[[31.357947,30.08169],[31.357961,30.081731],[31.357983,30.081769],[31.358026,30.081816],[31.357952,30.081884],[31.357913,30.081864],[31.357853,30.081843],[31.357791,30.081828],[31.357723,30.08182],[31.35763,30.081821],[31.357954,30.081538],[31.357941,30.081648],[31.357947,30.08169]]],[[[31.358671,30.081824],[31.359135,30.081112],[31.359208,30.081037],[31.359284,30.081],[31.359382,30.080984],[31.359813,30.080979],[31.359813,30.080933],[31.359377,30.080939],[31.359266,30.080957],[31.359179,30.081],[31.359091,30.081088],[31.358627,30.0818],[31.358553,30.081854],[31.358497,30.081913],[31.358564,30.081913],[31.358592,30.081884],[31.35858,30.081913],[31.358635,30.081913],[31.358671,30.081824]]],[[[31.359574,30.080317],[31.359811,30.0803],[31.359813,30.0803],[31.359813,30.080275],[31.359137,30.080351],[31.359121,30.080367],[31.359212,30.080357],[31.359574,30.080317]]]]}},{"type":"Feature","properties":{},"geometry":{"type":"MultiPolygon","coordinates":[[[[31.35566,30.083633],[31.35566,30.083669],[31.357346,30.082066],[31.357524,30.081913],[31.357483,30.081913],[31.35566,30.083633]]],[[[31.355929,30.08503],[31.356811,30.084708],[31.35696,30.084644],[31.357064,30.084587],[31.357114,30.084548],[31.357413,30.084261],[31.357418,30.084244],[31.35741,30.084231],[31.357394,30.084225],[31.357375,30.084231],[31.357078,30.084515],[31.357034,30.08455],[31.356934,30.084605],[31.35679,30.084667],[31.356459,30.084786],[31.356423,30.08478],[31.356406,30.084771],[31.356379,30.084741],[31.356373,30.084721],[31.356375,30.0847],[31.356383,30.084681],[31.356846,30.084233],[31.356909,30.084174],[31.356929,30.084167],[31.356965,30.084144],[31.356996,30.08411],[31.357015,30.084072],[31.357022,30.084031],[31.356983,30.08384],[31.35696,30.083766],[31.356968,30.08371],[31.358266,30.082359],[31.3584,30.082306],[31.358446,30.082295],[31.358488,30.082275],[31.358523,30.082243],[31.358546,30.082204],[31.358588,30.082032],[31.358635,30.081913],[31.35858,30.081913],[31.358538,30.082018],[31.358525,30.08207],[31.358499,30.082042],[31.358459,30.082018],[31.358455,30.082016],[31.358499,30.08198],[31.358564,30.081913],[31.358497,30.081913],[31.358461,30.08195],[31.358396,30.082002],[31.358372,30.082001],[31.358323,30.082009],[31.358212,30.081913],[31.358138,30.081913],[31.358274,30.08203],[31.358238,30.08206],[31.358215,30.082093],[31.357995,30.081913],[31.357906,30.081913],[31.357941,30.08193],[31.358202,30.082144],[31.358202,30.082172],[31.358209,30.082198],[31.358156,30.082291],[31.357163,30.083293],[31.357155,30.083283],[31.357144,30.083278],[31.357131,30.083278],[31.357118,30.083286],[31.356574,30.08385],[31.356558,30.083874],[31.35655,30.083902],[31.356551,30.083932],[31.356559,30.083957],[31.356573,30.08398],[31.356593,30.083998],[31.356659,30.08404],[31.356664,30.084068],[31.356679,30.084103],[31.356709,30.084139],[31.356701,30.084183],[31.35669,30.084208],[31.356656,30.084255],[31.355931,30.084959],[31.355722,30.084767],[31.355721,30.084748],[31.355765,30.084685],[31.355775,30.084657],[31.35577,30.084619],[31.355753,30.084592],[31.35566,30.084515],[31.35566,30.084575],[31.355693,30.084602],[31.35572,30.084634],[31.355723,30.084652],[31.355718,30.084666],[31.355673,30.084729],[31.355667,30.084747],[31.355668,30.084768],[31.355681,30.084796],[31.355897,30.084993],[31.355697,30.085191],[31.35566,30.085163],[31.35566,30.085223],[31.355663,30.085225],[31.35566,30.085228],[31.35566,30.085294],[31.355929,30.08503]],[[31.35605,30.084936],[31.356009,30.084951],[31.356695,30.084284],[31.356736,30.084228],[31.356757,30.084169],[31.356791,30.084181],[31.356825,30.084186],[31.356808,30.084202],[31.35605,30.084936]],[[31.356352,30.084789],[31.356385,30.084813],[31.356162,30.084895],[31.356325,30.084737],[31.356333,30.084762],[31.356352,30.084789]],[[31.356922,30.083688],[31.356907,30.083769],[31.356943,30.083901],[31.356891,30.083878],[31.356844,30.083872],[31.356797,30.083876],[31.356752,30.083891],[31.356817,30.083712],[31.358197,30.082318],[31.358239,30.082248],[31.358267,30.082273],[31.358305,30.082294],[31.358239,30.08232],[31.356922,30.083688]],[[31.358261,30.082193],[31.358254,30.082166],[31.358254,30.082138],[31.358263,30.082112],[31.358278,30.082089],[31.3583,30.082069],[31.358351,30.082048],[31.3584,30.082048],[31.358435,30.082058],[31.358464,30.082076],[31.358486,30.0821],[31.358499,30.082129],[31.358503,30.082159],[31.358496,30.08219],[31.35848,30.082217],[31.358455,30.082239],[31.358424,30.082255],[31.358389,30.082262],[31.358357,30.082261],[31.358326,30.082252],[31.358299,30.082238],[31.358277,30.082217],[31.358261,30.082193]],[[31.356713,30.08384],[31.356682,30.083952],[31.356665,30.083987],[31.356627,30.083964],[31.356607,30.08394],[31.356602,30.083908],[31.356606,30.083892],[31.356617,30.083876],[31.356713,30.083776],[31.356732,30.08379],[31.356713,30.08384]],[[31.356753,30.083734],[31.35675,30.083744],[31.356746,30.083742],[31.356753,30.083734]],[[31.356726,30.084084],[31.356714,30.084056],[31.35671,30.084027],[31.356715,30.083998],[31.356729,30.083972],[31.35675,30.083949],[31.356777,30.083931],[31.356809,30.08392],[31.356842,30.083917],[31.356876,30.083922],[31.356907,30.083933],[31.356934,30.083952],[31.356954,30.083975],[31.356966,30.084003],[31.35697,30.084032],[31.356965,30.084061],[31.356951,30.084087],[31.35693,30.08411],[31.356903,30.084128],[31.356871,30.084138],[31.356837,30.084142],[31.356804,30.084137],[31.356773,30.084126],[31.356752,30.084111],[31.356726,30.084084]]]]}},{"type":"Feature","properties":{},"geometry":{"type":"MultiPolygon","coordinates":[[[[31.356098,30.103025],[31.357099,30.103583],[31.357142,30.103617],[31.357736,30.103617],[31.357609,30.103548],[31.357829,30.103244],[31.35785,30.103202],[31.357873,30.103126],[31.35792,30.10244],[31.357916,30.102382],[31.357902,30.102324],[31.35788,30.102268],[31.357848,30.102216],[31.357799,30.102162],[31.357042,30.101732],[31.35566,30.10097],[31.35566,30.101077],[31.356942,30.101784],[31.356651,30.102185],[31.35566,30.101634],[31.35566,30.101741],[31.356596,30.102262],[31.356587,30.102274],[31.35566,30.101749],[31.35566,30.101857],[31.356532,30.10235],[31.356222,30.102777],[31.35566,30.102456],[31.35566,30.102776],[31.356098,30.103025]],[[31.356309,30.102826],[31.356619,30.1024],[31.357774,30.103068],[31.357763,30.103142],[31.357737,30.103202],[31.357521,30.1035],[31.356309,30.102826]],[[31.357789,30.102824],[31.356738,30.102234],[31.357029,30.101833],[31.357734,30.102233],[31.357761,30.102266],[31.357786,30.102307],[31.357803,30.102351],[31.357813,30.102396],[31.357816,30.102442],[31.357811,30.102492],[31.357789,30.102824]],[[31.357782,30.102928],[31.35778,30.102962],[31.356674,30.102323],[31.356683,30.102311],[31.357782,30.102928]]],[[[31.358262,30.103608],[31.358213,30.103512],[31.358188,30.103425],[31.358095,30.10233],[31.358075,30.102197],[31.358,30.102078],[31.357846,30.101925],[31.357687,30.101827],[31.35566,30.100672],[31.35566,30.100726],[31.357658,30.101865],[31.357811,30.101959],[31.357957,30.102105],[31.358024,30.102209],[31.358043,30.102334],[31.358137,30.103434],[31.358164,30.103526],[31.35821,30.103617],[31.358269,30.103617],[31.358262,30.103608]]]]}},{"type":"Feature","properties":{},"geometry":{"type":"MultiPolygon","coordinates":[[[[31.357166,30.103636],[31.357491,30.10383],[31.357511,30.103847],[31.35752,30.103865],[31.357517,30.103889],[31.357588,30.103929],[31.357602,30.103898],[31.357603,30.103864],[31.357788,30.103965],[31.357752,30.10398],[31.357724,30.104005],[31.357795,30.104045],[31.357821,30.104031],[31.357842,30.10403],[31.357866,30.104036],[31.358324,30.104262],[31.358374,30.104284],[31.358615,30.104415],[31.359813,30.105023],[31.359813,30.104735],[31.359476,30.104568],[31.357736,30.103617],[31.357142,30.103617],[31.357166,30.103636]]],[[[31.358468,30.103796],[31.358384,30.103749],[31.358322,30.103684],[31.358269,30.103617],[31.35821,30.103617],[31.358217,30.103631],[31.358282,30.103712],[31.358353,30.103786],[31.359813,30.104553],[31.359813,30.104501],[31.358468,30.103796]]]]}},{"type":"Feature","properties":{},"geometry":{"type":"MultiPolygon","coordinates":[[[[31.36363,30.080293],[31.363601,30.080301],[31.363576,30.080317],[31.363557,30.080342],[31.363549,30.08037],[31.363606,30.080781],[31.363613,30.080806],[31.363602,30.080803],[31.363546,30.080805],[31.363529,30.080801],[31.363505,30.08078],[31.363498,30.080764],[31.363457,30.080479],[31.363466,30.080396],[31.363488,30.080323],[31.363527,30.080265],[31.363554,30.08024],[31.363588,30.080217],[31.363626,30.0802],[31.363725,30.08017],[31.363779,30.080147],[31.363874,30.08009],[31.363919,30.080077],[31.363967,30.080074],[31.363967,30.08],[31.363103,30.08],[31.362855,30.080043],[31.362592,30.080094],[31.362187,30.080183],[31.362047,30.080208],[31.362023,30.080025],[31.361595,30.080073],[31.361621,30.080261],[31.361431,30.080272],[31.36124,30.080274],[31.361042,30.080268],[31.36083,30.08027],[31.360675,30.080276],[31.359813,30.080345],[31.359813,30.080528],[31.359919,30.080545],[31.360036,30.080585],[31.360159,30.080657],[31.360266,30.080748],[31.360371,30.080858],[31.36062,30.081152],[31.360795,30.081337],[31.360983,30.081508],[31.361184,30.081665],[31.361396,30.081806],[31.361585,30.081913],[31.361738,30.081913],[31.361445,30.081747],[31.361236,30.081608],[31.36104,30.081455],[31.360858,30.08129],[31.360685,30.081107],[31.360437,30.080814],[31.360329,30.0807],[31.360211,30.0806],[31.360078,30.080523],[31.360041,30.080509],[31.360539,30.080467],[31.360829,30.080451],[31.360786,30.080481],[31.360736,30.080527],[31.360695,30.080579],[31.360664,30.080636],[31.360642,30.080697],[31.360632,30.080759],[31.360632,30.080823],[31.360642,30.080883],[31.360665,30.080945],[31.360695,30.081],[31.36074,30.081056],[31.360788,30.081101],[31.360845,30.08114],[31.360909,30.081171],[31.360979,30.081195],[31.361052,30.081208],[31.361121,30.081215],[31.3612,30.081214],[31.361274,30.081206],[31.361353,30.081188],[31.361434,30.08116],[31.361515,30.08112],[31.361584,30.081073],[31.361645,30.081019],[31.361694,30.080963],[31.361734,30.080903],[31.361785,30.081078],[31.361777,30.081141],[31.361772,30.081228],[31.361819,30.081324],[31.36185,30.081407],[31.361993,30.081685],[31.362097,30.081869],[31.362125,30.081913],[31.362667,30.081913],[31.362585,30.081773],[31.362526,30.081579],[31.362405,30.08113],[31.362479,30.08115],[31.362545,30.081161],[31.362617,30.081164],[31.362694,30.08116],[31.362764,30.081147],[31.362832,30.081128],[31.362955,30.081073],[31.36301,30.081037],[31.363061,30.080992],[31.363105,30.08094],[31.363138,30.080887],[31.363164,30.080823],[31.363177,30.080762],[31.363181,30.080704],[31.363174,30.080637],[31.363157,30.080576],[31.363132,30.080523],[31.363092,30.080464],[31.363042,30.080412],[31.362988,30.08037],[31.362918,30.080329],[31.362849,30.0803],[31.362779,30.08028],[31.36266,30.080266],[31.362899,30.080219],[31.363333,30.080145],[31.363418,30.080132],[31.363359,30.080174],[31.363298,30.080236],[31.363251,30.080305],[31.363219,30.080381],[31.363202,30.080464],[31.363201,30.080555],[31.363209,30.080681],[31.363203,30.080767],[31.363182,30.080856],[31.363138,30.08093],[31.363083,30.08099],[31.363022,30.081038],[31.362715,30.081242],[31.362673,30.081278],[31.362638,30.081314],[31.362608,30.081355],[31.362585,30.081398],[31.362568,30.081444],[31.362558,30.081492],[31.362558,30.081612],[31.362572,30.08169],[31.362598,30.081769],[31.362641,30.081862],[31.36267,30.081913],[31.362763,30.081913],[31.36276,30.081907],[31.362717,30.081834],[31.362695,30.081785],[31.362773,30.081913],[31.362831,30.081913],[31.362737,30.081757],[31.362709,30.081703],[31.362681,30.081625],[31.362678,30.081579],[31.362682,30.081532],[31.362694,30.081486],[31.362712,30.081442],[31.362736,30.0814],[31.36281,30.081315],[31.362804,30.081294],[31.362783,30.081287],[31.362936,30.081184],[31.363017,30.081153],[31.363091,30.081114],[31.36315,30.081076],[31.363243,30.081003],[31.363332,30.080953],[31.36338,30.080934],[31.36348,30.080906],[31.36362,30.080888],[31.36363,30.080878],[31.363632,30.080865],[31.363626,30.080853],[31.363612,30.080846],[31.363623,30.080837],[31.363626,30.080824],[31.363652,30.08084],[31.363675,30.080846],[31.3637,30.080845],[31.363967,30.080819],[31.363967,30.080773],[31.363849,30.080785],[31.363774,30.080322],[31.363928,30.080306],[31.363967,30.080573],[31.363967,30.080257],[31.36363,30.080293]],[[31.36158,30.080974],[31.361527,30.081021],[31.361466,30.081061],[31.3614,30.081094],[31.36133,30.081119],[31.361256,30.081135],[31.361192,30.081142],[31.361127,30.081143],[31.361063,30.081137],[31.361001,30.081124],[31.360944,30.081106],[31.360892,30.08108],[31.360844,30.081047],[31.360803,30.081009],[31.360768,30.080966],[31.360742,30.080919],[31.360724,30.080869],[31.360715,30.080817],[31.360715,30.080765],[31.360724,30.080713],[31.360741,30.080663],[31.360767,30.080616],[31.360801,30.080572],[31.360842,30.080534],[31.36089,30.080501],[31.360942,30.080475],[31.360999,30.080456],[31.361027,30.080449],[31.361241,30.080455],[31.361436,30.080452],[31.361645,30.080441],[31.361669,30.080616],[31.361704,30.080782],[31.361665,30.080863],[31.361626,30.080921],[31.36158,30.080974]],[[31.36254,30.080336],[31.362434,30.08038],[31.362372,30.080416],[31.362325,30.080458],[31.362288,30.080502],[31.362255,30.080558],[31.362235,30.080607],[31.362222,30.080663],[31.362219,30.080723],[31.362226,30.080782],[31.362279,30.080977],[31.362239,30.080942],[31.362202,30.080899],[31.362139,30.08081],[31.362106,30.080657],[31.36207,30.080389],[31.362326,30.080338],[31.36254,30.080336]],[[31.363666,30.0801],[31.363657,30.080103],[31.363662,30.0801],[31.363666,30.0801]],[[31.363415,30.080245],[31.363384,30.080288],[31.363362,30.080335],[31.363348,30.080385],[31.363341,30.080435],[31.363341,30.080496],[31.363369,30.080738],[31.363382,30.080778],[31.363409,30.080812],[31.363426,30.080821],[31.363445,30.080816],[31.363454,30.080805],[31.363454,30.080792],[31.363429,30.080759],[31.36342,30.08073],[31.363392,30.080493],[31.363393,30.080436],[31.363411,30.080349],[31.363431,30.080309],[31.363457,30.080272],[31.363466,30.080262],[31.36344,30.080307],[31.363415,30.080386],[31.363406,30.080479],[31.363447,30.080773],[31.363461,30.080804],[31.36348,30.080825],[31.363503,30.08084],[31.363537,30.08085],[31.363574,30.080849],[31.363468,30.080862],[31.363361,30.080892],[31.363259,30.080938],[31.363206,30.080971],[31.363261,30.080878],[31.363286,30.080776],[31.363292,30.080679],[31.363284,30.080553],[31.363285,30.080468],[31.363299,30.0804],[31.363326,30.080337],[31.363366,30.080278],[31.363417,30.080226],[31.363479,30.080183],[31.363557,30.080142],[31.363503,30.080171],[31.363455,30.080205],[31.363415,30.080245]],[[31.363613,30.080349],[31.363626,30.080341],[31.363723,30.080328],[31.363797,30.08079],[31.363682,30.080801],[31.363673,30.080798],[31.36366,30.080786],[31.363601,30.080372],[31.363613,30.080349]],[[31.362294,30.081157],[31.362281,30.081125],[31.362228,30.081057],[31.362202,30.081032],[31.362194,30.081005],[31.362228,30.081035],[31.362308,30.081087],[31.362376,30.081338],[31.362338,30.081237],[31.362294,30.081157]],[[31.363083,30.080806],[31.363063,30.080855],[31.363035,30.080901],[31.362999,30.080943],[31.362958,30.080981],[31.36291,30.081012],[31.362799,30.081061],[31.36274,30.081078],[31.36268,30.081088],[31.362619,30.081092],[31.362557,30.081089],[31.362497,30.08108],[31.362438,30.081064],[31.362381,30.081041],[31.362308,30.080768],[31.362302,30.080721],[31.362304,30.080674],[31.362314,30.080628],[31.362332,30.080584],[31.362357,30.080543],[31.362388,30.080505],[31.362425,30.080472],[31.36253,30.080418],[31.362587,30.080398],[31.362647,30.080383],[31.362708,30.080373],[31.362825,30.08037],[31.362879,30.080393],[31.362935,30.080425],[31.362984,30.080464],[31.363026,30.080508],[31.363056,30.080553],[31.363078,30.080601],[31.363092,30.080651],[31.363098,30.080703],[31.363095,30.080755],[31.363083,30.080806]],[[31.362682,30.081388],[31.362716,30.081346],[31.362691,30.081378],[31.362665,30.081423],[31.362648,30.081462],[31.362663,30.081423],[31.362682,30.081388]]],[[[31.359841,30.080978],[31.360018,30.080992],[31.360136,30.081044],[31.360262,30.081178],[31.360678,30.081638],[31.360923,30.081913],[31.360989,30.081913],[31.360719,30.08161],[31.360303,30.08115],[31.360171,30.08101],[31.360032,30.080948],[31.359842,30.080933],[31.359813,30.080933],[31.359813,30.080979],[31.359841,30.080978]]],[[[31.359843,30.080291],[31.359877,30.080268],[31.359813,30.080275],[31.359813,30.0803],[31.359843,30.080291]]],[[[31.360119,30.080265],[31.360159,30.080266],[31.360188,30.080258],[31.360272,30.080223],[31.360075,30.080245],[31.360082,30.08025],[31.360119,30.080265]]]]}},{"type":"Feature","properties":{},"geometry":{"type":"MultiPolygon","coordinates":[[[[31.361604,30.082675],[31.361635,30.08276],[31.361642,30.082853],[31.361595,30.082971],[31.361437,30.083331],[31.361395,30.083415],[31.361363,30.083564],[31.361381,30.083633],[31.361465,30.083734],[31.36172,30.084001],[31.36242,30.084771],[31.363121,30.085494],[31.363113,30.08553],[31.363223,30.08553],[31.363194,30.085499],[31.363221,30.085492],[31.363256,30.08553],[31.363323,30.08553],[31.363266,30.085468],[31.363967,30.084946],[31.363967,30.084887],[31.363217,30.085445],[31.363158,30.085462],[31.36246,30.084742],[31.361785,30.083999],[31.36239,30.083858],[31.362511,30.084017],[31.362527,30.084023],[31.362544,30.08402],[31.362555,30.084006],[31.362552,30.08399],[31.362423,30.08382],[31.361881,30.082982],[31.361835,30.082936],[31.36178,30.082903],[31.361685,30.082883],[31.361694,30.082857],[31.361686,30.082753],[31.361649,30.082652],[31.360989,30.081913],[31.360923,30.081913],[31.361604,30.082675]],[[31.361732,30.08351],[31.36171,30.083513],[31.361489,30.083686],[31.361427,30.083613],[31.361415,30.083565],[31.361445,30.083429],[31.361485,30.083347],[31.361668,30.082927],[31.361757,30.082943],[31.361799,30.082969],[31.361839,30.083009],[31.362362,30.083817],[31.361749,30.083961],[31.361521,30.083722],[31.361744,30.083547],[31.36175,30.083537],[31.36175,30.083524],[31.361732,30.08351]]],[[[31.361691,30.081972],[31.361877,30.082085],[31.362036,30.082193],[31.362202,30.082318],[31.362382,30.08247],[31.362741,30.082802],[31.362861,30.082931],[31.363121,30.083184],[31.363171,30.083228],[31.36323,30.083269],[31.363295,30.083304],[31.363363,30.083384],[31.363476,30.083495],[31.363505,30.083581],[31.363556,30.083668],[31.36363,30.083751],[31.363967,30.084087],[31.363967,30.083328],[31.363891,30.083244],[31.363917,30.083212],[31.363951,30.083184],[31.363967,30.083175],[31.363967,30.083083],[31.363947,30.083089],[31.363896,30.083117],[31.363849,30.083156],[31.36383,30.083179],[31.363705,30.083048],[31.363787,30.08305],[31.363967,30.083031],[31.363967,30.082948],[31.363778,30.082969],[31.363702,30.082966],[31.363628,30.082952],[31.363606,30.082944],[31.36332,30.082606],[31.363426,30.082549],[31.363499,30.082755],[31.363522,30.082803],[31.363561,30.082848],[31.363609,30.082882],[31.363664,30.082906],[31.363725,30.082918],[31.363787,30.082918],[31.363967,30.082902],[31.363967,30.082857],[31.363783,30.082873],[31.363731,30.082873],[31.363682,30.082864],[31.363637,30.082844],[31.363598,30.082817],[31.363568,30.082782],[31.363548,30.082741],[31.363423,30.082391],[31.36341,30.082384],[31.363395,30.082384],[31.363382,30.082391],[31.363377,30.082403],[31.36341,30.082505],[31.36329,30.082569],[31.362978,30.082167],[31.36296,30.08215],[31.362941,30.082143],[31.362927,30.082089],[31.362906,30.082037],[31.362831,30.081913],[31.362773,30.081913],[31.362842,30.082027],[31.362763,30.081913],[31.36267,30.081913],[31.362686,30.081942],[31.362728,30.082007],[31.362854,30.082174],[31.362834,30.082165],[31.362766,30.08207],[31.3627,30.081969],[31.362667,30.081913],[31.362125,30.081913],[31.362209,30.082047],[31.362322,30.08221],[31.362443,30.082371],[31.362637,30.082601],[31.362442,30.08242],[31.362259,30.082266],[31.362088,30.082137],[31.361926,30.082026],[31.361738,30.081913],[31.361738,30.081913],[31.361585,30.081913],[31.361691,30.081972]],[[31.362913,30.08285],[31.363022,30.08298],[31.362928,30.082888],[31.362913,30.08285]]]]}},{"type":"Feature","properties":{},"geometry":{"type":"MultiPolygon","coordinates":[[[[31.363106,30.08556],[31.363064,30.085655],[31.362566,30.086525],[31.36249,30.086664],[31.362492,30.086683],[31.362504,30.086692],[31.362516,30.086694],[31.362528,30.086691],[31.362538,30.086681],[31.362613,30.086544],[31.363111,30.085674],[31.363155,30.085575],[31.363164,30.085538],[31.363775,30.086186],[31.363967,30.086387],[31.363967,30.086316],[31.363815,30.086158],[31.363223,30.08553],[31.363113,30.08553],[31.363106,30.08556]]],[[[31.363765,30.087117],[31.363756,30.087132],[31.363762,30.087148],[31.363779,30.087157],[31.363798,30.087152],[31.363967,30.087031],[31.363967,30.086972],[31.363765,30.087117]]],[[[31.363853,30.086103],[31.363323,30.08553],[31.363256,30.08553],[31.363813,30.086131],[31.363967,30.086293],[31.363967,30.086222],[31.363853,30.086103]]]]}},{"type":"Feature","properties":{},"geometry":{"type":"Polygon","coordinates":[[[31.363924,30.103352],[31.363967,30.103343],[31.363967,30.103297],[31.36391,30.103308],[31.363902,30.103296],[31.363876,30.103275],[31.363846,30.103265],[31.363298,30.102794],[31.363439,30.102715],[31.363463,30.102711],[31.363487,30.102714],[31.363509,30.102722],[31.363874,30.103066],[31.36391,30.103105],[31.363938,30.103147],[31.363967,30.103216],[31.363967,30.103101],[31.363951,30.103078],[31.363913,30.103036],[31.363567,30.102706],[31.363538,30.102684],[31.363499,30.102669],[31.363457,30.102666],[31.363418,30.102674],[31.363277,30.102752],[31.363243,30.10273],[31.363208,30.102723],[31.363171,30.102728],[31.363142,30.102744],[31.363119,30.102771],[31.363111,30.102802],[31.363118,30.102834],[31.363135,30.102859],[31.363165,30.102878],[31.36319,30.102884],[31.363719,30.103351],[31.36372,30.103368],[31.36366,30.103364],[31.36359,30.10335],[31.363381,30.103294],[31.363257,30.103251],[31.363153,30.103195],[31.362763,30.102898],[31.362746,30.102894],[31.36273,30.1029],[31.362722,30.102916],[31.362731,30.102934],[31.36312,30.10323],[31.363177,30.103264],[31.363297,30.103316],[31.363365,30.103338],[31.363615,30.103403],[31.363705,30.103414],[31.363749,30.103413],[31.363777,30.103431],[31.363708,30.103617],[31.363763,30.103617],[31.363829,30.103439],[31.363955,30.10357],[31.363967,30.103581],[31.363967,30.103512],[31.363881,30.103423],[31.363907,30.1034],[31.363967,30.103451],[31.363967,30.103388],[31.363924,30.103352]],[[31.363736,30.103301],[31.363252,30.102874],[31.36327,30.102863],[31.363285,30.102847],[31.363779,30.10327],[31.363764,30.103277],[31.363736,30.103301]],[[31.363166,30.102817],[31.363164,30.102803],[31.363167,30.10279],[31.363176,30.102778],[31.36319,30.102771],[31.363206,30.102768],[31.363222,30.102771],[31.363236,30.102779],[31.363244,30.102791],[31.363247,30.102805],[31.363244,30.102819],[31.363234,30.10283],[31.36322,30.102838],[31.363204,30.10284],[31.363188,30.102837],[31.363175,30.102829],[31.363166,30.102817]],[[31.363809,30.103308],[31.363828,30.103307],[31.363847,30.103313],[31.363862,30.103325],[31.36387,30.10334],[31.363871,30.103357],[31.363865,30.103373],[31.363851,30.103386],[31.363833,30.103393],[31.363814,30.103394],[31.363795,30.103388],[31.36378,30.103377],[31.363772,30.103361],[31.363771,30.103344],[31.363777,30.103328],[31.363791,30.103316],[31.363809,30.103308]]]}},{"type":"Feature","properties":{},"geometry":{"type":"MultiPolygon","coordinates":[[[[31.361493,30.105876],[31.363038,30.106648],[31.363967,30.107107],[31.363967,30.106831],[31.363532,30.106616],[31.363558,30.106592],[31.363643,30.106533],[31.363669,30.106561],[31.363699,30.106582],[31.363967,30.106716],[31.363967,30.106666],[31.36373,30.106545],[31.363705,30.106529],[31.363687,30.106509],[31.363728,30.106489],[31.363819,30.106475],[31.363911,30.106483],[31.363967,30.106501],[31.363967,30.106453],[31.363921,30.106438],[31.363815,30.10643],[31.36371,30.106447],[31.363638,30.10648],[31.363582,30.106516],[31.362776,30.106105],[31.362757,30.106103],[31.362742,30.106111],[31.362737,30.106128],[31.36275,30.106144],[31.363539,30.106547],[31.363486,30.106593],[31.363268,30.106489],[31.363217,30.106482],[31.363176,30.106487],[31.362402,30.106099],[31.362365,30.105975],[31.362364,30.105883],[31.362387,30.105793],[31.362434,30.105705],[31.362474,30.105645],[31.362531,30.105582],[31.363092,30.105105],[31.363967,30.104352],[31.363967,30.103923],[31.363872,30.104113],[31.362891,30.104931],[31.362085,30.105622],[31.361987,30.105684],[31.361878,30.105729],[31.361761,30.105754],[31.361715,30.105757],[31.361534,30.105666],[31.36149,30.105612],[31.361423,30.105548],[31.361334,30.105485],[31.359813,30.104735],[31.359813,30.105023],[31.361493,30.105876]],[[31.362193,30.105732],[31.362275,30.105661],[31.362229,30.105747],[31.3622,30.10586],[31.362201,30.105999],[31.361933,30.105865],[31.362072,30.105809],[31.362193,30.105732]]],[[[31.363565,30.104004],[31.363493,30.104136],[31.363373,30.104305],[31.363224,30.104444],[31.363131,30.104498],[31.363056,30.104511],[31.362953,30.104498],[31.362824,30.104449],[31.362024,30.103759],[31.361933,30.103704],[31.361854,30.103681],[31.361788,30.103678],[31.361708,30.1037],[31.361623,30.103756],[31.36068,30.104603],[31.360573,30.104677],[31.360474,30.104716],[31.360371,30.104733],[31.36029,30.104735],[31.360212,30.10471],[31.359813,30.104501],[31.359813,30.104553],[31.360188,30.10475],[31.360287,30.10478],[31.360377,30.104778],[31.360491,30.104759],[31.3606,30.104715],[31.360713,30.104638],[31.361659,30.103789],[31.361733,30.10374],[31.361795,30.103723],[31.361843,30.103725],[31.36191,30.103745],[31.361991,30.103794],[31.362793,30.104486],[31.362937,30.104541],[31.363057,30.104557],[31.363151,30.10454],[31.363257,30.104478],[31.363414,30.104332],[31.363538,30.104159],[31.363614,30.104019],[31.363763,30.103617],[31.363708,30.103617],[31.363565,30.104004]]]]}},{"type":"Feature","properties":{},"geometry":{"type":"Polygon","coordinates":[[[31.363883,30.116655],[31.363791,30.116702],[31.363673,30.116741],[31.363122,30.116872],[31.362959,30.116852],[31.362899,30.116837],[31.362836,30.116815],[31.362756,30.11677],[31.36208,30.116325],[31.362011,30.116414],[31.36197,30.116495],[31.362472,30.116837],[31.362489,30.116856],[31.362516,30.116906],[31.362522,30.11696],[31.362515,30.117006],[31.3618,30.117168],[31.361832,30.11743],[31.361854,30.117495],[31.361872,30.117491],[31.361948,30.117741],[31.362044,30.117911],[31.362059,30.117928],[31.361923,30.11748],[31.363191,30.117221],[31.363354,30.117255],[31.363314,30.117378],[31.363313,30.117418],[31.362909,30.117517],[31.362879,30.117527],[31.362851,30.117545],[31.362827,30.117571],[31.362812,30.117603],[31.362808,30.117637],[31.362871,30.117839],[31.36249,30.117929],[31.362126,30.118006],[31.36216,30.118046],[31.362503,30.117972],[31.362884,30.117883],[31.362947,30.118087],[31.362999,30.118087],[31.362865,30.117655],[31.36286,30.117634],[31.362863,30.117614],[31.362871,30.117596],[31.362885,30.11758],[31.362903,30.117568],[31.362927,30.11756],[31.36332,30.117463],[31.363511,30.118087],[31.363565,30.118087],[31.363364,30.117432],[31.363365,30.117387],[31.363404,30.117269],[31.363514,30.117311],[31.363595,30.117356],[31.363654,30.117398],[31.363707,30.117447],[31.363785,30.117533],[31.363835,30.117615],[31.363866,30.11768],[31.363881,30.117738],[31.36389,30.117799],[31.363892,30.117861],[31.363886,30.117924],[31.363861,30.118087],[31.363967,30.118087],[31.363967,30.117522],[31.363924,30.117453],[31.363889,30.117414],[31.363889,30.117346],[31.363899,30.117296],[31.363919,30.117249],[31.363944,30.117208],[31.363967,30.117182],[31.363967,30.117079],[31.363962,30.117082],[31.363917,30.11712],[31.363875,30.117168],[31.363841,30.117222],[31.363819,30.117278],[31.363808,30.117329],[31.363764,30.11729],[31.363689,30.117236],[31.363598,30.117186],[31.363509,30.11715],[31.363734,30.1171],[31.363967,30.117054],[31.363967,30.116858],[31.363891,30.116884],[31.363717,30.116918],[31.363877,30.116867],[31.363967,30.116821],[31.363967,30.116601],[31.363883,30.116655]],[[31.362719,30.116889],[31.362774,30.116919],[31.362824,30.116938],[31.362657,30.116974],[31.362655,30.116923],[31.362682,30.116916],[31.362719,30.116889]],[[31.362627,30.116833],[31.362658,30.116853],[31.36264,30.116861],[31.362629,30.116836],[31.362627,30.116833]]]}},{"type":"Feature","properties":{},"geometry":{"type":"MultiPolygon","coordinates":[[[[31.363072,30.118498],[31.363079,30.118609],[31.363097,30.118695],[31.363184,30.118973],[31.363199,30.118988],[31.363214,30.118989],[31.363225,30.118985],[31.363233,30.118976],[31.363235,30.118963],[31.363136,30.118643],[31.363128,30.118565],[31.36359,30.118449],[31.36362,30.118431],[31.363636,30.118412],[31.363646,30.118387],[31.363648,30.118365],[31.363644,30.118343],[31.363565,30.118087],[31.363511,30.118087],[31.363593,30.118354],[31.363595,30.118379],[31.363581,30.118401],[31.363553,30.118413],[31.363126,30.118519],[31.363123,30.118489],[31.362999,30.118087],[31.362947,30.118087],[31.363072,30.118498]]],[[[31.36374,30.118889],[31.363652,30.118925],[31.36354,30.118957],[31.362451,30.119179],[31.362423,30.119307],[31.362425,30.119364],[31.363552,30.119142],[31.363582,30.119141],[31.363642,30.119153],[31.363707,30.119188],[31.363618,30.11996],[31.363593,30.120262],[31.363516,30.120776],[31.36368,30.120804],[31.363758,30.120278],[31.363783,30.119974],[31.363846,30.119458],[31.363879,30.119427],[31.363902,30.119395],[31.36392,30.11936],[31.36393,30.119326],[31.363967,30.119109],[31.363967,30.118614],[31.363882,30.119113],[31.363904,30.118911],[31.363967,30.118498],[31.363967,30.118087],[31.363861,30.118087],[31.36374,30.118889]],[[31.363728,30.118994],[31.363718,30.119086],[31.363695,30.119075],[31.363699,30.119052],[31.363693,30.119008],[31.363728,30.118994]],[[31.363593,30.119038],[31.363594,30.119039],[31.363594,30.119051],[31.363534,30.119052],[31.363357,30.119087],[31.363593,30.119038]]],[[[31.363963,30.119288],[31.363657,30.121463],[31.363616,30.121705],[31.363784,30.121705],[31.363812,30.121538],[31.363967,30.121578],[31.363967,30.121484],[31.363826,30.121448],[31.363967,30.120451],[31.363967,30.119268],[31.363963,30.119288]]]]}},{"type":"Feature","properties":{},"geometry":{"type":"MultiPolygon","coordinates":[[[[31.363609,30.121743],[31.363389,30.12375],[31.363359,30.123772],[31.363305,30.123829],[31.363286,30.123776],[31.363058,30.125322],[31.363316,30.125322],[31.363341,30.125113],[31.363395,30.125095],[31.363453,30.125088],[31.363571,30.125103],[31.363534,30.125322],[31.363587,30.125322],[31.363623,30.125109],[31.36369,30.125117],[31.363656,30.125322],[31.363708,30.125322],[31.363742,30.125124],[31.363777,30.125133],[31.363799,30.125155],[31.363768,30.125322],[31.363821,30.125322],[31.363852,30.125153],[31.36385,30.125142],[31.363832,30.125114],[31.363804,30.125094],[31.363771,30.125082],[31.363455,30.125043],[31.363383,30.125051],[31.363346,30.125063],[31.36336,30.124896],[31.363967,30.125018],[31.363967,30.124926],[31.363372,30.124806],[31.363493,30.12418],[31.363778,30.124262],[31.363784,30.1246],[31.363754,30.124807],[31.363759,30.124822],[31.363771,30.124829],[31.363791,30.124828],[31.363805,30.124813],[31.363835,30.124604],[31.363831,30.124276],[31.363967,30.124313],[31.363967,30.124217],[31.363509,30.12409],[31.363528,30.123957],[31.363904,30.124056],[31.363967,30.124073],[31.363967,30.123745],[31.363886,30.123956],[31.363541,30.123866],[31.363608,30.123305],[31.363768,30.121816],[31.363967,30.121868],[31.363967,30.121774],[31.36378,30.121725],[31.363784,30.121705],[31.363616,30.121705],[31.363609,30.121743]]],[[[31.363929,30.125322],[31.363967,30.125322],[31.363967,30.125215],[31.363929,30.125322]]]]}},{"type":"Feature","properties":{},"geometry":{"type":"MultiPolygon","coordinates":[[[[31.362944,30.126099],[31.362842,30.126452],[31.362601,30.12692],[31.362326,30.127531],[31.3624,30.127463],[31.36222,30.1279],[31.362213,30.127971],[31.362216,30.128035],[31.362229,30.128099],[31.362249,30.128155],[31.362266,30.12819],[31.362045,30.128154],[31.361968,30.128325],[31.362471,30.128409],[31.36338,30.128537],[31.36374,30.128594],[31.363967,30.128614],[31.363967,30.128434],[31.363766,30.128415],[31.363364,30.128351],[31.362565,30.127995],[31.362537,30.127976],[31.362519,30.127953],[31.362508,30.127926],[31.362506,30.127897],[31.362532,30.127777],[31.363088,30.126467],[31.363208,30.126108],[31.363238,30.12603],[31.363283,30.125952],[31.363324,30.125906],[31.363967,30.126102],[31.363967,30.125977],[31.363357,30.125791],[31.363351,30.125785],[31.363332,30.125772],[31.36331,30.125763],[31.363286,30.125761],[31.363263,30.125764],[31.363174,30.12574],[31.363178,30.125719],[31.363199,30.125735],[31.363222,30.125744],[31.363246,30.125747],[31.363269,30.125743],[31.363967,30.125939],[31.363967,30.125816],[31.363873,30.125789],[31.36393,30.125626],[31.363967,30.125523],[31.363967,30.125322],[31.363929,30.125322],[31.363774,30.125762],[31.363318,30.125633],[31.363303,30.125547],[31.363349,30.125587],[31.363455,30.125638],[31.363662,30.125675],[31.363703,30.125669],[31.363739,30.125651],[31.363766,30.125615],[31.363821,30.125322],[31.363768,30.125322],[31.363716,30.125603],[31.363704,30.125617],[31.363685,30.125627],[31.363664,30.125629],[31.363657,30.125628],[31.363708,30.125322],[31.363656,30.125322],[31.363606,30.125619],[31.363539,30.125607],[31.363587,30.125322],[31.363534,30.125322],[31.363488,30.125598],[31.363472,30.125595],[31.363379,30.12555],[31.363305,30.125483],[31.363305,30.125414],[31.363316,30.125322],[31.363058,30.125322],[31.362944,30.126099]],[[31.363155,30.125859],[31.363146,30.125869],[31.363149,30.125857],[31.363155,30.125859]],[[31.36246,30.128193],[31.362429,30.128152],[31.362406,30.128108],[31.362385,30.128039],[31.362418,30.128077],[31.362474,30.128117],[31.362835,30.128278],[31.362496,30.128229],[31.36246,30.128193]]],[[[31.363329,30.128589],[31.363701,30.128646],[31.363967,30.12866],[31.363967,30.12866],[31.363746,30.128638],[31.363329,30.128589]]]]}},{"type":"Feature","properties":{},"geometry":{"type":"MultiPolygon","coordinates":[[[[31.367977,30.081888],[31.367894,30.081787],[31.367677,30.081591],[31.367208,30.081235],[31.367073,30.081099],[31.36702,30.081034],[31.366975,30.080965],[31.366938,30.080893],[31.366908,30.080817],[31.366887,30.08074],[31.366874,30.08066],[31.366796,30.08],[31.366642,30.08],[31.366683,30.08021],[31.36666,30.080168],[31.36664,30.080107],[31.366629,30.08],[31.366577,30.08],[31.366588,30.080113],[31.366598,30.080151],[31.366612,30.080187],[31.366676,30.080302],[31.366686,30.080352],[31.366684,30.080376],[31.366672,30.080408],[31.366647,30.080421],[31.366611,30.080426],[31.366576,30.080418],[31.366562,30.080408],[31.366545,30.080386],[31.366495,30.080049],[31.366481,30.080024],[31.36645,30.08],[31.366285,30.08],[31.366085,30.080022],[31.366007,30.080042],[31.36593,30.080075],[31.365916,30.080078],[31.365934,30.080071],[31.365957,30.080053],[31.36597,30.080031],[31.365973,30.08],[31.365919,30.08],[31.36592,30.080017],[31.365914,30.080026],[31.365895,30.080037],[31.365884,30.080037],[31.365802,30.080014],[31.365732,30.080009],[31.365551,30.080029],[31.365499,30.080039],[31.365448,30.080057],[31.365405,30.080081],[31.365373,30.080106],[31.363967,30.080257],[31.363967,30.080573],[31.363995,30.080771],[31.363967,30.080773],[31.363967,30.080819],[31.364702,30.080746],[31.364732,30.080739],[31.364755,30.080723],[31.364777,30.080686],[31.364785,30.08068],[31.36505,30.080651],[31.365072,30.080656],[31.365093,30.080678],[31.365115,30.08069],[31.365147,30.080694],[31.366607,30.080534],[31.366648,30.08054],[31.366666,30.080547],[31.366681,30.080555],[31.366708,30.080586],[31.366724,30.080627],[31.366745,30.080776],[31.366786,30.080918],[31.36682,30.080991],[31.366858,30.08106],[31.366904,30.081128],[31.366955,30.081193],[31.367014,30.081257],[31.367132,30.081361],[31.367498,30.081627],[31.36756,30.0817],[31.367658,30.0818],[31.367666,30.081817],[31.367664,30.081833],[31.367654,30.081847],[31.367638,30.081856],[31.367618,30.081858],[31.3676,30.081852],[31.367586,30.081838],[31.367495,30.081673],[31.367461,30.081628],[31.367422,30.081588],[31.367378,30.081553],[31.367359,30.081549],[31.367344,30.081556],[31.367338,30.081565],[31.367338,30.081578],[31.367325,30.081579],[31.367314,30.081586],[31.367309,30.081605],[31.367295,30.081608],[31.367286,30.081616],[31.367283,30.081632],[31.367269,30.081635],[31.36726,30.081643],[31.367257,30.08166],[31.367263,30.08167],[31.367305,30.081704],[31.367339,30.08174],[31.367366,30.081774],[31.367389,30.08181],[31.367439,30.081913],[31.36773,30.081913],[31.367749,30.081894],[31.367767,30.081851],[31.367821,30.081913],[31.367993,30.081913],[31.367977,30.081888]],[[31.366664,30.080497],[31.366608,30.080489],[31.366386,30.080512],[31.366307,30.080043],[31.366401,30.080033],[31.366416,30.080035],[31.366439,30.080051],[31.366447,30.080077],[31.36649,30.080378],[31.366507,30.08042],[31.366525,30.080441],[31.366549,30.080457],[31.366578,30.080467],[31.366606,30.080471],[31.366665,30.080464],[31.36669,30.080453],[31.36671,30.080438],[31.36672,30.080526],[31.366714,30.080521],[31.366664,30.080497]],[[31.366145,30.080061],[31.366255,30.080049],[31.366335,30.080518],[31.366221,30.08053],[31.366145,30.080061]],[[31.366026,30.080084],[31.366093,30.080066],[31.36617,30.080536],[31.366012,30.080553],[31.365941,30.080119],[31.36595,30.080117],[31.366026,30.080084]],[[31.365889,30.080125],[31.36596,30.080559],[31.365838,30.080573],[31.365763,30.080111],[31.365842,30.080116],[31.365889,30.080125]],[[31.365582,30.080129],[31.365711,30.080115],[31.365787,30.080578],[31.365663,30.080592],[31.365582,30.080129]],[[31.365414,30.080147],[31.365531,30.080134],[31.365612,30.080598],[31.365491,30.080611],[31.365414,30.080147]],[[31.36555,30.080087],[31.36548,30.080094],[31.365514,30.080082],[31.365559,30.080074],[31.365737,30.080054],[31.365793,30.080058],[31.365834,30.080069],[31.365773,30.080065],[31.365732,30.080067],[31.36555,30.080087]],[[31.365362,30.080152],[31.36544,30.080617],[31.365313,30.080631],[31.36524,30.080165],[31.365362,30.080152]],[[31.364761,30.080639],[31.364752,30.080624],[31.364746,30.080605],[31.36469,30.080224],[31.365014,30.08019],[31.365068,30.080555],[31.36507,30.080575],[31.36506,30.080604],[31.364764,30.080638],[31.364761,30.080639]],[[31.364704,30.080642],[31.364726,30.080674],[31.364716,30.080692],[31.364694,30.080701],[31.364581,30.080713],[31.364508,30.080244],[31.364638,30.08023],[31.364696,30.080615],[31.364704,30.080642]],[[31.364047,30.080765],[31.363979,30.0803],[31.364106,30.080287],[31.364179,30.080752],[31.364047,30.080765]],[[31.364279,30.080268],[31.364349,30.080736],[31.36423,30.080747],[31.364158,30.080281],[31.364279,30.080268]],[[31.364456,30.080249],[31.364529,30.080718],[31.364401,30.08073],[31.36433,30.080263],[31.364456,30.080249]],[[31.365189,30.080171],[31.365262,30.080636],[31.365144,30.080649],[31.36513,30.080645],[31.365107,30.080622],[31.365116,30.080605],[31.365122,30.080574],[31.365066,30.080184],[31.365189,30.080171]],[[31.367716,30.081799],[31.367717,30.081807],[31.367716,30.081804],[31.367712,30.081795],[31.367716,30.081799]],[[31.367715,30.081846],[31.367718,30.081814],[31.367715,30.081847],[31.367704,30.08187],[31.367687,30.081887],[31.367664,30.081899],[31.367637,30.081904],[31.367626,30.081903],[31.367658,30.081899],[31.367695,30.081876],[31.367715,30.081846]]],[[[31.364172,30.080063],[31.364563,30.080059],[31.365236,30.080043],[31.365406,30.080032],[31.36566,30.08],[31.363967,30.08],[31.363967,30.080074],[31.364172,30.080063]]],[[[31.367389,30.081885],[31.367381,30.081841],[31.367366,30.0818],[31.367321,30.081729],[31.367289,30.081696],[31.36688,30.081366],[31.366858,30.081354],[31.366834,30.081349],[31.366736,30.081356],[31.366722,30.081368],[31.366722,30.081385],[31.366729,30.081394],[31.366743,30.081399],[31.366829,30.081394],[31.366847,30.081401],[31.367253,30.081728],[31.3673,30.081784],[31.367318,30.081817],[31.367338,30.08189],[31.367341,30.081913],[31.367393,30.081913],[31.367389,30.081885]]],[[[31.367208,30.080653],[31.367227,30.080657],[31.367245,30.080649],[31.36725,30.080632],[31.367162,30.08],[31.36711,30.08],[31.367198,30.080638],[31.367208,30.080653]]]]}},{"type":"Feature","properties":{},"geometry":{"type":"MultiPolygon","coordinates":[[[[31.365677,30.083706],[31.36497,30.083026],[31.367922,30.082703],[31.36798,30.082684],[31.368025,30.082657],[31.36807,30.082608],[31.368088,30.082573],[31.368102,30.082509],[31.368106,30.082228],[31.368094,30.08214],[31.368069,30.082054],[31.368029,30.081968],[31.367993,30.081913],[31.367821,30.081913],[31.367845,30.08194],[31.367808,30.081929],[31.367771,30.081929],[31.367645,30.081949],[31.367639,30.081949],[31.367681,30.081942],[31.36772,30.081923],[31.36773,30.081913],[31.367439,30.081913],[31.367455,30.081946],[31.367477,30.081978],[31.367519,30.08201],[31.367561,30.082027],[31.367604,30.082033],[31.367797,30.082009],[31.367822,30.082009],[31.367863,30.082018],[31.367924,30.08212],[31.367954,30.082184],[31.367957,30.082371],[31.367947,30.082439],[31.367911,30.082417],[31.367855,30.082393],[31.36782,30.082111],[31.367814,30.082089],[31.367803,30.082071],[31.367779,30.082053],[31.367752,30.082043],[31.367724,30.082042],[31.367512,30.082069],[31.367484,30.082078],[31.367461,30.082094],[31.367445,30.082115],[31.367436,30.082139],[31.367436,30.082162],[31.367474,30.082419],[31.367481,30.082446],[31.367499,30.082471],[31.367518,30.082486],[31.367541,30.082497],[31.367572,30.082503],[31.367766,30.082484],[31.367801,30.082472],[31.367823,30.082457],[31.367841,30.082437],[31.367885,30.082456],[31.367937,30.082488],[31.367917,30.08252],[31.367888,30.082534],[31.36748,30.082584],[31.367393,30.081913],[31.367341,30.081913],[31.367413,30.08247],[31.367094,30.082468],[31.366919,30.082476],[31.366576,30.082509],[31.366519,30.082516],[31.366463,30.082532],[31.366366,30.082576],[31.366319,30.082589],[31.36594,30.082631],[31.365842,30.082629],[31.365714,30.082614],[31.365582,30.082615],[31.365397,30.082637],[31.365357,30.082645],[31.36529,30.082669],[31.36518,30.082728],[31.365096,30.08275],[31.364387,30.082821],[31.363967,30.082857],[31.363967,30.082902],[31.364368,30.082868],[31.364374,30.082905],[31.363967,30.082948],[31.363967,30.083031],[31.367186,30.082696],[31.367439,30.08267],[31.367439,30.082674],[31.364886,30.082953],[31.364862,30.082951],[31.36484,30.082959],[31.364013,30.083067],[31.363967,30.083083],[31.363967,30.083175],[31.36399,30.083162],[31.364032,30.083147],[31.364291,30.083113],[31.364605,30.083419],[31.364292,30.083658],[31.364283,30.083666],[31.364106,30.083483],[31.363967,30.083328],[31.363967,30.084087],[31.365032,30.08515],[31.365422,30.08553],[31.366188,30.08553],[31.365828,30.085178],[31.366531,30.084678],[31.366993,30.085136],[31.367225,30.085374],[31.367363,30.08553],[31.367494,30.08553],[31.367321,30.085335],[31.367343,30.085247],[31.367343,30.085134],[31.367262,30.084679],[31.367249,30.084656],[31.367223,30.084642],[31.367193,30.084644],[31.367169,30.08466],[31.367159,30.084684],[31.367218,30.085019],[31.367192,30.08505],[31.367153,30.085072],[31.367109,30.085077],[31.367061,30.085066],[31.366576,30.084585],[31.365761,30.083788],[31.36812,30.083509],[31.36812,30.083417],[31.365677,30.083706]],[[31.365245,30.08275],[31.365314,30.08271],[31.365343,30.082697],[31.365405,30.082681],[31.365588,30.08266],[31.365649,30.082657],[31.365711,30.082659],[31.365889,30.082676],[31.365995,30.082671],[31.366329,30.082633],[31.366386,30.082618],[31.366469,30.082581],[31.366471,30.082602],[31.366493,30.082612],[31.366902,30.082577],[31.366946,30.082577],[31.366989,30.082583],[31.367029,30.082594],[31.367082,30.082625],[31.364425,30.082899],[31.364419,30.082863],[31.365103,30.082795],[31.365156,30.082784],[31.365245,30.08275]],[[31.367419,30.082515],[31.367428,30.08259],[31.367161,30.082617],[31.367051,30.082553],[31.367001,30.082539],[31.366949,30.082532],[31.366898,30.082532],[31.366515,30.082565],[31.366583,30.082554],[31.366922,30.082521],[31.367095,30.082514],[31.367268,30.082512],[31.367419,30.082515]],[[31.364561,30.083176],[31.364552,30.08319],[31.364553,30.083206],[31.364561,30.08322],[31.364648,30.083301],[31.364673,30.083308],[31.364698,30.083304],[31.364804,30.083225],[31.364815,30.083207],[31.364814,30.083181],[31.364793,30.083145],[31.364771,30.083132],[31.364741,30.083133],[31.364649,30.083152],[31.364628,30.083069],[31.364845,30.08304],[31.365618,30.083785],[31.366462,30.08461],[31.365758,30.08511],[31.364317,30.0837],[31.364638,30.083455],[31.364653,30.083441],[31.364658,30.083422],[31.364654,30.083403],[31.364644,30.083388],[31.364353,30.083105],[31.364576,30.083076],[31.364599,30.083162],[31.364575,30.083168],[31.364561,30.083176]],[[31.364616,30.083205],[31.364755,30.083177],[31.364764,30.083197],[31.364676,30.083262],[31.364616,30.083205]],[[31.367937,30.082612],[31.367904,30.082623],[31.367491,30.082669],[31.36749,30.082665],[31.367914,30.082613],[31.367971,30.082587],[31.367937,30.082612]],[[31.36761,30.081947],[31.367635,30.081949],[31.367617,30.081948],[31.36761,30.081947]],[[31.36719,30.085158],[31.367238,30.085132],[31.367237,30.085247],[31.367156,30.085163],[31.36719,30.085158]],[[31.367488,30.08216],[31.367492,30.082135],[31.367509,30.082118],[31.367523,30.082113],[31.367727,30.082087],[31.367752,30.082091],[31.367766,30.082106],[31.367769,30.082119],[31.367803,30.08239],[31.367796,30.082414],[31.367773,30.082434],[31.367757,30.08244],[31.367575,30.082457],[31.367561,30.082455],[31.367538,30.082441],[31.367529,30.082428],[31.367525,30.08241],[31.367488,30.08216]]],[[[31.364015,30.08491],[31.364024,30.084892],[31.364015,30.084875],[31.363998,30.08487],[31.363982,30.084875],[31.363967,30.084887],[31.363967,30.084946],[31.364015,30.08491]]]]}},{"type":"Feature","properties":{},"geometry":{"type":"MultiPolygon","coordinates":[[[[31.364299,30.086734],[31.363967,30.086972],[31.363967,30.087031],[31.364332,30.086768],[31.364882,30.087343],[31.36436,30.087726],[31.364351,30.087742],[31.364357,30.087758],[31.364375,30.087766],[31.364394,30.087761],[31.364915,30.087378],[31.365177,30.087648],[31.365277,30.087769],[31.365383,30.087918],[31.365381,30.087984],[31.365361,30.088051],[31.365331,30.088091],[31.365019,30.088326],[31.364854,30.088441],[31.364783,30.088514],[31.364757,30.088578],[31.364757,30.08867],[31.364803,30.088823],[31.365009,30.089148],[31.365068,30.089148],[31.364851,30.088805],[31.364809,30.088667],[31.364809,30.088584],[31.364826,30.08854],[31.36489,30.088474],[31.365053,30.08836],[31.365368,30.088123],[31.365409,30.088068],[31.365432,30.08799],[31.365433,30.087904],[31.36532,30.087744],[31.36526,30.087672],[31.365436,30.087709],[31.365535,30.087837],[31.365777,30.088282],[31.36581,30.088363],[31.365797,30.088446],[31.365756,30.088518],[31.365472,30.08866],[31.365422,30.08873],[31.365392,30.088811],[31.365396,30.088903],[31.365425,30.088988],[31.365512,30.089148],[31.365569,30.089148],[31.365472,30.08897],[31.365447,30.088895],[31.365443,30.088821],[31.365469,30.088749],[31.365512,30.088689],[31.365656,30.088619],[31.365676,30.088648],[31.365589,30.088693],[31.365527,30.088768],[31.365497,30.088856],[31.365509,30.088944],[31.365624,30.089148],[31.365681,30.089148],[31.36556,30.088932],[31.365549,30.08886],[31.365575,30.088787],[31.365624,30.088727],[31.36584,30.088615],[31.365885,30.088636],[31.365942,30.088648],[31.36599,30.08864],[31.366181,30.088554],[31.366217,30.088514],[31.366259,30.088421],[31.366333,30.088398],[31.366421,30.088409],[31.366539,30.088464],[31.366655,30.088525],[31.366748,30.08859],[31.366809,30.088643],[31.366867,30.088703],[31.366918,30.08878],[31.366979,30.088884],[31.367147,30.089134],[31.367155,30.089148],[31.367214,30.089148],[31.367193,30.089112],[31.367024,30.088862],[31.366964,30.088759],[31.366911,30.088678],[31.366848,30.088613],[31.366784,30.088557],[31.366686,30.088489],[31.366565,30.088425],[31.366446,30.08837],[31.366296,30.088196],[31.366294,30.088153],[31.366021,30.087724],[31.366014,30.087683],[31.366014,30.087634],[31.366001,30.087607],[31.366168,30.087526],[31.366193,30.087527],[31.36621,30.087537],[31.366628,30.088224],[31.366646,30.088236],[31.366669,30.088229],[31.366677,30.088216],[31.366674,30.088203],[31.366251,30.087509],[31.36621,30.087483],[31.366159,30.087481],[31.365969,30.08757],[31.365934,30.08755],[31.365865,30.087546],[31.365648,30.087709],[31.365623,30.08767],[31.365566,30.087626],[31.365481,30.087592],[31.365239,30.087539],[31.365195,30.087501],[31.365108,30.08739],[31.364906,30.087193],[31.364764,30.087064],[31.363967,30.086222],[31.363967,30.086293],[31.364725,30.087093],[31.364868,30.087223],[31.365068,30.087419],[31.365157,30.087532],[31.365214,30.08758],[31.365464,30.087635],[31.365541,30.087666],[31.365583,30.087699],[31.365911,30.088292],[31.365973,30.088333],[31.366023,30.088359],[31.366073,30.088368],[31.365836,30.08848],[31.365848,30.088458],[31.365863,30.088364],[31.365824,30.088264],[31.365581,30.087816],[31.365472,30.087674],[31.365458,30.087666],[31.365212,30.087614],[31.363967,30.086316],[31.363967,30.086387],[31.364299,30.086734]],[[31.365874,30.087922],[31.366061,30.088241],[31.366105,30.088275],[31.366146,30.088287],[31.366166,30.088312],[31.366085,30.088323],[31.366046,30.088318],[31.365954,30.088265],[31.365788,30.087971],[31.365874,30.087922]],[[31.365742,30.087698],[31.36585,30.087882],[31.365766,30.087929],[31.365671,30.087751],[31.365742,30.087698]],[[31.366203,30.088358],[31.366224,30.088385],[31.365827,30.088569],[31.36572,30.088625],[31.365701,30.088597],[31.365788,30.088554],[31.366203,30.088358]],[[31.365972,30.088598],[31.365939,30.088602],[31.365895,30.088589],[31.366192,30.088452],[31.366171,30.088493],[31.366149,30.088517],[31.365972,30.088598]],[[31.366273,30.088244],[31.36637,30.088357],[31.366327,30.088353],[31.366273,30.088368],[31.366207,30.088284],[31.366221,30.088281],[31.366261,30.088257],[31.366273,30.088244]],[[31.366198,30.088092],[31.366069,30.088156],[31.365783,30.087667],[31.365884,30.087591],[31.365916,30.087593],[31.365946,30.087612],[31.365962,30.087642],[31.365962,30.087686],[31.365974,30.087743],[31.366198,30.088092]],[[31.366227,30.088222],[31.366198,30.088239],[31.366164,30.088244],[31.36613,30.088235],[31.366104,30.088215],[31.366093,30.088196],[31.366223,30.088132],[31.366245,30.088168],[31.366244,30.088197],[31.366227,30.088222]]],[[[31.366247,30.086334],[31.366453,30.08654],[31.366574,30.086665],[31.366664,30.08677],[31.366862,30.087035],[31.36691,30.087106],[31.366828,30.08715],[31.366708,30.086962],[31.366685,30.086954],[31.366674,30.086958],[31.366664,30.086968],[31.366666,30.086987],[31.36697,30.087466],[31.366984,30.087475],[31.367002,30.087474],[31.367014,30.087464],[31.367017,30.087449],[31.366922,30.087298],[31.367009,30.087257],[31.36734,30.087768],[31.367049,30.087923],[31.366998,30.087959],[31.366947,30.088005],[31.366903,30.088056],[31.366864,30.088117],[31.366838,30.088176],[31.366821,30.088238],[31.366813,30.088301],[31.366815,30.088359],[31.366827,30.088428],[31.366847,30.088489],[31.366876,30.088546],[31.367156,30.088978],[31.367256,30.089148],[31.367373,30.089148],[31.367247,30.088934],[31.366968,30.088503],[31.366944,30.088455],[31.366927,30.088405],[31.366918,30.088354],[31.366917,30.088302],[31.366924,30.088251],[31.366938,30.088201],[31.36696,30.088153],[31.366989,30.088107],[31.367024,30.088065],[31.367065,30.088028],[31.367112,30.087995],[31.367391,30.087846],[31.36812,30.088926],[31.36812,30.087938],[31.367805,30.08748],[31.367538,30.087055],[31.36812,30.086718],[31.36812,30.086609],[31.368102,30.086626],[31.368069,30.086649],[31.367493,30.086984],[31.367469,30.086946],[31.36797,30.08669],[31.368025,30.086653],[31.368077,30.086605],[31.368117,30.086552],[31.36812,30.086546],[31.36812,30.086099],[31.368104,30.086111],[31.368071,30.086147],[31.367999,30.086095],[31.367937,30.08603],[31.367494,30.08553],[31.367363,30.08553],[31.367888,30.086124],[31.367966,30.086192],[31.368035,30.086233],[31.368036,30.0863],[31.368048,30.086338],[31.368074,30.086382],[31.36807,30.086421],[31.368057,30.086468],[31.368034,30.086513],[31.368003,30.086555],[31.367965,30.086591],[31.36792,30.086621],[31.367423,30.086875],[31.367214,30.086586],[31.366957,30.086278],[31.366804,30.086124],[31.366625,30.085957],[31.366188,30.08553],[31.365422,30.08553],[31.366247,30.086334]],[[31.366983,30.087218],[31.366897,30.087259],[31.366853,30.087189],[31.366936,30.087146],[31.366983,30.087218]]]]}},{"type":"Feature","properties":{},"geometry":{"type":"MultiPolygon","coordinates":[[[[31.365197,30.089444],[31.365219,30.089529],[31.365208,30.089602],[31.365166,30.089672],[31.365063,30.089757],[31.364878,30.089924],[31.364822,30.089981],[31.364796,30.09006],[31.364798,30.090142],[31.364837,30.090229],[31.3649,30.090306],[31.367182,30.092221],[31.367325,30.092413],[31.367184,30.092489],[31.367109,30.092559],[31.36706,30.092643],[31.367033,30.092742],[31.367032,30.092765],[31.367084,30.092765],[31.367085,30.092749],[31.36711,30.092656],[31.367152,30.092584],[31.36722,30.092522],[31.367373,30.09244],[31.36812,30.092132],[31.36812,30.092082],[31.367371,30.092391],[31.36722,30.09219],[31.364938,30.090275],[31.364883,30.090208],[31.364848,30.090129],[31.364848,30.090066],[31.364867,30.090005],[31.364916,30.089955],[31.3651,30.089789],[31.365209,30.089698],[31.365258,30.089615],[31.365271,30.089526],[31.365244,30.089425],[31.365068,30.089148],[31.365009,30.089148],[31.365197,30.089444]]],[[[31.368061,30.090691],[31.368045,30.090684],[31.368028,30.090688],[31.368018,30.0907],[31.368018,30.090715],[31.36812,30.090885],[31.36812,30.09079],[31.368061,30.090691]]],[[[31.365634,30.089373],[31.365881,30.089811],[31.365976,30.08994],[31.366081,30.090049],[31.366213,30.090137],[31.366335,30.090191],[31.366586,30.09028],[31.36675,30.090304],[31.366828,30.090337],[31.366886,30.090348],[31.366959,30.090346],[31.367021,30.090337],[31.36708,30.090323],[31.367762,30.090037],[31.367776,30.09008],[31.367797,30.09011],[31.367845,30.090148],[31.36812,30.090664],[31.36812,30.090448],[31.367939,30.090111],[31.367938,30.090058],[31.367924,30.090022],[31.367899,30.089989],[31.367852,30.089957],[31.367373,30.089148],[31.367256,30.089148],[31.36773,30.089947],[31.367057,30.090245],[31.367006,30.090258],[31.36695,30.090263],[31.366758,30.090259],[31.366903,30.090198],[31.36724,30.090044],[31.367462,30.089933],[31.367525,30.089873],[31.36753,30.089857],[31.367506,30.089763],[31.367448,30.08965],[31.367358,30.089492],[31.367328,30.08936],[31.367301,30.089293],[31.367214,30.089148],[31.367155,30.089148],[31.367254,30.089313],[31.367277,30.08937],[31.367307,30.089502],[31.367307,30.089604],[31.36725,30.089748],[31.367185,30.089835],[31.367029,30.089973],[31.366926,30.090029],[31.366834,30.090067],[31.366719,30.090089],[31.366639,30.090091],[31.36652,30.090081],[31.366428,30.090059],[31.366193,30.089958],[31.366082,30.089839],[31.365956,30.089635],[31.365681,30.089148],[31.365624,30.089148],[31.365717,30.089311],[31.36567,30.089332],[31.365569,30.089148],[31.365512,30.089148],[31.365634,30.089373]],[[31.36774,30.089996],[31.367613,30.090049],[31.367753,30.089987],[31.367755,30.08999],[31.36774,30.089996]],[[31.367061,30.090008],[31.367226,30.089863],[31.367297,30.089767],[31.367358,30.089615],[31.367359,30.089596],[31.367458,30.089779],[31.367476,30.089853],[31.367432,30.089896],[31.367215,30.090004],[31.366879,30.090158],[31.366668,30.090247],[31.366627,30.090241],[31.366658,30.090136],[31.366725,30.090134],[31.366848,30.090111],[31.366953,30.090068],[31.367061,30.090008]],[[31.366605,30.090133],[31.366577,30.090228],[31.366355,30.090149],[31.366241,30.090098],[31.366141,30.090032],[31.36618,30.090003],[31.36641,30.090101],[31.366509,30.090125],[31.366605,30.090133]],[[31.366102,30.090001],[31.366019,30.089915],[31.365927,30.08979],[31.365692,30.089373],[31.36574,30.089351],[31.36591,30.089655],[31.366038,30.089862],[31.36614,30.089973],[31.366102,30.090001]]]]}},{"type":"Feature","properties":{},"geometry":{"type":"Polygon","coordinates":[[[31.367024,30.092872],[31.367086,30.093424],[31.367074,30.093516],[31.36703,30.093646],[31.366932,30.093859],[31.366629,30.094323],[31.365745,30.095564],[31.365659,30.095712],[31.365592,30.095872],[31.365547,30.096038],[31.365533,30.096206],[31.365551,30.096383],[31.365603,30.096383],[31.365585,30.096208],[31.365599,30.096045],[31.365641,30.095886],[31.365707,30.095729],[31.36579,30.095588],[31.366674,30.094346],[31.366978,30.09388],[31.367079,30.09366],[31.367125,30.093525],[31.367138,30.093425],[31.367076,30.092872],[31.367084,30.092765],[31.367032,30.092765],[31.367024,30.092872]]]}},{"type":"Feature","properties":{},"geometry":{"type":"Polygon","coordinates":[[[31.365552,30.096393],[31.365589,30.096529],[31.365617,30.096603],[31.365742,30.096737],[31.365245,30.097038],[31.364997,30.097161],[31.364873,30.097246],[31.364759,30.097374],[31.364657,30.097554],[31.364256,30.09854],[31.36423,30.098632],[31.364225,30.098712],[31.364259,30.098815],[31.364315,30.098879],[31.364394,30.098933],[31.364505,30.098953],[31.364665,30.098953],[31.36479,30.098971],[31.364863,30.099013],[31.364913,30.099065],[31.364936,30.099132],[31.364946,30.099195],[31.364927,30.099284],[31.364869,30.099766],[31.36487,30.099943],[31.364879,30.1],[31.364931,30.1],[31.364922,30.099941],[31.364921,30.099767],[31.364979,30.099289],[31.364998,30.099197],[31.364987,30.099122],[31.364961,30.099047],[31.364897,30.098978],[31.364807,30.098928],[31.36467,30.098908],[31.36451,30.098908],[31.364411,30.09889],[31.364352,30.098847],[31.364305,30.098795],[31.364277,30.098706],[31.364282,30.098639],[31.364305,30.098554],[31.364705,30.09757],[31.364801,30.0974],[31.36491,30.097278],[31.365028,30.097198],[31.365202,30.09711],[31.365203,30.097135],[31.365232,30.097187],[31.366281,30.097955],[31.36681,30.098382],[31.367016,30.098568],[31.367112,30.098666],[31.367375,30.099034],[31.367475,30.099148],[31.367879,30.099494],[31.368009,30.099561],[31.36812,30.099581],[31.36812,30.099535],[31.368026,30.099518],[31.367908,30.099457],[31.367515,30.099119],[31.367419,30.099009],[31.367154,30.098639],[31.367054,30.098537],[31.366847,30.09835],[31.366316,30.097922],[31.36527,30.097156],[31.365253,30.097124],[31.365255,30.097097],[31.365276,30.097074],[31.365777,30.096771],[31.36611,30.09703],[31.366321,30.097169],[31.367821,30.098096],[31.36812,30.098317],[31.36812,30.098257],[31.367853,30.098061],[31.366352,30.097133],[31.366142,30.096994],[31.365917,30.096822],[31.365798,30.096726],[31.365664,30.096583],[31.365639,30.096517],[31.365604,30.096387],[31.365603,30.096383],[31.365551,30.096383],[31.365552,30.096393]]]}},{"type":"Feature","properties":{},"geometry":{"type":"MultiPolygon","coordinates":[[[[31.364886,30.100048],[31.364923,30.100487],[31.36489,30.100548],[31.364835,30.100587],[31.36477,30.100611],[31.364708,30.100615],[31.364196,30.100604],[31.364175,30.100616],[31.364174,30.100637],[31.364185,30.100647],[31.364197,30.10065],[31.364708,30.10066],[31.364781,30.100655],[31.36486,30.100626],[31.364928,30.100579],[31.364974,30.100498],[31.364972,30.100424],[31.364938,30.100044],[31.364931,30.1],[31.364879,30.1],[31.364886,30.100048]]],[[[31.36471,30.1034],[31.364337,30.103541],[31.364291,30.103561],[31.364217,30.103602],[31.363967,30.103388],[31.363967,30.103451],[31.364161,30.103617],[31.364287,30.103617],[31.36436,30.103581],[31.364606,30.103488],[31.364454,30.103617],[31.364838,30.103617],[31.366106,30.102553],[31.366369,30.10278],[31.366383,30.102786],[31.366398,30.102785],[31.366408,30.102778],[31.366413,30.102768],[31.366412,30.102755],[31.366342,30.10269],[31.366487,30.102566],[31.366577,30.102646],[31.366594,30.10265],[31.36661,30.102644],[31.366618,30.102631],[31.366612,30.102614],[31.366335,30.102361],[31.366608,30.102127],[31.367057,30.102531],[31.366384,30.103104],[31.366223,30.102968],[31.366174,30.102949],[31.366138,30.102949],[31.366104,30.102958],[31.366039,30.103004],[31.366031,30.103024],[31.366035,30.103046],[31.366054,30.103066],[31.366083,30.103073],[31.366108,30.103068],[31.366148,30.10304],[31.366161,30.103041],[31.366309,30.103167],[31.366075,30.103365],[31.365785,30.103617],[31.365932,30.103617],[31.366148,30.103429],[31.366739,30.102928],[31.366876,30.103052],[31.366909,30.103061],[31.366941,30.103048],[31.366957,30.103021],[31.36695,30.102991],[31.366814,30.102865],[31.36713,30.102596],[31.367524,30.10295],[31.366771,30.103617],[31.366917,30.103617],[31.367596,30.103015],[31.367971,30.103351],[31.367666,30.103617],[31.367812,30.103617],[31.368043,30.103415],[31.36812,30.103484],[31.36812,30.103354],[31.367743,30.103016],[31.367921,30.102871],[31.36812,30.103051],[31.36812,30.102921],[31.367313,30.102195],[31.36728,30.102187],[31.36726,30.102192],[31.367244,30.102203],[31.367232,30.102232],[31.367243,30.10226],[31.367848,30.102806],[31.367671,30.102951],[31.366683,30.102064],[31.367077,30.10173],[31.36812,30.102654],[31.36812,30.102525],[31.367241,30.101746],[31.367252,30.101739],[31.367657,30.102096],[31.36812,30.102505],[31.36812,30.102376],[31.367768,30.102065],[31.36812,30.101767],[31.36812,30.101641],[31.367695,30.102001],[31.367236,30.101595],[31.36812,30.100834],[31.36812,30.100526],[31.36471,30.1034]],[[31.367161,30.101659],[31.367178,30.101673],[31.367167,30.101682],[31.367151,30.101667],[31.367161,30.101659]],[[31.366305,30.102658],[31.366144,30.102522],[31.366298,30.102392],[31.366451,30.102533],[31.366305,30.102658]]],[[[31.364044,30.103327],[31.36463,30.103058],[31.364901,30.102913],[31.365209,30.102721],[31.365534,30.102458],[31.365541,30.102442],[31.36553,30.102425],[31.365513,30.102421],[31.365499,30.102425],[31.365175,30.102687],[31.364873,30.102875],[31.364606,30.103019],[31.364047,30.103275],[31.363985,30.103129],[31.363967,30.103101],[31.363967,30.103216],[31.363998,30.10329],[31.363967,30.103297],[31.363967,30.103343],[31.364044,30.103327]]],[[[31.364005,30.103617],[31.364075,30.103617],[31.363994,30.10354],[31.363967,30.103512],[31.363967,30.103581],[31.364005,30.103617]]]]}},{"type":"Feature","properties":{},"geometry":{"type":"MultiPolygon","coordinates":[[[[31.364224,30.107235],[31.364784,30.107235],[31.363967,30.106831],[31.363967,30.107107],[31.364224,30.107235]]],[[[31.364096,30.103705],[31.364037,30.103782],[31.363967,30.103923],[31.363967,30.104352],[31.364035,30.104293],[31.364343,30.104568],[31.364242,30.104661],[31.364228,30.104687],[31.364226,30.104722],[31.364234,30.104747],[31.364252,30.104767],[31.364712,30.105154],[31.364731,30.10516],[31.364749,30.105153],[31.364756,30.105137],[31.364748,30.105121],[31.364281,30.104727],[31.364278,30.1047],[31.364285,30.104688],[31.364379,30.1046],[31.364532,30.10473],[31.365112,30.105258],[31.365051,30.105309],[31.365,30.10537],[31.364898,30.105523],[31.364897,30.105536],[31.364903,30.105548],[31.364921,30.105555],[31.364942,30.105547],[31.365044,30.105394],[31.365091,30.105339],[31.365148,30.105291],[31.365317,30.105443],[31.365128,30.10558],[31.365079,30.105638],[31.365046,30.105703],[31.365052,30.105724],[31.36507,30.105731],[31.365089,30.105724],[31.365125,30.105659],[31.365167,30.10561],[31.365353,30.105476],[31.365797,30.105875],[31.365641,30.106033],[31.365272,30.106021],[31.365267,30.106018],[31.365265,30.10598],[31.365255,30.10597],[31.36524,30.105968],[31.365224,30.105974],[31.365216,30.105988],[31.365216,30.106026],[31.365228,30.106048],[31.365243,30.10606],[31.365266,30.106066],[31.365651,30.106079],[31.365691,30.106083],[31.365797,30.106114],[31.365808,30.106121],[31.365819,30.106145],[31.3658,30.106399],[31.365805,30.10643],[31.365826,30.106481],[31.365928,30.106636],[31.365937,30.106644],[31.365951,30.106647],[31.365971,30.106639],[31.365975,30.106618],[31.365872,30.106459],[31.365861,30.106438],[31.365852,30.1064],[31.365871,30.106143],[31.365865,30.106117],[31.365848,30.106092],[31.365943,30.106006],[31.367257,30.107189],[31.367202,30.107235],[31.367406,30.107235],[31.367498,30.107189],[31.367892,30.106817],[31.36812,30.106625],[31.36812,30.106462],[31.367891,30.106655],[31.367473,30.106277],[31.36812,30.105737],[31.36812,30.105539],[31.367951,30.105384],[31.367933,30.105375],[31.367913,30.105373],[31.367881,30.105385],[31.367869,30.1054],[31.367865,30.105417],[31.367876,30.105446],[31.368087,30.10564],[31.3674,30.106213],[31.366997,30.105861],[31.367359,30.105555],[31.367469,30.105661],[31.3675,30.105675],[31.36753,30.105671],[31.367555,30.10565],[31.367559,30.105624],[31.367546,30.1056],[31.367435,30.105492],[31.367951,30.105064],[31.36812,30.105221],[31.36812,30.105089],[31.368026,30.105002],[31.36812,30.10492],[31.36812,30.104794],[31.368008,30.10489],[31.367612,30.104532],[31.367874,30.104313],[31.368064,30.104484],[31.368098,30.104492],[31.36812,30.104484],[31.36812,30.104407],[31.367949,30.10425],[31.36812,30.104106],[31.36812,30.103981],[31.36754,30.104467],[31.367195,30.104157],[31.367812,30.103617],[31.367666,30.103617],[31.367444,30.103811],[31.36727,30.103663],[31.367236,30.103656],[31.367208,30.103666],[31.367192,30.103688],[31.367194,30.103718],[31.367205,30.103733],[31.367371,30.103875],[31.367123,30.104092],[31.366755,30.103761],[31.366917,30.103617],[31.366771,30.103617],[31.366646,30.103729],[31.36616,30.104153],[31.365606,30.104615],[31.365205,30.104251],[31.365932,30.103617],[31.365785,30.103617],[31.365096,30.104218],[31.36457,30.104636],[31.364433,30.10452],[31.364109,30.10423],[31.364838,30.103617],[31.364454,30.103617],[31.36397,30.104029],[31.364084,30.103802],[31.36415,30.103718],[31.364199,30.103673],[31.364231,30.10365],[31.364256,30.103633],[31.364287,30.103617],[31.364161,30.103617],[31.364176,30.103631],[31.364163,30.103641],[31.36413,30.103671],[31.364075,30.103617],[31.364005,30.103617],[31.364096,30.103705]],[[31.364643,30.1047],[31.36513,30.104313],[31.365567,30.104711],[31.366128,30.105205],[31.366886,30.105893],[31.367363,30.106308],[31.367816,30.106717],[31.367412,30.107098],[31.36734,30.107133],[31.365204,30.105212],[31.364643,30.1047]],[[31.366682,30.103825],[31.366781,30.103914],[31.366761,30.10396],[31.366758,30.103991],[31.366765,30.104023],[31.366781,30.104053],[31.367305,30.104532],[31.367337,30.104553],[31.367366,30.104562],[31.367399,30.104563],[31.367436,30.104553],[31.367469,30.104534],[31.367619,30.104669],[31.367599,30.104686],[31.367579,30.104714],[31.367573,30.104745],[31.367582,30.104777],[31.367843,30.105029],[31.367283,30.105493],[31.366924,30.105797],[31.366202,30.105142],[31.365678,30.10468],[31.366232,30.104218],[31.366682,30.103825]],[[31.367626,30.104743],[31.367628,30.104729],[31.367655,30.104702],[31.367794,30.104827],[31.367744,30.104868],[31.367629,30.104757],[31.367626,30.104743]],[[31.36783,30.104859],[31.367934,30.104953],[31.36788,30.104998],[31.367779,30.104901],[31.36783,30.104859]],[[31.365833,30.105908],[31.365906,30.105974],[31.365803,30.106067],[31.365704,30.106039],[31.365789,30.105952],[31.365833,30.105908]],[[31.367085,30.104188],[31.367433,30.104501],[31.367414,30.104512],[31.367395,30.104517],[31.367376,30.104517],[31.367358,30.104512],[31.367341,30.1045],[31.366839,30.104044],[31.366824,30.104027],[31.36681,30.103989],[31.366819,30.103949],[31.367085,30.104188]]],[[[31.365358,30.107225],[31.36536,30.107179],[31.365341,30.107127],[31.365309,30.107092],[31.365263,30.107066],[31.365214,30.107055],[31.365025,30.106988],[31.364999,30.106954],[31.364952,30.106924],[31.364179,30.106543],[31.364018,30.106469],[31.363967,30.106453],[31.363967,30.106501],[31.363999,30.106511],[31.364113,30.106563],[31.364065,30.106603],[31.364037,30.106642],[31.364021,30.106685],[31.36402,30.106692],[31.363967,30.106666],[31.363967,30.106716],[31.364928,30.107197],[31.364907,30.107235],[31.365099,30.107235],[31.365089,30.107213],[31.365089,30.107178],[31.365103,30.107146],[31.365129,30.10712],[31.365165,30.107104],[31.365205,30.1071],[31.365242,30.107107],[31.365274,30.107125],[31.365297,30.107151],[31.365308,30.107183],[31.365307,30.107216],[31.365298,30.107235],[31.365353,30.107235],[31.365358,30.107225]],[[31.365124,30.107072],[31.365095,30.107085],[31.365057,30.107124],[31.365037,30.107172],[31.365037,30.107219],[31.365042,30.107232],[31.364973,30.107219],[31.365037,30.1071],[31.365045,30.107046],[31.365124,30.107072]],[[31.364084,30.106661],[31.364107,30.106629],[31.364139,30.106602],[31.364166,30.106588],[31.364925,30.106962],[31.364961,30.106985],[31.364984,30.107015],[31.364993,30.10705],[31.364987,30.107086],[31.36495,30.107156],[31.364069,30.106717],[31.364072,30.106695],[31.364084,30.106661]]],[[[31.366849,30.107228],[31.366861,30.10713],[31.366874,30.107114],[31.366896,30.107111],[31.366907,30.107116],[31.366961,30.107161],[31.366976,30.107183],[31.366981,30.107205],[31.366993,30.107216],[31.367013,30.107216],[31.367029,30.107201],[31.367048,30.107202],[31.367062,30.107193],[31.367065,30.10716],[31.367055,30.107132],[31.367038,30.107113],[31.366966,30.107052],[31.366926,30.107031],[31.366881,30.107026],[31.366828,30.10704],[31.366789,30.107074],[31.366751,30.10719],[31.366737,30.107219],[31.366722,30.107235],[31.366847,30.107235],[31.366849,30.107228]],[[31.366802,30.1072],[31.366798,30.107219],[31.366794,30.107218],[31.3668,30.107207],[31.366802,30.1072]]],[[[31.36798,30.107235],[31.36812,30.107235],[31.36812,30.107116],[31.36798,30.107235]]]]}},{"type":"Feature","properties":{},"geometry":{"type":"Polygon","coordinates":[[[31.36544,30.107837],[31.365579,30.107936],[31.365727,30.108032],[31.366274,30.108332],[31.36812,30.10925],[31.36812,30.10891],[31.366968,30.108348],[31.367,30.108277],[31.367026,30.108234],[31.367091,30.108153],[31.367761,30.107585],[31.367915,30.107723],[31.367466,30.108058],[31.367442,30.108087],[31.367429,30.108119],[31.367427,30.10815],[31.367436,30.108187],[31.367458,30.108219],[31.36812,30.108763],[31.36812,30.1087],[31.367498,30.10819],[31.367485,30.108171],[31.367479,30.108149],[31.367481,30.108127],[31.367489,30.108106],[31.367505,30.108087],[31.367541,30.108061],[31.36812,30.108579],[31.36812,30.108514],[31.367829,30.108254],[31.367919,30.108181],[31.36812,30.10836],[31.36812,30.108295],[31.367957,30.10815],[31.368051,30.108073],[31.36812,30.108135],[31.36812,30.10807],[31.368089,30.108042],[31.36812,30.108017],[31.36812,30.107954],[31.367793,30.108222],[31.367733,30.108168],[31.368094,30.107883],[31.36812,30.107906],[31.36812,30.107841],[31.367991,30.107726],[31.368095,30.107649],[31.36812,30.107672],[31.36812,30.107571],[31.367955,30.107693],[31.367798,30.107553],[31.368088,30.107307],[31.36812,30.107336],[31.36812,30.107235],[31.36798,30.107235],[31.366992,30.108073],[31.366955,30.108117],[31.366944,30.108122],[31.366862,30.108132],[31.366781,30.108118],[31.366711,30.108081],[31.366658,30.108026],[31.36663,30.107959],[31.366629,30.107888],[31.366633,30.107877],[31.367382,30.107247],[31.367406,30.107235],[31.367202,30.107235],[31.366773,30.107597],[31.366698,30.107591],[31.366494,30.107538],[31.366523,30.107501],[31.366794,30.107311],[31.366819,30.107285],[31.366837,30.107258],[31.366847,30.107235],[31.366722,30.107235],[31.366714,30.107244],[31.366639,30.10731],[31.366387,30.107482],[31.366351,30.107525],[31.36609,30.107575],[31.366063,30.10759],[31.366043,30.107621],[31.366041,30.10765],[31.366054,30.107717],[31.366078,30.107745],[31.366116,30.107762],[31.366159,30.107761],[31.366367,30.107717],[31.366442,30.107688],[31.366504,30.107656],[31.366527,30.107656],[31.366549,30.107664],[31.366563,30.107674],[31.366578,30.107702],[31.366587,30.107753],[31.366453,30.107862],[31.366365,30.107914],[31.366297,30.107944],[31.366225,30.107963],[31.3662,30.107966],[31.365998,30.107867],[31.365781,30.107764],[31.365559,30.107667],[31.365113,30.107444],[31.365105,30.107408],[31.365088,30.107386],[31.36507,30.107373],[31.364926,30.107305],[31.364951,30.10726],[31.365027,30.107276],[31.365068,30.107279],[31.365091,30.107302],[31.365123,30.10732],[31.365171,30.107372],[31.365208,30.107396],[31.365476,30.107521],[31.365491,30.107524],[31.365505,30.107519],[31.365515,30.107499],[31.365503,30.107483],[31.365235,30.107358],[31.365203,30.107335],[31.36523,30.107332],[31.365271,30.107367],[31.365346,30.107406],[31.365366,30.107405],[31.36538,30.107392],[31.36538,30.107379],[31.365373,30.107368],[31.365302,30.10733],[31.365281,30.107315],[31.365301,30.107305],[31.365338,30.107269],[31.365353,30.107235],[31.365298,30.107235],[31.365292,30.107246],[31.365267,30.107271],[31.365234,30.107286],[31.365193,30.107291],[31.365152,30.107283],[31.365125,30.107267],[31.365103,30.107245],[31.365099,30.107235],[31.364907,30.107235],[31.364881,30.107283],[31.364784,30.107235],[31.364224,30.107235],[31.36544,30.107837]],[[31.366557,30.107938],[31.366558,30.107973],[31.366594,30.108056],[31.366665,30.108131],[31.366757,30.108178],[31.366858,30.108195],[31.366899,30.108191],[31.366848,30.108288],[31.366362,30.108047],[31.366437,30.108014],[31.366533,30.107957],[31.366557,30.107938]],[[31.366603,30.107644],[31.36658,30.107627],[31.366537,30.107611],[31.366491,30.107612],[31.36643,30.107641],[31.366429,30.107609],[31.366415,30.107569],[31.36656,30.107601],[31.366639,30.107624],[31.366722,30.107639],[31.366633,30.107715],[31.36662,30.107668],[31.366603,30.107644]],[[31.366415,30.107523],[31.366479,30.107477],[31.366462,30.107494],[31.366444,30.107527],[31.366415,30.107523]],[[31.366776,30.10726],[31.366759,30.107277],[31.366712,30.10731],[31.366768,30.107258],[31.366776,30.10726]],[[31.36615,30.107717],[31.366128,30.107717],[31.366112,30.10771],[31.366102,30.107698],[31.366093,30.107631],[31.366108,30.107617],[31.366355,30.10757],[31.366372,30.107596],[31.366377,30.107616],[31.366379,30.107636],[31.36637,30.107667],[31.36615,30.107717]],[[31.367697,30.108136],[31.367581,30.108032],[31.367951,30.107755],[31.368057,30.10785],[31.367697,30.108136]]]}},{"type":"Feature","properties":{},"geometry":{"type":"MultiPolygon","coordinates":[[[[31.367671,30.114463],[31.367684,30.114288],[31.367699,30.114168],[31.367722,30.114049],[31.367753,30.113931],[31.367824,30.113732],[31.367997,30.113456],[31.36812,30.1133],[31.36812,30.113181],[31.368069,30.113236],[31.367925,30.113419],[31.367747,30.113704],[31.367673,30.113911],[31.367641,30.114034],[31.367617,30.114157],[31.367601,30.114281],[31.367589,30.114451],[31.367584,30.11447],[31.367669,30.11447],[31.367671,30.114463]]],[[[31.368054,30.112568],[31.367967,30.112627],[31.367895,30.112684],[31.3676,30.112955],[31.366722,30.11384],[31.366122,30.11447],[31.366392,30.11447],[31.366665,30.114184],[31.366395,30.11447],[31.366503,30.11447],[31.366724,30.114236],[31.36679,30.11414],[31.366822,30.114069],[31.366845,30.113995],[31.367632,30.113199],[31.36741,30.113502],[31.367065,30.113987],[31.367063,30.113974],[31.367051,30.113963],[31.367034,30.11396],[31.367019,30.113968],[31.366647,30.114459],[31.366596,30.114461],[31.366564,30.11447],[31.366715,30.11447],[31.366703,30.114466],[31.367053,30.114005],[31.366973,30.114134],[31.366893,30.114278],[31.366803,30.11447],[31.367048,30.11447],[31.3671,30.114362],[31.367177,30.114222],[31.367262,30.114086],[31.367384,30.113914],[31.367356,30.113997],[31.367334,30.114109],[31.367321,30.114232],[31.367316,30.114361],[31.367326,30.11447],[31.367555,30.11447],[31.367545,30.114361],[31.367549,30.114242],[31.367561,30.114138],[31.36758,30.114036],[31.367614,30.113939],[31.367665,30.113825],[31.36783,30.113518],[31.367897,30.113408],[31.368045,30.113207],[31.36812,30.11312],[31.36812,30.112528],[31.368054,30.112568]]],[[[31.366728,30.113499],[31.366767,30.113446],[31.366779,30.113405],[31.36678,30.113366],[31.36677,30.113319],[31.366751,30.113283],[31.366722,30.11325],[31.366685,30.113223],[31.366611,30.11319],[31.366508,30.113158],[31.366374,30.113124],[31.366026,30.113061],[31.365977,30.113058],[31.365929,30.113062],[31.365879,30.113074],[31.365793,30.113112],[31.365739,30.113122],[31.365704,30.113124],[31.365669,30.113171],[31.365744,30.113167],[31.365808,30.113156],[31.3659,30.113115],[31.365938,30.113106],[31.365978,30.113103],[31.366017,30.113106],[31.366363,30.113168],[31.366493,30.113201],[31.366589,30.113231],[31.366656,30.11326],[31.366684,30.113281],[31.366706,30.113306],[31.366721,30.113336],[31.366728,30.113367],[31.366727,30.113399],[31.366718,30.113429],[31.366686,30.113473],[31.3657,30.11447],[31.365768,30.11447],[31.366728,30.113499]]],[[[31.36763,30.112503],[31.367569,30.112544],[31.367501,30.112577],[31.367429,30.112602],[31.367353,30.112616],[31.367275,30.112622],[31.366449,30.112612],[31.366326,30.112656],[31.367277,30.112667],[31.367363,30.112661],[31.367446,30.112644],[31.367522,30.112619],[31.367596,30.112583],[31.367666,30.112535],[31.36812,30.112129],[31.36812,30.112064],[31.36763,30.112503]]],[[[31.368082,30.113592],[31.367997,30.113784],[31.367944,30.113948],[31.36792,30.114041],[31.367892,30.114181],[31.367856,30.11447],[31.367908,30.11447],[31.367943,30.114187],[31.367971,30.11405],[31.368023,30.113863],[31.368073,30.113729],[31.368098,30.113679],[31.36812,30.113682],[31.36812,30.113636],[31.368118,30.113636],[31.36812,30.113632],[31.36812,30.113524],[31.368082,30.113592]]]]}},{"type":"Feature","properties":{},"geometry":{"type":"MultiPolygon","coordinates":[[[[31.368072,30.117387],[31.367999,30.117291],[31.367934,30.117193],[31.367857,30.11705],[31.367784,30.116888],[31.367689,30.116619],[31.367645,30.116402],[31.367625,30.116157],[31.367596,30.115607],[31.367596,30.114819],[31.367584,30.114702],[31.367639,30.114581],[31.367669,30.11447],[31.367584,30.11447],[31.367563,30.114548],[31.367555,30.11447],[31.367326,30.11447],[31.367333,30.114549],[31.367368,30.114824],[31.367367,30.115609],[31.367381,30.115869],[31.36736,30.115962],[31.367309,30.116114],[31.367244,30.116251],[31.367167,30.116357],[31.367113,30.116264],[31.367018,30.116153],[31.366914,30.116056],[31.366809,30.115976],[31.366792,30.115807],[31.366795,30.11547],[31.36682,30.115236],[31.366845,30.115088],[31.366879,30.11494],[31.366921,30.114794],[31.366971,30.114651],[31.367031,30.114505],[31.367048,30.11447],[31.366803,30.11447],[31.366786,30.114505],[31.366757,30.114483],[31.366715,30.11447],[31.366564,30.11447],[31.366562,30.114471],[31.366531,30.114486],[31.366487,30.114527],[31.366342,30.114724],[31.366305,30.114795],[31.366273,30.114881],[31.366248,30.114897],[31.365866,30.115312],[31.365856,30.115338],[31.365855,30.115356],[31.365861,30.115375],[31.365876,30.115394],[31.365847,30.115429],[31.365835,30.115448],[31.365807,30.115438],[31.365711,30.115417],[31.365671,30.115417],[31.365617,30.115436],[31.365586,30.115466],[31.36556,30.115513],[31.365554,30.115564],[31.365563,30.115624],[31.365371,30.115668],[31.366503,30.11447],[31.366395,30.11447],[31.365267,30.115667],[31.365254,30.115664],[31.366392,30.11447],[31.366122,30.11447],[31.365074,30.11557],[31.364893,30.115445],[31.36485,30.115428],[31.36481,30.11542],[31.364779,30.115419],[31.36417,30.114936],[31.364138,30.114972],[31.364743,30.115452],[31.364746,30.115482],[31.364758,30.115517],[31.364784,30.115553],[31.364949,30.115689],[31.364262,30.116372],[31.3642,30.116428],[31.363981,30.116591],[31.363967,30.116601],[31.363967,30.116821],[31.363993,30.116808],[31.36408,30.116753],[31.364322,30.116647],[31.364427,30.116591],[31.364559,30.116505],[31.364682,30.116407],[31.364616,30.116517],[31.364558,30.116631],[31.36437,30.116698],[31.364257,30.116748],[31.364162,30.116806],[31.363978,30.116854],[31.363967,30.116858],[31.363967,30.117054],[31.364046,30.117038],[31.364014,30.117049],[31.363967,30.117079],[31.363967,30.117182],[31.363977,30.11717],[31.364016,30.117137],[31.364057,30.117111],[31.364096,30.1171],[31.364139,30.117094],[31.364183,30.117094],[31.364226,30.1171],[31.364272,30.117114],[31.364309,30.117132],[31.36425,30.117287],[31.364122,30.117743],[31.364082,30.117931],[31.364056,30.118087],[31.36414,30.118087],[31.364164,30.117942],[31.364204,30.117757],[31.364242,30.11761],[31.36433,30.117306],[31.364374,30.117185],[31.364408,30.117233],[31.364474,30.117433],[31.364267,30.118087],[31.36444,30.118087],[31.364616,30.117533],[31.364677,30.11732],[31.364703,30.11725],[31.364735,30.117182],[31.364775,30.117111],[31.364823,30.117044],[31.364876,30.11698],[31.364935,30.11692],[31.365012,30.116857],[31.365037,30.116841],[31.365279,30.116806],[31.365483,30.116796],[31.365538,30.116802],[31.365593,30.116844],[31.36565,30.116895],[31.365694,30.116944],[31.365751,30.117032],[31.365764,30.117084],[31.365767,30.117129],[31.365752,30.117225],[31.365663,30.117515],[31.365452,30.118087],[31.365561,30.118087],[31.365763,30.117541],[31.365855,30.117241],[31.36587,30.117136],[31.365869,30.117095],[31.365883,30.117088],[31.365914,30.117087],[31.36594,30.117103],[31.365948,30.117121],[31.365926,30.117163],[31.365602,30.118087],[31.36571,30.118087],[31.366024,30.117193],[31.366047,30.117151],[31.366075,30.117119],[31.366109,30.11709],[31.366148,30.117067],[31.366189,30.11705],[31.366269,30.117033],[31.366603,30.117277],[31.366567,30.117314],[31.366534,30.117362],[31.366337,30.117926],[31.366278,30.118087],[31.366387,30.118087],[31.366413,30.118016],[31.366515,30.118087],[31.36668,30.118087],[31.366447,30.117923],[31.36661,30.117456],[31.367451,30.118087],[31.36761,30.118087],[31.366652,30.117367],[31.366679,30.117338],[31.366682,30.117336],[31.367638,30.118087],[31.36812,30.118087],[31.36812,30.11796],[31.367987,30.117862],[31.367894,30.117775],[31.367806,30.117684],[31.367722,30.117589],[31.367644,30.11749],[31.367569,30.117383],[31.367499,30.117274],[31.367234,30.116761],[31.367153,30.11665],[31.36707,30.116558],[31.367096,30.11654],[31.36715,30.116488],[31.367195,30.116565],[31.367431,30.117079],[31.367542,30.117255],[31.367668,30.117426],[31.367812,30.117594],[31.367965,30.11773],[31.36812,30.117859],[31.36812,30.117759],[31.368023,30.117678],[31.367873,30.117545],[31.367738,30.117386],[31.367614,30.117219],[31.367505,30.117046],[31.367271,30.116537],[31.36721,30.11643],[31.367221,30.116418],[31.367317,30.116285],[31.367395,30.116117],[31.367418,30.116421],[31.367465,30.116659],[31.367567,30.11695],[31.367645,30.117125],[31.367734,30.11729],[31.367807,30.117398],[31.367883,30.117499],[31.367968,30.1176],[31.36806,30.117697],[31.36812,30.117752],[31.36812,30.117443],[31.368072,30.117387]],[[31.364796,30.115464],[31.364804,30.115465],[31.364836,30.115471],[31.364865,30.115483],[31.365039,30.115604],[31.364984,30.115656],[31.364825,30.115525],[31.364807,30.1155],[31.364797,30.115472],[31.364796,30.115464]],[[31.364894,30.116099],[31.364857,30.116126],[31.364752,30.116241],[31.364652,30.116333],[31.364508,30.116449],[31.364367,30.116539],[31.365119,30.115795],[31.365217,30.115703],[31.365233,30.115707],[31.364894,30.116099]],[[31.364585,30.117119],[31.364548,30.117198],[31.364515,30.117287],[31.364483,30.1172],[31.364453,30.117155],[31.364409,30.11711],[31.364486,30.116951],[31.364737,30.116901],[31.364683,30.116966],[31.364629,30.117044],[31.364585,30.117119]],[[31.365666,30.11657],[31.365814,30.1166],[31.366054,30.11667],[31.36618,30.116703],[31.36631,30.116716],[31.366427,30.116718],[31.366564,30.1167],[31.366722,30.116672],[31.366623,30.116712],[31.36649,30.11674],[31.366311,30.116747],[31.366122,30.11673],[31.366011,30.116727],[31.365668,30.116636],[31.365492,30.116615],[31.365262,30.116625],[31.36506,30.116653],[31.365286,30.116595],[31.365402,30.116571],[31.365528,30.116562],[31.365598,30.116565],[31.365666,30.11657]],[[31.366317,30.116644],[31.366197,30.116632],[31.365834,30.11653],[31.365676,30.116498],[31.365529,30.11649],[31.365389,30.116499],[31.365265,30.116525],[31.364701,30.116669],[31.364714,30.116653],[31.364848,30.116606],[31.365243,30.11648],[31.365425,30.116436],[31.365619,30.116402],[31.365817,30.116374],[31.36587,30.11636],[31.365922,30.116334],[31.36596,30.116305],[31.36599,30.11627],[31.366015,30.116223],[31.366027,30.116177],[31.366027,30.116157],[31.366118,30.116165],[31.366248,30.116186],[31.366447,30.11624],[31.36655,30.116285],[31.36664,30.116332],[31.36666,30.116424],[31.366718,30.1166],[31.36655,30.116629],[31.366418,30.116646],[31.366317,30.116644]],[[31.366132,30.116093],[31.366016,30.116083],[31.365997,30.116044],[31.36597,30.116009],[31.365926,30.115972],[31.365862,30.115943],[31.365798,30.115923],[31.365731,30.11591],[31.365663,30.115903],[31.365589,30.115904],[31.36551,30.115914],[31.36538,30.115943],[31.365252,30.115987],[31.365112,30.116049],[31.365048,30.116083],[31.365192,30.115989],[31.3653,30.115938],[31.365431,30.115884],[31.365586,30.115841],[31.365721,30.115812],[31.365843,30.115791],[31.365997,30.115786],[31.366155,30.1158],[31.366354,30.115839],[31.36649,30.115887],[31.366575,30.115927],[31.366594,30.116115],[31.366619,30.116237],[31.366478,30.116173],[31.366266,30.116115],[31.366132,30.116093]],[[31.367039,30.116487],[31.367012,30.116506],[31.366893,30.116411],[31.366881,30.116374],[31.36682,30.11608],[31.366855,30.116106],[31.366956,30.116201],[31.367043,30.116303],[31.36711,30.116418],[31.367039,30.116487]],[[31.366165,30.115728],[31.365997,30.115713],[31.365834,30.115719],[31.365702,30.115741],[31.365565,30.115771],[31.365403,30.115816],[31.365264,30.115873],[31.365144,30.11593],[31.365328,30.115717],[31.3654,30.11571],[31.365695,30.115641],[31.365755,30.115617],[31.365823,30.11567],[31.365884,30.115694],[31.365918,30.1157],[31.366104,30.115703],[31.366207,30.115711],[31.366308,30.115728],[31.366479,30.115775],[31.366506,30.115774],[31.366532,30.115764],[31.366554,30.115747],[31.366564,30.115731],[31.366566,30.11584],[31.366524,30.115821],[31.366379,30.115769],[31.366165,30.115728]],[[31.365858,30.115519],[31.365892,30.115451],[31.365926,30.115413],[31.366016,30.115432],[31.366054,30.115428],[31.366079,30.115416],[31.366145,30.11544],[31.366171,30.115442],[31.366201,30.115439],[31.366224,30.115429],[31.366256,30.115463],[31.366282,30.115482],[31.366315,30.115497],[31.36635,30.115506],[31.366532,30.115527],[31.366519,30.115709],[31.366505,30.115725],[31.366482,30.11573],[31.366415,30.115708],[31.366321,30.115685],[31.366215,30.115666],[31.366106,30.115658],[31.365926,30.115656],[31.3659,30.115651],[31.36585,30.115632],[31.365797,30.115589],[31.365834,30.115554],[31.365858,30.115519]],[[31.36568,30.115597],[31.365614,30.115613],[31.365606,30.115563],[31.36561,30.115525],[31.365618,30.115507],[31.365646,30.115474],[31.365679,30.115462],[31.365707,30.115462],[31.365815,30.11549],[31.365793,30.115526],[31.365744,30.11557],[31.36568,30.115597]],[[31.364246,30.11703],[31.364193,30.117022],[31.36412,30.117024],[31.364387,30.116971],[31.364341,30.117065],[31.364303,30.117047],[31.364246,30.11703]],[[31.365831,30.116011],[31.365879,30.116032],[31.365904,30.116052],[31.365924,30.11608],[31.365755,30.116081],[31.365619,30.116093],[31.365491,30.116115],[31.365362,30.116147],[31.365234,30.11619],[31.365114,30.116241],[31.364995,30.116303],[31.364755,30.116493],[31.364677,30.116576],[31.364819,30.116337],[31.364872,30.11626],[31.365151,30.116113],[31.365288,30.116053],[31.365408,30.116011],[31.365524,30.115986],[31.365593,30.115976],[31.365662,30.115976],[31.365719,30.115981],[31.365776,30.115993],[31.365831,30.116011]],[[31.364822,30.116537],[31.365046,30.11636],[31.365155,30.116304],[31.365269,30.116256],[31.365387,30.116216],[31.365509,30.116186],[31.365633,30.116165],[31.365759,30.116153],[31.365944,30.116153],[31.365936,30.1162],[31.365921,30.11623],[31.365898,30.116256],[31.36587,30.116277],[31.365838,30.116293],[31.3658,30.116303],[31.365604,30.116331],[31.365408,30.116365],[31.365219,30.11641],[31.364822,30.116537]],[[31.365778,30.116891],[31.365734,30.116842],[31.366071,30.116935],[31.366145,30.116968],[31.366092,30.116991],[31.366043,30.11702],[31.366017,30.117042],[31.365986,30.117017],[31.365942,30.117],[31.365894,30.116995],[31.365849,30.117002],[31.365814,30.11694],[31.365778,30.116891]],[[31.366257,30.116814],[31.366312,30.116819],[31.366502,30.116812],[31.36665,30.11678],[31.366765,30.116734],[31.366897,30.117012],[31.367053,30.117274],[31.367237,30.117517],[31.36727,30.117555],[31.366797,30.117183],[31.366397,30.11689],[31.366257,30.116814]],[[31.367084,30.11669],[31.36716,30.116794],[31.367424,30.117305],[31.367496,30.117419],[31.367574,30.117529],[31.367655,30.117631],[31.367769,30.117758],[31.367652,30.117657],[31.367425,30.117404],[31.367253,30.117178],[31.367102,30.116925],[31.366972,30.116649],[31.366966,30.11663],[31.367005,30.116603],[31.367084,30.11669]],[[31.366745,30.114536],[31.366737,30.114582],[31.366536,30.114546],[31.366563,30.114522],[31.366605,30.114506],[31.366657,30.114505],[31.366706,30.114513],[31.366731,30.114522],[31.366745,30.114536]],[[31.366672,30.114776],[31.366407,30.11472],[31.366505,30.114586],[31.366723,30.114625],[31.366672,30.114776]],[[31.366542,30.115382],[31.366535,30.115481],[31.366358,30.115462],[31.366334,30.115455],[31.366291,30.11543],[31.366259,30.115394],[31.366268,30.115368],[31.36627,30.115344],[31.366261,30.115311],[31.366216,30.115254],[31.366187,30.115231],[31.366336,30.114943],[31.36634,30.114914],[31.366324,30.114891],[31.36634,30.114842],[31.366379,30.114761],[31.366658,30.11482],[31.366613,30.11497],[31.366588,30.115073],[31.366562,30.115234],[31.366542,30.115382]],[[31.366159,30.115396],[31.36611,30.115378],[31.366164,30.115274],[31.366197,30.115307],[31.366212,30.115328],[31.366218,30.115345],[31.366213,30.115372],[31.366197,30.11539],[31.366186,30.115395],[31.366159,30.115396]],[[31.365907,30.115345],[31.365915,30.115328],[31.366288,30.114926],[31.366053,30.115375],[31.366038,30.115385],[31.36602,30.115387],[31.365912,30.115361],[31.365907,30.115345]],[[31.366947,30.116551],[31.366941,30.116555],[31.366936,30.116542],[31.366947,30.116551]]],[[[31.364051,30.117941],[31.364058,30.117868],[31.364055,30.117785],[31.364044,30.117709],[31.364024,30.117636],[31.363984,30.11755],[31.363967,30.117522],[31.363967,30.118087],[31.364029,30.118087],[31.364051,30.117941]]],[[[31.364834,30.115295],[31.364872,30.115309],[31.364913,30.115311],[31.364953,30.115303],[31.364988,30.115284],[31.365418,30.114824],[31.365768,30.11447],[31.3657,30.11447],[31.365379,30.114795],[31.364953,30.11525],[31.364932,30.115261],[31.364908,30.115266],[31.364883,30.115264],[31.36486,30.115256],[31.364554,30.115036],[31.364276,30.114813],[31.364244,30.11485],[31.36452,30.11507],[31.364834,30.115295]]],[[[31.367838,30.11462],[31.367735,30.115784],[31.36771,30.116171],[31.367712,30.116257],[31.367734,30.116445],[31.36778,30.116651],[31.367833,30.116828],[31.367873,30.116936],[31.368076,30.117285],[31.36812,30.117338],[31.36812,30.11726],[31.367922,30.11692],[31.367883,30.116815],[31.367831,30.116642],[31.367786,30.116438],[31.367764,30.116254],[31.367762,30.116173],[31.367787,30.115787],[31.367889,30.114624],[31.367908,30.11447],[31.367856,30.11447],[31.367838,30.11462]]]]}},{"type":"Feature","properties":{},"geometry":{"type":"MultiPolygon","coordinates":[[[[31.36414,30.118087],[31.364056,30.118087],[31.363967,30.118614],[31.363967,30.119109],[31.36414,30.118087]]],[[[31.36413,30.118523],[31.364068,30.118743],[31.364025,30.118945],[31.363967,30.119268],[31.363967,30.120451],[31.364127,30.119309],[31.364189,30.118968],[31.36423,30.118776],[31.36429,30.118561],[31.36444,30.118087],[31.364267,30.118087],[31.36413,30.118523]]],[[[31.367936,30.119638],[31.36812,30.119148],[31.36812,30.118857],[31.36803,30.119096],[31.36812,30.118843],[31.36812,30.118537],[31.36809,30.118621],[31.36807,30.118563],[31.368035,30.11849],[31.367989,30.118417],[31.367931,30.118344],[31.367866,30.11828],[31.36761,30.118087],[31.367451,30.118087],[31.367795,30.118346],[31.36785,30.118402],[31.367899,30.118462],[31.36794,30.118527],[31.367973,30.118595],[31.367998,30.118666],[31.368014,30.118739],[31.368021,30.118814],[31.367895,30.119172],[31.367402,30.119017],[31.367437,30.118816],[31.367437,30.118728],[31.367424,30.118656],[31.367367,30.118572],[31.36668,30.118087],[31.366515,30.118087],[31.367291,30.118634],[31.367324,30.118683],[31.367334,30.118749],[31.366257,30.118441],[31.366387,30.118087],[31.366278,30.118087],[31.366158,30.118413],[31.365647,30.118267],[31.36571,30.118087],[31.365602,30.118087],[31.365549,30.118238],[31.365509,30.118227],[31.365561,30.118087],[31.365452,30.118087],[31.365394,30.118244],[31.36533,30.118437],[31.365287,30.118596],[31.365254,30.118763],[31.365182,30.119346],[31.365083,30.119935],[31.364998,30.120543],[31.364939,30.120863],[31.364918,30.120952],[31.364809,30.121313],[31.364683,30.121667],[31.363967,30.121484],[31.363967,30.121578],[31.364464,30.121705],[31.364907,30.121705],[31.365003,30.121428],[31.365497,30.121556],[31.365516,30.121554],[31.365529,30.12154],[31.365527,30.121523],[31.365514,30.121513],[31.365018,30.121385],[31.365135,30.121048],[31.367296,30.12164],[31.367272,30.121705],[31.367381,30.121705],[31.367395,30.121668],[31.367402,30.12167],[31.367388,30.121705],[31.367498,30.121705],[31.367554,30.121565],[31.368022,30.121705],[31.36812,30.121705],[31.36812,30.121639],[31.367588,30.12148],[31.367764,30.121043],[31.36812,30.121146],[31.36812,30.12096],[31.367782,30.120862],[31.367646,30.120856],[31.367511,30.120808],[31.367688,30.120338],[31.36812,30.120466],[31.36812,30.120371],[31.36772,30.120252],[31.367905,30.119724],[31.36812,30.119782],[31.36812,30.119687],[31.367936,30.119638]],[[31.3648,30.121699],[31.364782,30.121694],[31.364909,30.121339],[31.365006,30.121017],[31.365035,30.121023],[31.364912,30.121379],[31.3648,30.121699]],[[31.36503,30.120926],[31.365064,30.120934],[31.365063,30.120936],[31.36503,30.120929],[31.36503,30.120926]],[[31.365131,30.120488],[31.365082,30.120845],[31.365049,30.120837],[31.365101,30.120555],[31.365179,30.119997],[31.365204,30.120003],[31.365131,30.120488]],[[31.365276,30.119411],[31.365306,30.119419],[31.365218,30.119913],[31.365193,30.119907],[31.365276,30.119411]],[[31.365351,30.118825],[31.365392,30.118835],[31.365321,30.119328],[31.365289,30.119319],[31.365351,30.118825]],[[31.365481,30.118417],[31.365452,30.118531],[31.365408,30.118745],[31.365365,30.118735],[31.365389,30.118615],[31.36543,30.118461],[31.365479,30.118314],[31.365517,30.118325],[31.365481,30.118417]],[[31.365163,30.12096],[31.365164,30.120958],[31.367059,30.121445],[31.367049,30.121476],[31.365163,30.12096]],[[31.365678,30.120995],[31.365183,30.120869],[31.365305,30.120026],[31.365974,30.120189],[31.365866,30.120501],[31.365678,30.120995]],[[31.366054,30.120114],[31.365319,30.119936],[31.365406,30.119447],[31.366977,30.119889],[31.366813,30.120314],[31.366054,30.120114]],[[31.365493,30.11886],[31.366752,30.1192],[31.366576,30.119681],[31.365421,30.119357],[31.365493,30.11886]],[[31.367328,30.118842],[31.367294,30.119036],[31.367218,30.119238],[31.366833,30.119127],[31.365508,30.11877],[31.365554,30.118548],[31.365582,30.118439],[31.365615,30.118353],[31.366176,30.118513],[31.367328,30.118842]],[[31.365777,30.12102],[31.365949,30.120571],[31.367254,30.120938],[31.36709,30.121359],[31.365777,30.12102]],[[31.367606,30.120939],[31.367672,30.120998],[31.367436,30.121584],[31.367148,30.121503],[31.367173,30.121428],[31.36739,30.120867],[31.367429,30.120877],[31.367606,30.120939]],[[31.367287,30.120852],[31.366775,30.120706],[31.367076,30.119917],[31.367576,30.120058],[31.367503,30.120256],[31.367287,30.120852]],[[31.367607,30.119971],[31.367108,30.119831],[31.367377,30.119105],[31.367863,30.119258],[31.367721,30.119625],[31.367607,30.119971]],[[31.367009,30.119803],[31.366675,30.119709],[31.366851,30.119228],[31.367186,30.119324],[31.367009,30.119803]],[[31.366781,30.1204],[31.366676,30.120678],[31.36598,30.120485],[31.366074,30.120214],[31.366781,30.1204]],[[31.367837,30.119611],[31.367837,30.11961],[31.367871,30.11952],[31.367837,30.119611]],[[31.367796,30.119725],[31.367806,30.119697],[31.367806,30.119697],[31.367796,30.119725]]],[[[31.364029,30.118087],[31.363967,30.118087],[31.363967,30.118498],[31.364029,30.118087]]],[[[31.36812,30.118467],[31.36812,30.118087],[31.367638,30.118087],[31.36812,30.118467]]]]}},{"type":"Feature","properties":{},"geometry":{"type":"Polygon","coordinates":[[[31.364031,30.125031],[31.363967,30.125215],[31.363967,30.125322],[31.36427,30.125322],[31.36406,30.125258],[31.364355,30.12442],[31.364884,30.124566],[31.364597,30.125322],[31.364707,30.125322],[31.364806,30.125061],[31.365419,30.125236],[31.365386,30.125322],[31.365495,30.125322],[31.365518,30.125264],[31.365721,30.125322],[31.366137,30.125322],[31.366274,30.124948],[31.367634,30.125322],[31.367979,30.125322],[31.366305,30.124862],[31.366352,30.124734],[31.36812,30.125224],[31.36812,30.125129],[31.36724,30.124885],[31.367395,30.12447],[31.36812,30.124674],[31.36812,30.124579],[31.367991,30.124542],[31.36812,30.124192],[31.36812,30.123897],[31.368085,30.123991],[31.367594,30.123856],[31.36793,30.122978],[31.36812,30.12303],[31.36812,30.122935],[31.367115,30.122658],[31.367194,30.12246],[31.367772,30.122622],[31.36812,30.12272],[31.36812,30.122625],[31.367853,30.12255],[31.368017,30.122101],[31.36812,30.122131],[31.36812,30.122035],[31.368049,30.122015],[31.36812,30.121822],[31.36812,30.121705],[31.368022,30.121705],[31.368051,30.121713],[31.367754,30.122522],[31.367229,30.122374],[31.367498,30.121705],[31.367388,30.121705],[31.367304,30.121912],[31.367381,30.121705],[31.367272,30.121705],[31.367169,30.121984],[31.366962,30.12208],[31.366847,30.122127],[31.366628,30.122205],[31.365393,30.121858],[31.364899,30.121726],[31.364907,30.121705],[31.364464,30.121705],[31.364654,30.121754],[31.364595,30.121938],[31.363967,30.121774],[31.363967,30.121868],[31.36457,30.122026],[31.364564,30.122064],[31.364567,30.122115],[31.364076,30.123456],[31.363967,30.123745],[31.363967,30.124073],[31.364333,30.124174],[31.364287,30.124307],[31.363967,30.124217],[31.363967,30.124313],[31.364256,30.124393],[31.364062,30.124945],[31.363967,30.124926],[31.363967,30.125018],[31.364031,30.125031]],[[31.364839,30.124975],[31.364984,30.124593],[31.366175,30.124921],[31.366031,30.125316],[31.364839,30.124975]],[[31.364386,30.124334],[31.364432,30.124202],[31.365764,30.124571],[31.365716,30.1247],[31.364386,30.124334]],[[31.363986,30.123983],[31.364158,30.123528],[31.365368,30.123895],[31.365202,30.12432],[31.363986,30.123983]],[[31.365796,30.124485],[31.365301,30.124348],[31.365656,30.123438],[31.366135,30.123574],[31.365968,30.124022],[31.365796,30.124485]],[[31.366167,30.123488],[31.364964,30.123146],[31.365123,30.12273],[31.36632,30.123079],[31.366167,30.123488]],[[31.365156,30.122644],[31.365313,30.122237],[31.3662,30.122489],[31.366504,30.122584],[31.366352,30.122993],[31.365156,30.122644]],[[31.364191,30.123442],[31.364665,30.122147],[31.36471,30.122115],[31.364747,30.122073],[31.365214,30.122209],[31.364684,30.123592],[31.364191,30.123442]],[[31.367012,30.122408],[31.366938,30.12261],[31.366586,30.122513],[31.366232,30.122404],[31.364789,30.12199],[31.364866,30.121812],[31.365362,30.121944],[31.366614,30.122296],[31.367012,30.122408]],[[31.364753,30.12178],[31.364767,30.121784],[31.364709,30.121918],[31.364753,30.12178]],[[31.364931,30.123232],[31.365557,30.12341],[31.365401,30.12381],[31.364782,30.123622],[31.364931,30.123232]],[[31.367044,30.122322],[31.366785,30.122249],[31.367007,30.122162],[31.367122,30.12211],[31.367044,30.122322]],[[31.367296,30.124442],[31.367141,30.124857],[31.365895,30.124512],[31.366051,30.124093],[31.366595,30.124245],[31.367296,30.124442]],[[31.366083,30.124007],[31.366418,30.123108],[31.366912,30.123253],[31.366578,30.124145],[31.366083,30.124007]],[[31.366677,30.124173],[31.366838,30.123742],[31.368053,30.124077],[31.367892,30.124514],[31.367378,30.12437],[31.366677,30.124173]],[[31.367635,30.123464],[31.367495,30.123829],[31.36687,30.123656],[31.367011,30.123281],[31.367635,30.123464]],[[31.367831,30.12295],[31.367668,30.123378],[31.36645,30.123022],[31.366603,30.122612],[31.367032,30.122731],[31.367831,30.12295]],[[31.366253,30.124706],[31.366206,30.124835],[31.365815,30.124727],[31.365863,30.124598],[31.366253,30.124706]]]}},{"type":"Feature","properties":{},"geometry":{"type":"MultiPolygon","coordinates":[[[[31.364153,30.128631],[31.364361,30.128644],[31.3649,30.128666],[31.365229,30.128685],[31.365558,30.128709],[31.365885,30.128739],[31.366103,30.128764],[31.36632,30.128793],[31.366749,30.128865],[31.366962,30.128909],[31.367092,30.12894],[31.367777,30.12894],[31.367539,30.128867],[31.367234,30.128786],[31.367015,30.128734],[31.366796,30.128688],[31.366573,30.128648],[31.366352,30.128614],[31.365908,30.128559],[31.365576,30.128529],[31.365244,30.128504],[31.364911,30.128485],[31.364375,30.128463],[31.363967,30.128434],[31.363967,30.128434],[31.363967,30.128614],[31.364153,30.128631]]],[[[31.366871,30.128925],[31.366543,30.128871],[31.366892,30.12894],[31.366947,30.12894],[31.366871,30.128925]]],[[[31.367433,30.126974],[31.367454,30.126925],[31.36812,30.127121],[31.36812,30.126997],[31.367466,30.126804],[31.366919,30.126655],[31.367099,30.126215],[31.367444,30.126315],[31.36812,30.126512],[31.36812,30.126417],[31.367831,30.126332],[31.367885,30.126196],[31.36812,30.125607],[31.36812,30.125361],[31.367979,30.125322],[31.367634,30.125322],[31.368075,30.125444],[31.367912,30.125853],[31.36613,30.125344],[31.366137,30.125322],[31.365721,30.125322],[31.366,30.125402],[31.365672,30.1263],[31.365171,30.126155],[31.365425,30.125504],[31.365495,30.125322],[31.365386,30.125322],[31.365267,30.125628],[31.364661,30.125442],[31.364707,30.125322],[31.364597,30.125322],[31.364563,30.125412],[31.36427,30.125322],[31.363967,30.125322],[31.363967,30.125523],[31.36403,30.125345],[31.365233,30.125714],[31.365073,30.126127],[31.363967,30.125816],[31.363967,30.125939],[31.365079,30.126252],[31.366826,30.126753],[31.367385,30.126906],[31.367363,30.126954],[31.364405,30.12611],[31.363967,30.125977],[31.363967,30.126102],[31.364362,30.126222],[31.366253,30.126761],[31.365799,30.127874],[31.36577,30.127991],[31.365774,30.128008],[31.365834,30.128076],[31.36598,30.128148],[31.36812,30.128719],[31.36812,30.128672],[31.365998,30.128106],[31.365868,30.128042],[31.365824,30.127991],[31.365848,30.127888],[31.366303,30.126775],[31.36812,30.127294],[31.36812,30.12717],[31.367433,30.126974]],[[31.366265,30.126469],[31.365771,30.126328],[31.366098,30.12543],[31.366597,30.125573],[31.366265,30.126469]],[[31.36682,30.126627],[31.366364,30.126497],[31.366696,30.125601],[31.367183,30.12574],[31.36682,30.126627]],[[31.367732,30.126304],[31.367134,30.12613],[31.367282,30.125768],[31.367878,30.125939],[31.367787,30.126166],[31.367732,30.126304]]],[[[31.363979,30.128661],[31.363967,30.12866],[31.363967,30.12866],[31.363979,30.128661]]]]}},{"type":"Feature","properties":{},"geometry":{"type":"MultiPolygon","coordinates":[[[[31.367175,30.12896],[31.367477,30.12904],[31.367777,30.12913],[31.368076,30.129223],[31.36812,30.129238],[31.36812,30.129044],[31.367777,30.12894],[31.367092,30.12894],[31.367175,30.12896]]],[[[31.368086,30.12923],[31.367856,30.12916],[31.367526,30.12907],[31.367093,30.128969],[31.366947,30.12894],[31.366892,30.12894],[31.367382,30.129037],[31.36812,30.129282],[31.36812,30.129241],[31.368086,30.12923]]]]}},{"type":"Feature","properties":{},"geometry":{"type":"Polygon","coordinates":[[[31.370439,30.081863],[31.370409,30.081539],[31.370235,30.08],[31.370183,30.08],[31.370358,30.081543],[31.370387,30.081867],[31.370392,30.081913],[31.370445,30.081913],[31.370439,30.081863]]]}},{"type":"Feature","properties":{},"geometry":{"type":"MultiPolygon","coordinates":[[[[31.368261,30.08347],[31.368266,30.083455],[31.368261,30.083433],[31.368268,30.083009],[31.368264,30.082863],[31.368254,30.082717],[31.368248,30.082698],[31.368227,30.082682],[31.368201,30.082679],[31.368173,30.082692],[31.368162,30.082713],[31.368174,30.083009],[31.368168,30.083412],[31.36812,30.083417],[31.36812,30.083509],[31.368169,30.083503],[31.368235,30.08553],[31.368328,30.08553],[31.368261,30.08347]]],[[[31.368976,30.082968],[31.368962,30.08297],[31.368951,30.082979],[31.368948,30.082992],[31.369119,30.084722],[31.369125,30.084747],[31.369139,30.08477],[31.369159,30.084789],[31.369184,30.084802],[31.369212,30.084809],[31.369434,30.084793],[31.369461,30.084799],[31.369538,30.084847],[31.369575,30.08486],[31.369609,30.084866],[31.369777,30.084866],[31.369781,30.085044],[31.369112,30.085101],[31.369096,30.085107],[31.369089,30.085124],[31.369108,30.085385],[31.369113,30.085397],[31.369123,30.085404],[31.369136,30.085406],[31.369814,30.085354],[31.369829,30.085349],[31.369838,30.085331],[31.369829,30.084865],[31.370223,30.084843],[31.370567,30.084843],[31.370761,30.084859],[31.370892,30.08489],[31.370948,30.085521],[31.37095,30.08553],[31.371003,30.08553],[31.370942,30.084868],[31.370649,30.083926],[31.370523,30.08357],[31.370491,30.08347],[31.370467,30.083368],[31.37045,30.083265],[31.370404,30.08286],[31.370398,30.082848],[31.370385,30.082841],[31.370368,30.082841],[31.370356,30.08285],[31.370352,30.082864],[31.370399,30.083271],[31.370416,30.083375],[31.370435,30.083456],[31.370197,30.08349],[31.369491,30.083565],[31.369449,30.083397],[31.36967,30.083372],[31.369698,30.083361],[31.369722,30.083344],[31.369741,30.083321],[31.369752,30.083294],[31.369755,30.083268],[31.36975,30.083241],[31.369637,30.082863],[31.369623,30.082854],[31.369608,30.082855],[31.369596,30.082863],[31.369591,30.082878],[31.369643,30.083057],[31.369017,30.08316],[31.368999,30.082988],[31.368992,30.082974],[31.368976,30.082968]],[[31.370569,30.084798],[31.370222,30.084798],[31.369802,30.084821],[31.369612,30.084821],[31.369564,30.084808],[31.369485,30.084759],[31.369442,30.084748],[31.369398,30.084748],[31.369238,30.084764],[31.36922,30.084764],[31.369192,30.084754],[31.369174,30.084732],[31.36917,30.084717],[31.369067,30.083655],[31.370204,30.083535],[31.370447,30.0835],[31.370599,30.083938],[31.370879,30.08484],[31.37077,30.084815],[31.370569,30.084798]],[[31.369041,30.0834],[31.369021,30.083205],[31.369337,30.083154],[31.369386,30.083358],[31.369041,30.0834]],[[31.369388,30.083145],[31.369656,30.083101],[31.369703,30.083269],[31.369701,30.083285],[31.369684,30.083313],[31.369653,30.083329],[31.369438,30.083352],[31.369388,30.083145]],[[31.369045,30.083445],[31.369397,30.083402],[31.369439,30.083571],[31.369062,30.08361],[31.369045,30.083445]],[[31.369142,30.085143],[31.369782,30.085089],[31.369786,30.08531],[31.369158,30.085359],[31.369142,30.085143]]],[[[31.370594,30.085335],[31.37059,30.085324],[31.370581,30.085317],[31.370566,30.085314],[31.369947,30.08536],[31.369938,30.085072],[31.370541,30.085038],[31.370555,30.085032],[31.370562,30.085023],[31.370562,30.08501],[31.370554,30.084999],[31.370536,30.084993],[31.36991,30.085029],[31.369896,30.085033],[31.369887,30.085043],[31.369901,30.08553],[31.369952,30.08553],[31.369948,30.085405],[31.370544,30.085361],[31.370558,30.08553],[31.37061,30.08553],[31.370594,30.085335]]],[[[31.371872,30.08552],[31.37189,30.085489],[31.371897,30.08546],[31.371895,30.08543],[31.371823,30.084861],[31.371822,30.084838],[31.371828,30.084818],[31.37184,30.084798],[31.371858,30.084782],[31.37188,30.084771],[31.371906,30.084764],[31.372273,30.084725],[31.372273,30.08468],[31.371898,30.08472],[31.37186,30.084729],[31.371826,30.084746],[31.371799,30.084771],[31.371779,30.084803],[31.37177,30.084836],[31.371844,30.085435],[31.37184,30.085476],[31.371816,30.085508],[31.37178,30.085526],[31.371714,30.08553],[31.371862,30.08553],[31.371872,30.08552]]],[[[31.371401,30.084981],[31.371385,30.084898],[31.371363,30.084818],[31.37133,30.084729],[31.371289,30.084642],[31.371241,30.084558],[31.370933,30.084047],[31.370859,30.083935],[31.370794,30.083821],[31.370736,30.083704],[31.370686,30.083584],[31.370644,30.083462],[31.370611,30.083338],[31.370586,30.083213],[31.370445,30.081913],[31.370392,30.081913],[31.370534,30.083218],[31.37056,30.083346],[31.370594,30.083473],[31.370637,30.083598],[31.370688,30.08372],[31.370747,30.08384],[31.370813,30.083956],[31.370888,30.084069],[31.371195,30.084579],[31.371241,30.08466],[31.371281,30.084744],[31.371312,30.08483],[31.371334,30.084908],[31.37135,30.084988],[31.371413,30.08553],[31.371465,30.08553],[31.371401,30.084981]]]]}},{"type":"Feature","properties":{},"geometry":{"type":"MultiPolygon","coordinates":[[[[31.369462,30.089025],[31.369432,30.089005],[31.369407,30.089002],[31.369375,30.089008],[31.369095,30.089148],[31.3692,30.089148],[31.369395,30.08905],[31.369414,30.089048],[31.369422,30.089148],[31.369473,30.089148],[31.369462,30.089025]]],[[[31.36882,30.088983],[31.368979,30.088903],[31.368992,30.088881],[31.368992,30.088865],[31.368986,30.088849],[31.368913,30.08874],[31.368884,30.088722],[31.368864,30.088721],[31.368846,30.088726],[31.368705,30.088798],[31.368669,30.088738],[31.369007,30.088562],[31.369133,30.088487],[31.369217,30.088411],[31.369284,30.088301],[31.369312,30.088174],[31.369302,30.088067],[31.369266,30.087935],[31.369193,30.087794],[31.369076,30.087615],[31.368759,30.087186],[31.368344,30.086607],[31.368327,30.086577],[31.368309,30.086513],[31.368308,30.086481],[31.368367,30.08647],[31.368418,30.086449],[31.368463,30.086419],[31.368495,30.086385],[31.368525,30.086332],[31.368536,30.086289],[31.368537,30.086245],[31.368523,30.086188],[31.3685,30.086148],[31.368465,30.086109],[31.368422,30.086079],[31.368387,30.086062],[31.368321,30.086047],[31.368336,30.085973],[31.36834,30.085903],[31.368328,30.08553],[31.368235,30.08553],[31.368247,30.085904],[31.368243,30.085962],[31.368223,30.086052],[31.3682,30.086057],[31.368148,30.086079],[31.36812,30.086099],[31.36812,30.086546],[31.368145,30.086495],[31.368158,30.086451],[31.368191,30.086466],[31.368183,30.086505],[31.368171,30.086539],[31.368129,30.0866],[31.36812,30.086609],[31.36812,30.086718],[31.368127,30.086714],[31.368163,30.086688],[31.3682,30.086653],[31.368232,30.086614],[31.368255,30.086653],[31.368671,30.087234],[31.368988,30.087663],[31.369102,30.087837],[31.369166,30.08796],[31.3692,30.088081],[31.369208,30.088175],[31.369188,30.088264],[31.369131,30.088359],[31.369062,30.088421],[31.368952,30.088485],[31.368617,30.08866],[31.36812,30.087938],[31.36812,30.088926],[31.368269,30.089148],[31.368926,30.089148],[31.36882,30.088983]],[[31.368149,30.086193],[31.368171,30.086168],[31.368199,30.086148],[31.368231,30.086134],[31.368294,30.086126],[31.368347,30.086136],[31.368399,30.086167],[31.368421,30.086191],[31.368436,30.086219],[31.368444,30.086249],[31.368443,30.086279],[31.368435,30.086309],[31.368419,30.086337],[31.368397,30.086361],[31.368369,30.08638],[31.368337,30.086393],[31.368284,30.086399],[31.368267,30.086395],[31.368247,30.086396],[31.368223,30.086389],[31.368177,30.086364],[31.368145,30.086328],[31.368129,30.086286],[31.368126,30.086265],[31.36813,30.086237],[31.368138,30.086224],[31.368149,30.086193]],[[31.36884,30.08892],[31.368831,30.088925],[31.36876,30.088823],[31.368772,30.088817],[31.368795,30.088849],[31.36884,30.08892]],[[31.368886,30.088898],[31.368817,30.088793],[31.368828,30.088787],[31.368899,30.088892],[31.368886,30.088898]]],[[[31.370955,30.085549],[31.370969,30.085573],[31.370991,30.085594],[31.371018,30.085608],[31.371059,30.085618],[31.371421,30.085595],[31.371505,30.086267],[31.371374,30.08629],[31.370586,30.086358],[31.369978,30.086428],[31.369958,30.085732],[31.370597,30.085682],[31.370615,30.085674],[31.370621,30.085658],[31.37061,30.08553],[31.370558,30.08553],[31.370567,30.085639],[31.369956,30.085686],[31.369952,30.08553],[31.369901,30.08553],[31.369927,30.086455],[31.37006,30.087313],[31.370243,30.089058],[31.370251,30.089072],[31.37027,30.089079],[31.371093,30.089053],[31.371867,30.088965],[31.372273,30.088938],[31.372273,30.088894],[31.372168,30.088901],[31.372137,30.088613],[31.372273,30.088604],[31.372273,30.088559],[31.372132,30.088568],[31.372104,30.088308],[31.372273,30.088297],[31.372273,30.088252],[31.3721,30.088263],[31.372074,30.087948],[31.372065,30.087935],[31.372049,30.087929],[31.372031,30.087936],[31.372022,30.087951],[31.372035,30.088102],[31.371788,30.088118],[31.371519,30.085962],[31.372113,30.085913],[31.372273,30.087519],[31.372273,30.086998],[31.372164,30.085909],[31.372273,30.0859],[31.372273,30.085855],[31.371513,30.085917],[31.371473,30.085592],[31.371764,30.085574],[31.371796,30.085569],[31.371825,30.085558],[31.371851,30.085541],[31.371862,30.08553],[31.371714,30.08553],[31.371467,30.085547],[31.371465,30.08553],[31.371413,30.08553],[31.371415,30.08555],[31.371063,30.085573],[31.371042,30.085568],[31.371023,30.085558],[31.371003,30.085533],[31.371003,30.08553],[31.37095,30.08553],[31.370955,30.085549]],[[31.371836,30.088922],[31.37109,30.089008],[31.370293,30.089033],[31.370232,30.088464],[31.371762,30.088331],[31.371836,30.088922]],[[31.372116,30.088904],[31.371888,30.088918],[31.371853,30.088642],[31.372085,30.088618],[31.372116,30.088904]],[[31.369982,30.086473],[31.370592,30.086403],[31.371381,30.086335],[31.37151,30.086312],[31.371587,30.086929],[31.371117,30.086976],[31.370792,30.086999],[31.370078,30.087094],[31.369982,30.086473]],[[31.37172,30.087988],[31.371259,30.088029],[31.3712,30.087605],[31.371147,30.087018],[31.371593,30.086974],[31.37172,30.087988]],[[31.371757,30.088286],[31.370228,30.088419],[31.370202,30.088167],[31.371725,30.088033],[31.371757,30.088286]],[[31.37208,30.088573],[31.371848,30.088597],[31.371814,30.088327],[31.372052,30.088312],[31.37208,30.088573]],[[31.372048,30.088267],[31.371808,30.088282],[31.371794,30.088163],[31.372038,30.088147],[31.372048,30.088267]],[[31.370799,30.087044],[31.371096,30.087023],[31.371146,30.087588],[31.370151,30.087686],[31.370111,30.087308],[31.370085,30.087139],[31.370344,30.087106],[31.370799,30.087044]],[[31.370197,30.088122],[31.370156,30.087731],[31.371151,30.087633],[31.371207,30.088033],[31.370197,30.088122]]],[[[31.372258,30.089034],[31.372003,30.089067],[31.371773,30.089113],[31.371671,30.089148],[31.371833,30.089148],[31.372012,30.089112],[31.372273,30.089078],[31.372273,30.08903],[31.372258,30.089034]]]]}},{"type":"Feature","properties":{},"geometry":{"type":"MultiPolygon","coordinates":[[[[31.37167,30.089707],[31.371522,30.089733],[31.3715,30.089742],[31.371418,30.0898],[31.371339,30.089916],[31.37131,30.089988],[31.37125,30.0903],[31.369614,30.090118],[31.369517,30.090037],[31.369487,30.089961],[31.369399,30.089837],[31.369485,30.08983],[31.369509,30.089812],[31.369525,30.089781],[31.369526,30.089758],[31.369473,30.089148],[31.369422,30.089148],[31.369475,30.08976],[31.369474,30.089774],[31.369463,30.089788],[31.369367,30.089793],[31.368993,30.08925],[31.369001,30.089246],[31.3692,30.089148],[31.369095,30.089148],[31.368967,30.089211],[31.368926,30.089148],[31.368269,30.089148],[31.36876,30.089875],[31.368845,30.089995],[31.368997,30.090193],[31.368245,30.090682],[31.36812,30.090448],[31.36812,30.090664],[31.368178,30.090772],[31.368372,30.091073],[31.368501,30.091227],[31.368648,30.091384],[31.368813,30.091523],[31.368999,30.091661],[31.369204,30.091799],[31.369438,30.091915],[31.36967,30.09199],[31.369905,30.092072],[31.370063,30.092119],[31.370256,30.09215],[31.370452,30.092169],[31.370784,30.092184],[31.370752,30.092524],[31.369661,30.092428],[31.36962,30.092431],[31.369583,30.092442],[31.369545,30.092462],[31.369517,30.092487],[31.369497,30.092517],[31.369483,30.092561],[31.369484,30.092602],[31.369498,30.092641],[31.369571,30.092765],[31.369629,30.092765],[31.369546,30.092622],[31.369536,30.092594],[31.369535,30.092565],[31.369543,30.092537],[31.369558,30.092515],[31.369578,30.092497],[31.369602,30.092484],[31.36963,30.092476],[31.36966,30.092474],[31.370171,30.092518],[31.370171,30.092593],[31.370181,30.092645],[31.3702,30.092696],[31.37024,30.092765],[31.370298,30.092765],[31.370247,30.092677],[31.370231,30.092633],[31.370222,30.092587],[31.370223,30.092523],[31.370772,30.092571],[31.371001,30.092602],[31.371028,30.092614],[31.371069,30.092651],[31.371101,30.092672],[31.371142,30.092765],[31.371198,30.092765],[31.371166,30.092693],[31.372,30.092722],[31.37199,30.092765],[31.372043,30.092765],[31.372052,30.092724],[31.372098,30.092725],[31.372093,30.092765],[31.372273,30.092765],[31.372273,30.090921],[31.372196,30.090935],[31.372082,30.090923],[31.371797,30.090892],[31.371818,30.090437],[31.372273,30.09046],[31.372273,30.09037],[31.371798,30.090345],[31.371615,30.090335],[31.371354,30.090311],[31.371411,30.090008],[31.371435,30.089951],[31.371497,30.08986],[31.371555,30.08982],[31.37168,30.089797],[31.372273,30.08976],[31.372273,30.08967],[31.37167,30.089707]],[[31.371745,30.090887],[31.37162,30.090873],[31.371634,30.090427],[31.371767,30.090434],[31.371764,30.090481],[31.371745,30.090887]],[[31.371568,30.090868],[31.371318,30.090844],[31.371061,30.090802],[31.370811,30.090742],[31.370567,30.090664],[31.370332,30.090568],[31.370107,30.090455],[31.369893,30.090325],[31.36975,30.090224],[31.371287,30.090396],[31.371583,30.090423],[31.37158,30.090484],[31.371568,30.090868]],[[31.370462,30.092079],[31.370334,30.092066],[31.370674,30.091131],[31.370874,30.091178],[31.371124,30.091225],[31.371385,30.091256],[31.372254,30.091303],[31.372162,30.092174],[31.371562,30.092134],[31.370462,30.092079]],[[31.371167,30.092648],[31.371135,30.092638],[31.371105,30.092618],[31.371058,30.092577],[31.371019,30.09256],[31.370803,30.092529],[31.370836,30.092187],[31.371554,30.092225],[31.372152,30.092264],[31.372103,30.09268],[31.371206,30.09265],[31.371167,30.092648]],[[31.369179,30.090319],[31.369243,30.090331],[31.369422,30.09049],[31.369598,30.090625],[31.369784,30.090749],[31.36998,30.090861],[31.370193,30.090963],[31.370398,30.091046],[31.370575,30.091104],[31.370229,30.092054],[31.370093,30.092032],[31.369942,30.091987],[31.369708,30.091905],[31.369482,30.091833],[31.369259,30.091722],[31.369065,30.091591],[31.368882,30.091455],[31.368722,30.091321],[31.368583,30.091171],[31.368458,30.091022],[31.368292,30.090765],[31.369064,30.090262],[31.369118,30.090296],[31.369179,30.090319]],[[31.37128,30.09104],[31.371544,30.091066],[31.371412,30.091059],[31.371168,30.09103],[31.370925,30.090984],[31.370693,30.09093],[31.37049,30.090863],[31.370292,30.090784],[31.370101,30.090692],[31.369919,30.090588],[31.369818,30.090522],[31.369988,30.090625],[31.370222,30.090742],[31.370474,30.090846],[31.370736,30.09093],[31.371005,30.090995],[31.37128,30.09104]]],[[[31.36858,30.091942],[31.368645,30.091945],[31.368715,30.091964],[31.368762,30.091993],[31.368813,30.092042],[31.369225,30.092765],[31.369283,30.092765],[31.368858,30.09202],[31.368797,30.091959],[31.368739,30.091924],[31.368655,30.0919],[31.368632,30.091899],[31.368673,30.091861],[31.368689,30.091792],[31.36866,30.091693],[31.36812,30.09079],[31.36812,30.090885],[31.368611,30.091709],[31.368637,30.091791],[31.368626,30.091839],[31.368559,30.0919],[31.36812,30.092082],[31.36812,30.092132],[31.36858,30.091942]]],[[[31.371656,30.089153],[31.371588,30.089196],[31.371526,30.089298],[31.371512,30.089372],[31.371523,30.089476],[31.371555,30.089538],[31.371649,30.08959],[31.371771,30.089599],[31.372273,30.089572],[31.372273,30.089527],[31.371771,30.089554],[31.371664,30.089546],[31.371597,30.089509],[31.371573,30.089465],[31.371564,30.089373],[31.371575,30.089313],[31.371623,30.089229],[31.371681,30.089193],[31.371786,30.089157],[31.371833,30.089148],[31.371671,30.089148],[31.371656,30.089153]]]]}},{"type":"Feature","properties":{},"geometry":{"type":"MultiPolygon","coordinates":[[[[31.372172,30.094981],[31.372257,30.094978],[31.372273,30.09498],[31.372273,30.094862],[31.372266,30.094861],[31.372161,30.094863],[31.372118,30.094872],[31.372124,30.094819],[31.372153,30.09483],[31.372253,30.094854],[31.372273,30.094856],[31.372273,30.094738],[31.372272,30.094738],[31.372204,30.094721],[31.372139,30.094695],[31.372173,30.094415],[31.372273,30.094424],[31.372273,30.094333],[31.372184,30.094325],[31.372273,30.093607],[31.372273,30.092765],[31.372093,30.092765],[31.371976,30.093761],[31.371861,30.094603],[31.371441,30.094573],[31.371432,30.094526],[31.371417,30.094493],[31.371396,30.094463],[31.371057,30.094063],[31.370978,30.093944],[31.370298,30.092765],[31.37024,30.092765],[31.370932,30.093965],[31.371014,30.094088],[31.371353,30.094487],[31.371383,30.094541],[31.371389,30.094569],[31.370871,30.094531],[31.37086,30.094518],[31.370843,30.094508],[31.370808,30.094507],[31.370781,30.094525],[31.3707,30.094519],[31.370673,30.094513],[31.370635,30.094488],[31.370611,30.094455],[31.369629,30.092765],[31.369571,30.092765],[31.370565,30.094477],[31.370597,30.094519],[31.370618,30.094537],[31.370652,30.094554],[31.370691,30.094563],[31.37077,30.094569],[31.370723,30.0951],[31.37066,30.095094],[31.370556,30.095092],[31.370446,30.0951],[31.370179,30.095173],[31.370073,30.095215],[31.370009,30.095263],[31.369955,30.09533],[31.369921,30.095409],[31.36988,30.095712],[31.369804,30.096383],[31.369907,30.096383],[31.36991,30.096355],[31.370204,30.096383],[31.370991,30.096383],[31.370982,30.096376],[31.370941,30.096361],[31.36992,30.096265],[31.369978,30.095766],[31.371718,30.095919],[31.371664,30.096383],[31.371936,30.096383],[31.372102,30.094999],[31.372111,30.094995],[31.372172,30.094981]],[[31.37101,30.095038],[31.371021,30.095023],[31.371019,30.095008],[31.371006,30.094998],[31.370837,30.094983],[31.370874,30.094577],[31.371045,30.094589],[31.371044,30.094616],[31.371051,30.094643],[31.371069,30.094665],[31.371097,30.094681],[31.371521,30.094722],[31.371555,30.094722],[31.371592,30.094707],[31.37161,30.094691],[31.371622,30.094671],[31.37163,30.094632],[31.371856,30.094648],[31.3718,30.095212],[31.370826,30.095111],[31.370833,30.095028],[31.370993,30.095041],[31.37101,30.095038]],[[31.370086,30.095323],[31.370134,30.095289],[31.370213,30.095258],[31.370465,30.095189],[31.370556,30.095183],[31.370656,30.095184],[31.37179,30.095302],[31.371728,30.095829],[31.369989,30.095676],[31.370023,30.095426],[31.370049,30.095368],[31.370086,30.095323]],[[31.371099,30.094624],[31.371097,30.094593],[31.371578,30.094628],[31.371568,30.094663],[31.371545,30.094677],[31.371115,30.094638],[31.371099,30.094624]]],[[[31.370267,30.094593],[31.37029,30.094666],[31.370291,30.094744],[31.370271,30.094813],[31.370236,30.09487],[31.370186,30.09492],[31.370121,30.09496],[31.369725,30.095104],[31.369652,30.095154],[31.369607,30.095224],[31.369589,30.095298],[31.369496,30.096158],[31.36948,30.096257],[31.369459,30.096352],[31.369451,30.096383],[31.369504,30.096383],[31.36951,30.096362],[31.369532,30.096264],[31.369548,30.096162],[31.36964,30.095304],[31.369656,30.095239],[31.369692,30.095184],[31.369752,30.095143],[31.370144,30.095001],[31.370221,30.094954],[31.370279,30.094896],[31.370318,30.094832],[31.370343,30.094749],[31.370342,30.094659],[31.370315,30.094575],[31.369283,30.092765],[31.369225,30.092765],[31.370267,30.094593]]],[[[31.371153,30.092789],[31.371209,30.092855],[31.371264,30.092893],[31.371322,30.092922],[31.371391,30.092938],[31.371886,30.092975],[31.371939,30.092962],[31.371986,30.092929],[31.372012,30.092889],[31.372026,30.092847],[31.372043,30.092765],[31.37199,30.092765],[31.371975,30.092838],[31.371964,30.092872],[31.371946,30.0929],[31.371918,30.09292],[31.371885,30.09293],[31.371397,30.092893],[31.371345,30.092881],[31.371293,30.092855],[31.371246,30.092823],[31.371199,30.092768],[31.371198,30.092765],[31.371142,30.092765],[31.371153,30.092789]]]]}},{"type":"Feature","properties":{},"geometry":{"type":"MultiPolygon","coordinates":[[[[31.371746,30.099987],[31.371761,30.1],[31.371908,30.1],[31.371787,30.099891],[31.371439,30.099571],[31.371497,30.099476],[31.371524,30.099417],[31.371546,30.099353],[31.371566,30.099257],[31.371627,30.099229],[31.371678,30.099216],[31.371736,30.099212],[31.372273,30.099262],[31.372273,30.099171],[31.37177,30.099124],[31.371772,30.099108],[31.37182,30.099116],[31.372273,30.099164],[31.372273,30.098821],[31.372242,30.09907],[31.371834,30.099027],[31.371766,30.099014],[31.371705,30.098992],[31.371662,30.098968],[31.371609,30.098921],[31.371694,30.098129],[31.371732,30.097669],[31.371803,30.097462],[31.372273,30.09751],[31.372273,30.097465],[31.371812,30.097417],[31.371888,30.096784],[31.372273,30.096816],[31.372273,30.096725],[31.371898,30.096694],[31.371936,30.096383],[31.371664,30.096383],[31.371552,30.097338],[31.371524,30.097496],[31.371498,30.097569],[31.371464,30.09764],[31.371422,30.097708],[31.371373,30.097772],[31.371318,30.097832],[31.370582,30.098458],[31.370566,30.098398],[31.370511,30.098057],[31.370488,30.097977],[31.370457,30.097894],[31.370428,30.09783],[31.370826,30.097563],[31.370864,30.09753],[31.370896,30.097492],[31.370927,30.097442],[31.370943,30.097402],[31.370953,30.09736],[31.371051,30.096497],[31.371049,30.09646],[31.371036,30.096428],[31.371014,30.0964],[31.370991,30.096383],[31.370204,30.096383],[31.370607,30.09642],[31.3706,30.096666],[31.370607,30.096712],[31.37062,30.096756],[31.370644,30.096805],[31.370807,30.097064],[31.370837,30.0971],[31.370875,30.097127],[31.37085,30.097349],[31.37083,30.097408],[31.370811,30.097441],[31.370786,30.09747],[31.370755,30.097497],[31.370383,30.097746],[31.369927,30.096942],[31.369901,30.096884],[31.369883,30.096825],[31.369874,30.096769],[31.369871,30.096711],[31.369907,30.096383],[31.369804,30.096383],[31.369767,30.096707],[31.36977,30.096775],[31.369781,30.096841],[31.369802,30.09691],[31.369831,30.096976],[31.370317,30.097834],[31.370359,30.097923],[31.370389,30.098003],[31.370409,30.098077],[31.370472,30.098457],[31.370502,30.098525],[31.369004,30.099781],[31.368744,30.1],[31.369133,30.1],[31.369191,30.099952],[31.369392,30.099776],[31.36964,30.099567],[31.369991,30.099273],[31.37044,30.099676],[31.370057,30.1],[31.370206,30.1],[31.370513,30.099741],[31.370802,30.1],[31.370947,30.1],[31.370066,30.099211],[31.37051,30.098844],[31.371336,30.099608],[31.371676,30.09992],[31.371576,30.1],[31.371729,30.1],[31.371746,30.099987]],[[31.371673,30.099078],[31.371665,30.099105],[31.371666,30.099126],[31.37158,30.099148],[31.371597,30.099038],[31.371673,30.099078]],[[31.37126,30.098282],[31.371306,30.098278],[31.371359,30.098287],[31.3714,30.098307],[31.371432,30.098337],[31.371451,30.098369],[31.37146,30.098412],[31.371462,30.098461],[31.371361,30.09918],[31.37135,30.099227],[31.371334,30.099257],[31.371294,30.099297],[31.371243,30.099324],[31.371185,30.099333],[31.370585,30.098781],[31.371151,30.098305],[31.37126,30.098282]],[[31.371613,30.097876],[31.371561,30.098393],[31.371549,30.098338],[31.371521,30.09829],[31.371466,30.098237],[31.371392,30.098201],[31.371313,30.098187],[31.371284,30.098189],[31.371496,30.098005],[31.371569,30.097936],[31.371613,30.097876]],[[31.371422,30.099397],[31.371403,30.099438],[31.371365,30.099502],[31.371269,30.099412],[31.371288,30.099406],[31.371359,30.099368],[31.371422,30.099397]],[[31.37151,30.098866],[31.371466,30.099225],[31.371451,30.099308],[31.371445,30.099308],[31.371438,30.099304],[31.371431,30.099289],[31.371449,30.099256],[31.371464,30.099197],[31.371482,30.099068],[31.37151,30.098866]],[[31.370947,30.096491],[31.370889,30.097006],[31.370735,30.096761],[31.370709,30.096697],[31.370704,30.096624],[31.370711,30.09643],[31.370916,30.096449],[31.370937,30.096461],[31.370947,30.096479],[31.370947,30.096491]]],[[[31.368184,30.099592],[31.368263,30.09959],[31.368344,30.099573],[31.368418,30.099547],[31.36852,30.099498],[31.368637,30.099419],[31.368721,30.099356],[31.368962,30.0991],[31.368962,30.099087],[31.368952,30.099075],[31.368937,30.099071],[31.368921,30.099076],[31.368684,30.099324],[31.36849,30.099461],[31.368397,30.099505],[31.368328,30.09953],[31.368254,30.099545],[31.368188,30.099547],[31.36812,30.099535],[31.36812,30.099581],[31.368184,30.099592]]],[[[31.36882,30.098833],[31.368842,30.098838],[31.36886,30.098827],[31.368863,30.098811],[31.368854,30.098798],[31.36812,30.098257],[31.36812,30.098317],[31.36882,30.098833]]],[[[31.369344,30.096772],[31.369326,30.096857],[31.369322,30.096936],[31.369329,30.097011],[31.369631,30.098328],[31.369638,30.09834],[31.369651,30.098346],[31.369675,30.09834],[31.369682,30.098319],[31.36938,30.097004],[31.369374,30.096937],[31.369378,30.096864],[31.369394,30.096782],[31.369504,30.096383],[31.369451,30.096383],[31.369344,30.096772]]]]}},{"type":"Feature","properties":{},"geometry":{"type":"MultiPolygon","coordinates":[[[[31.372218,30.103217],[31.372184,30.103214],[31.372273,30.103138],[31.372273,30.102973],[31.371976,30.103227],[31.371505,30.103617],[31.3717,30.103617],[31.372105,30.103282],[31.372149,30.103275],[31.372204,30.103279],[31.372256,30.103294],[31.372273,30.103304],[31.372273,30.103233],[31.372218,30.103217]]],[[[31.371878,30.100833],[31.372195,30.100567],[31.372201,30.100551],[31.372194,30.100537],[31.372178,30.10053],[31.372159,30.100535],[31.371842,30.100801],[31.371317,30.100331],[31.371729,30.1],[31.371576,30.1],[31.371245,30.100266],[31.370947,30.1],[31.370802,30.1],[31.372128,30.101187],[31.372273,30.101316],[31.372273,30.101187],[31.371878,30.100833]]],[[[31.372273,30.10046],[31.372273,30.10033],[31.372272,30.10033],[31.371908,30.1],[31.371761,30.1],[31.372273,30.10046]]],[[[31.36812,30.100526],[31.36812,30.100834],[31.368181,30.100782],[31.368282,30.100871],[31.368315,30.100882],[31.36838,30.100881],[31.368394,30.100888],[31.368469,30.100961],[31.368446,30.100989],[31.368443,30.101003],[31.368449,30.101018],[31.368642,30.101199],[31.36812,30.101641],[31.36812,30.101767],[31.368201,30.101699],[31.369049,30.102453],[31.369501,30.102865],[31.369966,30.103287],[31.370321,30.103617],[31.370611,30.103617],[31.372273,30.102199],[31.372273,30.101972],[31.370148,30.10005],[31.370206,30.1],[31.370057,30.1],[31.368679,30.101167],[31.3685,30.101],[31.36852,30.100971],[31.368518,30.100946],[31.368432,30.100858],[31.368399,30.100839],[31.368324,30.100838],[31.368312,30.100834],[31.368219,30.10075],[31.369133,30.1],[31.368744,30.1],[31.36812,30.100526]],[[31.370472,30.103181],[31.370461,30.10319],[31.370458,30.103202],[31.370463,30.103215],[31.370685,30.103427],[31.370463,30.103617],[31.370076,30.103257],[31.370337,30.103036],[31.370492,30.10318],[31.370487,30.103179],[31.370472,30.103181]],[[31.370005,30.103192],[31.369612,30.102835],[31.371422,30.101333],[31.371797,30.101671],[31.370284,30.102955],[31.370005,30.103192]],[[31.370971,30.100924],[31.37135,30.101268],[31.36954,30.102769],[31.36916,30.102423],[31.370226,30.101541],[31.370971,30.100924]],[[31.369088,30.102358],[31.368733,30.102043],[31.370535,30.10053],[31.370899,30.100859],[31.369819,30.101753],[31.369088,30.102358]],[[31.36866,30.101978],[31.368275,30.101636],[31.370073,30.100113],[31.370463,30.100465],[31.369493,30.101279],[31.36866,30.101978]],[[31.370649,30.103308],[31.370663,30.103299],[31.370668,30.103286],[31.370662,30.103272],[31.370374,30.103005],[31.371869,30.101737],[31.372257,30.102087],[31.370722,30.103396],[31.370626,30.103304],[31.370631,30.103306],[31.370649,30.103308]]],[[[31.368269,30.103617],[31.368413,30.103617],[31.368228,30.103451],[31.3684,30.103303],[31.368749,30.103617],[31.368893,30.103617],[31.36812,30.102921],[31.36812,30.103051],[31.368328,30.103238],[31.368155,30.103386],[31.36812,30.103354],[31.36812,30.103484],[31.368269,30.103617]]],[[[31.369208,30.103617],[31.369352,30.103617],[31.36812,30.102525],[31.36812,30.102654],[31.369208,30.103617]]],[[[31.369381,30.103617],[31.369527,30.103617],[31.36812,30.102376],[31.36812,30.102505],[31.369381,30.103617]]],[[[31.372263,30.103617],[31.372273,30.103617],[31.372273,30.103609],[31.372263,30.103617]]]]}},{"type":"Feature","properties":{},"geometry":{"type":"MultiPolygon","coordinates":[[[[31.369299,30.107235],[31.369444,30.107235],[31.36932,30.107124],[31.370095,30.106486],[31.370474,30.106823],[31.369993,30.107235],[31.370141,30.107235],[31.370547,30.106887],[31.370936,30.107225],[31.370925,30.107235],[31.371092,30.107235],[31.371084,30.107227],[31.371428,30.106943],[31.371754,30.107235],[31.372031,30.107235],[31.372273,30.107035],[31.372273,30.10691],[31.37189,30.107227],[31.371503,30.10688],[31.372273,30.106224],[31.372273,30.106098],[31.37143,30.106815],[31.371034,30.10647],[31.371992,30.105649],[31.372273,30.105896],[31.372273,30.105768],[31.371632,30.105205],[31.372123,30.104787],[31.372273,30.104922],[31.372273,30.104493],[31.372208,30.104548],[31.371939,30.104304],[31.371881,30.104209],[31.371847,30.104141],[31.372273,30.103776],[31.372273,30.103617],[31.372263,30.103617],[31.371542,30.104237],[31.370952,30.104734],[31.370899,30.10474],[31.370839,30.104732],[31.370782,30.104713],[31.370733,30.104682],[31.370694,30.104641],[31.370668,30.104593],[31.370656,30.104542],[31.370661,30.104479],[31.3717,30.103617],[31.371505,30.103617],[31.370517,30.104436],[31.370464,30.104424],[31.370425,30.104406],[31.37006,30.104088],[31.370611,30.103617],[31.370321,30.103617],[31.370389,30.103681],[31.369987,30.104023],[31.369527,30.103617],[31.369381,30.103617],[31.370293,30.104423],[31.370285,30.104436],[31.370278,30.104438],[31.369352,30.103617],[31.369208,30.103617],[31.369835,30.104173],[31.369664,30.104311],[31.368893,30.103617],[31.368749,30.103617],[31.369587,30.104373],[31.369413,30.104514],[31.368517,30.10371],[31.368413,30.103617],[31.368269,30.103617],[31.368406,30.103741],[31.36812,30.103981],[31.36812,30.104106],[31.368478,30.103806],[31.368867,30.104154],[31.36812,30.104794],[31.36812,30.10492],[31.368183,30.104865],[31.368416,30.10508],[31.368449,30.105091],[31.368469,30.105088],[31.368486,30.105079],[31.368502,30.105052],[31.368501,30.105034],[31.368492,30.105018],[31.368257,30.104802],[31.368939,30.104219],[31.369337,30.104576],[31.368968,30.104892],[31.368761,30.104708],[31.36874,30.104696],[31.36871,30.104696],[31.368684,30.10471],[31.368672,30.104735],[31.368678,30.10476],[31.368894,30.104955],[31.368416,30.105364],[31.36812,30.105089],[31.36812,30.105221],[31.368342,30.105427],[31.368162,30.105577],[31.36812,30.105539],[31.36812,30.105737],[31.368253,30.105626],[31.368391,30.105742],[31.368418,30.105754],[31.368452,30.105749],[31.368475,30.105726],[31.368477,30.105696],[31.368463,30.105677],[31.368328,30.105563],[31.369446,30.104609],[31.369908,30.104237],[31.370216,30.104512],[31.37025,30.104552],[31.37027,30.104589],[31.37028,30.104631],[31.370045,30.104838],[31.369853,30.104678],[31.369819,30.104671],[31.3698,30.104677],[31.369784,30.104688],[31.369773,30.104713],[31.369783,30.104742],[31.369971,30.104902],[31.369538,30.105266],[31.369358,30.10511],[31.369324,30.105103],[31.369292,30.105116],[31.369277,30.105143],[31.369286,30.105173],[31.369464,30.105329],[31.36812,30.106462],[31.36812,30.106625],[31.370104,30.104954],[31.370381,30.104709],[31.370583,30.104543],[31.3706,30.104617],[31.370634,30.104676],[31.370682,30.104727],[31.370751,30.10477],[31.370819,30.104794],[31.370874,30.104801],[31.369945,30.105586],[31.368156,30.107086],[31.36812,30.107116],[31.36812,30.107235],[31.368173,30.107235],[31.368212,30.107202],[31.368249,30.107235],[31.368392,30.107235],[31.368287,30.107139],[31.369039,30.106508],[31.369591,30.106046],[31.370022,30.106421],[31.369034,30.107235],[31.369185,30.107235],[31.369244,30.107186],[31.369299,30.107235]],[[31.371597,30.104354],[31.371651,30.104385],[31.371747,30.104451],[31.37205,30.104722],[31.371559,30.105141],[31.371121,30.104756],[31.371597,30.104354]],[[31.371793,30.104317],[31.371783,30.104324],[31.371696,30.10427],[31.371744,30.10423],[31.371759,30.104259],[31.371793,30.104317]],[[31.370374,30.104485],[31.370428,30.104509],[31.370368,30.104559],[31.370343,30.104511],[31.370352,30.104505],[31.370374,30.104485]],[[31.370002,30.105701],[31.370887,30.106469],[31.370548,30.106759],[31.369666,30.105983],[31.370002,30.105701]],[[31.370523,30.106024],[31.370077,30.105639],[31.371046,30.104819],[31.371485,30.105204],[31.370523,30.106024]],[[31.371015,30.107102],[31.371033,30.107101],[31.371044,30.107092],[31.371048,30.107078],[31.371042,30.107066],[31.370753,30.106828],[31.370838,30.106753],[31.370864,30.106748],[31.370884,30.106759],[31.37112,30.106953],[31.371139,30.106957],[31.371158,30.106947],[31.371161,30.106932],[31.371153,30.106918],[31.370919,30.106725],[31.370899,30.106712],[31.370877,30.106704],[31.370848,30.106703],[31.370808,30.106716],[31.370683,30.106822],[31.370621,30.106824],[31.37096,30.106533],[31.371356,30.106878],[31.371011,30.107163],[31.370674,30.106869],[31.370714,30.106858],[31.371015,30.107102]],[[31.370961,30.106406],[31.370597,30.106088],[31.371558,30.105268],[31.371919,30.105585],[31.370961,30.106406]]],[[[31.372273,30.107218],[31.372273,30.107155],[31.372179,30.107235],[31.372253,30.107235],[31.372273,30.107218]]],[[[31.36813,30.10448],[31.368145,30.104452],[31.368138,30.104423],[31.36812,30.104407],[31.36812,30.104484],[31.36813,30.10448]]]]}},{"type":"Feature","properties":{},"geometry":{"type":"MultiPolygon","coordinates":[[[[31.36979,30.11008],[31.369796,30.110057],[31.370001,30.110082],[31.369982,30.110099],[31.369938,30.110154],[31.370011,30.11019],[31.370048,30.110144],[31.370098,30.110103],[31.370116,30.110093],[31.370323,30.110115],[31.370473,30.110145],[31.370541,30.110165],[31.370349,30.110358],[31.370522,30.110444],[31.370115,30.110852],[31.371076,30.110852],[31.371017,30.110835],[31.370911,30.110813],[31.370982,30.110782],[31.371077,30.110707],[31.371141,30.110619],[31.371178,30.110506],[31.371187,30.110513],[31.371189,30.110528],[31.371197,30.110653],[31.371181,30.110743],[31.371144,30.110834],[31.371126,30.110852],[31.371224,30.110852],[31.371262,30.110758],[31.37128,30.110657],[31.371276,30.110591],[31.371535,30.110852],[31.371812,30.110852],[31.371785,30.110828],[31.371413,30.110453],[31.37132,30.110374],[31.371294,30.110339],[31.371186,30.110262],[31.371185,30.110215],[31.371194,30.110153],[31.371217,30.110084],[31.371255,30.110009],[31.371303,30.109946],[31.371419,30.109817],[31.37137,30.109875],[31.371325,30.109961],[31.371298,30.110068],[31.371305,30.110166],[31.371342,30.110286],[31.371435,30.110443],[31.371565,30.110593],[31.371686,30.110719],[31.371828,30.110852],[31.371944,30.110852],[31.371921,30.110834],[31.371749,30.110672],[31.371631,30.110549],[31.371503,30.110402],[31.371418,30.110257],[31.371387,30.110154],[31.371381,30.110075],[31.371402,30.109988],[31.371442,30.109912],[31.371496,30.109848],[31.37168,30.10968],[31.371715,30.109643],[31.371803,30.10972],[31.371565,30.10993],[31.371559,30.109942],[31.371562,30.109955],[31.371577,30.109966],[31.371599,30.109963],[31.371714,30.109862],[31.371918,30.110015],[31.371938,30.110019],[31.371955,30.11001],[31.371959,30.109995],[31.371952,30.109981],[31.371751,30.10983],[31.371839,30.109753],[31.371969,30.109866],[31.371994,30.109869],[31.372009,30.109854],[31.372009,30.109841],[31.372002,30.109832],[31.371745,30.109606],[31.371774,30.109561],[31.371802,30.1095],[31.371876,30.109458],[31.371899,30.109437],[31.371914,30.109409],[31.371948,30.109376],[31.372013,30.109321],[31.372083,30.109279],[31.372162,30.10925],[31.372245,30.109233],[31.372273,30.109232],[31.372273,30.108695],[31.372143,30.10876],[31.371772,30.108982],[31.371666,30.109051],[31.371438,30.108808],[31.371797,30.108619],[31.372078,30.108482],[31.372154,30.108486],[31.37218,30.108481],[31.372273,30.108441],[31.372273,30.10834],[31.372147,30.108395],[31.372064,30.108391],[31.372041,30.108396],[31.371744,30.108541],[31.371371,30.108738],[31.371186,30.10854],[31.372273,30.107967],[31.372273,30.10786],[31.371081,30.10849],[31.370954,30.108582],[31.370673,30.108331],[31.371056,30.108009],[31.371434,30.107723],[31.371463,30.107691],[31.371475,30.107664],[31.371479,30.107629],[31.371473,30.1076],[31.371449,30.107561],[31.371092,30.107235],[31.370925,30.107235],[31.370169,30.107873],[31.369785,30.10754],[31.370141,30.107235],[31.369993,30.107235],[31.369712,30.107475],[31.369444,30.107235],[31.369299,30.107235],[31.369675,30.107571],[31.370131,30.107969],[31.370882,30.108648],[31.370437,30.109096],[31.368769,30.107578],[31.369185,30.107235],[31.369034,30.107235],[31.368697,30.107513],[31.368392,30.107235],[31.368249,30.107235],[31.370683,30.109451],[31.370698,30.109471],[31.370699,30.10948],[31.370682,30.109483],[31.370671,30.10948],[31.370633,30.109462],[31.368162,30.107244],[31.368173,30.107235],[31.36812,30.107235],[31.36812,30.107336],[31.370557,30.109524],[31.370578,30.109558],[31.370597,30.109612],[31.370598,30.109636],[31.370531,30.109655],[31.370461,30.109668],[31.370394,30.109673],[31.369786,30.109625],[31.369639,30.109602],[31.369469,30.109559],[31.369323,30.109498],[31.36812,30.10891],[31.36812,30.10925],[31.36979,30.11008]],[[31.370751,30.110641],[31.370819,30.110537],[31.370892,30.11041],[31.370906,30.110466],[31.37091,30.110508],[31.370905,30.11055],[31.370887,30.110582],[31.370804,30.110677],[31.370771,30.110701],[31.370737,30.110717],[31.370667,30.110737],[31.370697,30.110707],[31.370751,30.110641]],[[31.370633,30.110663],[31.370658,30.110628],[31.370687,30.110596],[31.37072,30.110573],[31.370741,30.110565],[31.370685,30.110646],[31.370658,30.110678],[31.37061,30.110722],[31.370633,30.110663]],[[31.370586,30.110645],[31.370566,30.110688],[31.370555,30.110729],[31.370509,30.110715],[31.370614,30.110603],[31.370586,30.110645]],[[31.370885,30.110312],[31.37089,30.110315],[31.370778,30.110507],[31.37074,30.110515],[31.370695,30.110534],[31.370652,30.110563],[31.370774,30.110433],[31.370885,30.110312]],[[31.371138,30.110062],[31.371114,30.110135],[31.371103,30.110206],[31.371036,30.110162],[31.371044,30.11014],[31.371127,30.11005],[31.371157,30.110023],[31.371138,30.110062]],[[31.371619,30.109631],[31.371438,30.109797],[31.371466,30.109765],[31.37162,30.10963],[31.371671,30.109573],[31.371667,30.109579],[31.371619,30.109631]],[[31.371558,30.1094],[31.37161,30.109336],[31.371757,30.109218],[31.371879,30.109138],[31.37207,30.109087],[31.371984,30.10912],[31.371889,30.109175],[31.3718,30.109249],[31.371759,30.109289],[31.371743,30.109296],[31.371558,30.1094]],[[31.371133,30.109306],[31.371045,30.109353],[31.370893,30.109459],[31.37087,30.109454],[31.370813,30.109429],[31.370758,30.109389],[31.370509,30.109162],[31.370991,30.108677],[31.3711,30.108592],[31.371586,30.109109],[31.371469,30.109203],[31.371235,30.109265],[31.371133,30.109306]],[[31.371366,30.107615],[31.371374,30.107628],[31.371374,30.107642],[31.371363,30.107657],[31.370985,30.107943],[31.370601,30.108266],[31.370241,30.107938],[31.371009,30.10729],[31.371366,30.107615]],[[31.370489,30.109865],[31.370583,30.109849],[31.370687,30.109819],[31.370775,30.109784],[31.370846,30.109747],[31.370911,30.109706],[31.370994,30.109645],[31.370842,30.109794],[31.370762,30.109862],[31.370694,30.1099],[31.370622,30.109925],[31.370508,30.109948],[31.370356,30.109918],[31.36988,30.109869],[31.369741,30.109844],[31.369717,30.109836],[31.369695,30.109813],[31.369761,30.109823],[31.370394,30.109873],[31.370489,30.109865]],[[31.370658,30.10999],[31.370745,30.109958],[31.370701,30.110003],[31.370698,30.110002],[31.370658,30.10999]],[[31.370692,30.109573],[31.370743,30.109562],[31.370769,30.109548],[31.370794,30.109522],[31.370802,30.109526],[31.370767,30.109552],[31.370698,30.109591],[31.370692,30.109573]],[[31.370749,30.110779],[31.370716,30.110772],[31.370759,30.110759],[31.370798,30.110739],[31.370841,30.110708],[31.37093,30.110607],[31.370954,30.110566],[31.370962,30.110509],[31.370958,30.110461],[31.370928,30.110348],[31.370932,30.110343],[31.371099,30.110457],[31.371094,30.110504],[31.371065,30.11059],[31.37101,30.110664],[31.370934,30.110723],[31.370841,30.110762],[31.370749,30.110779]]],[[[31.371932,30.107395],[31.371899,30.107419],[31.371861,30.107383],[31.371842,30.107371],[31.371823,30.107366],[31.371796,30.107366],[31.371769,30.107376],[31.371541,30.107554],[31.371535,30.107568],[31.37154,30.107583],[31.371557,30.107592],[31.371576,30.107587],[31.371796,30.107415],[31.371815,30.107411],[31.371827,30.107416],[31.372117,30.10769],[31.37181,30.107832],[31.371798,30.107848],[31.371806,30.107867],[31.371819,30.107873],[31.371836,30.107871],[31.372154,30.107724],[31.372203,30.107774],[31.372196,30.107785],[31.371819,30.107983],[31.371808,30.107997],[31.371815,30.108016],[31.37183,30.108023],[31.371847,30.10802],[31.37224,30.107812],[31.372254,30.107789],[31.372255,30.107763],[31.372243,30.107742],[31.372202,30.107702],[31.372242,30.107684],[31.372273,30.107711],[31.372273,30.107535],[31.372246,30.107555],[31.371962,30.107292],[31.372031,30.107235],[31.371754,30.107235],[31.371932,30.107395]],[[31.372058,30.107511],[31.372205,30.10765],[31.372165,30.107668],[31.371935,30.107452],[31.371968,30.107427],[31.372058,30.107511]]],[[[31.372254,30.107423],[31.372273,30.107407],[31.372273,30.107345],[31.372219,30.10739],[31.372152,30.107326],[31.372156,30.107318],[31.372253,30.107235],[31.372179,30.107235],[31.372118,30.107287],[31.372102,30.107312],[31.3721,30.107332],[31.37211,30.107355],[31.372273,30.107506],[31.372273,30.10744],[31.372254,30.107423]]],[[[31.36819,30.10882],[31.368225,30.108833],[31.368257,30.108836],[31.36829,30.108831],[31.368326,30.108816],[31.368708,30.108504],[31.368984,30.108845],[31.369089,30.108955],[31.369159,30.109017],[31.369579,30.109337],[31.369598,30.109342],[31.369614,30.109336],[31.369622,30.109321],[31.369615,30.109304],[31.369194,30.108984],[31.369127,30.108924],[31.369027,30.108818],[31.368747,30.108473],[31.368965,30.108293],[31.368978,30.108275],[31.368985,30.10825],[31.36898,30.108224],[31.368965,30.1082],[31.368279,30.107547],[31.368258,30.107534],[31.36823,30.107526],[31.368203,30.107525],[31.36817,30.107534],[31.36812,30.107571],[31.36812,30.107672],[31.368285,30.10782],[31.368186,30.1079],[31.36812,30.107841],[31.36812,30.107906],[31.368148,30.107931],[31.36812,30.107954],[31.36812,30.108017],[31.368184,30.107964],[31.368714,30.108438],[31.368615,30.108518],[31.36812,30.10807],[31.36812,30.108135],[31.368577,30.108549],[31.368487,30.108623],[31.36812,30.108295],[31.36812,30.10836],[31.368449,30.108654],[31.368358,30.108728],[31.36812,30.108514],[31.36812,30.108579],[31.368321,30.108759],[31.368295,30.108779],[31.368256,30.10879],[31.368222,30.108784],[31.36812,30.1087],[31.36812,30.108763],[31.36819,30.10882]],[[31.368923,30.108266],[31.368886,30.108297],[31.368359,30.107821],[31.368433,30.10776],[31.368924,30.108228],[31.368932,30.108248],[31.368923,30.108266]],[[31.368243,30.10758],[31.368398,30.107727],[31.368322,30.107789],[31.368134,30.107619],[31.368195,30.107574],[31.368221,30.10757],[31.368243,30.10758]],[[31.368321,30.107852],[31.368848,30.108328],[31.368752,30.108407],[31.368222,30.107933],[31.368321,30.107852]]]]}},{"type":"Feature","properties":{},"geometry":{"type":"MultiPolygon","coordinates":[[[[31.368135,30.11328],[31.36848,30.112901],[31.369323,30.112009],[31.369638,30.111698],[31.369731,30.111683],[31.369749,30.111666],[31.371517,30.111377],[31.371661,30.111369],[31.371715,30.111384],[31.371819,30.111385],[31.372273,30.111609],[31.372273,30.111365],[31.372192,30.111321],[31.372273,30.111358],[31.372273,30.111085],[31.372208,30.11105],[31.372056,30.110942],[31.371944,30.110852],[31.371828,30.110852],[31.371864,30.110886],[31.372,30.110996],[31.372101,30.111067],[31.372033,30.111029],[31.371903,30.110936],[31.371812,30.110852],[31.371535,30.110852],[31.371633,30.110952],[31.371758,30.111065],[31.371873,30.111148],[31.371651,30.11104],[31.371541,30.110993],[31.371444,30.110959],[31.3712,30.110888],[31.371217,30.110869],[31.371224,30.110852],[31.371126,30.110852],[31.371115,30.110864],[31.371076,30.110852],[31.370115,30.110852],[31.36931,30.111661],[31.369106,30.111484],[31.36905,30.111603],[31.368986,30.111714],[31.368188,30.112487],[31.36812,30.112528],[31.36812,30.11312],[31.368247,30.112974],[31.369479,30.111728],[31.369501,30.111724],[31.36926,30.111962],[31.368415,30.112856],[31.36812,30.113181],[31.36812,30.1133],[31.368135,30.11328]],[[31.370198,30.111176],[31.370298,30.111124],[31.370401,30.111088],[31.370522,30.111069],[31.370663,30.11107],[31.370826,30.111101],[31.37054,30.111481],[31.369727,30.11161],[31.370098,30.111248],[31.370198,30.111176]],[[31.370998,30.11102],[31.371376,30.11113],[31.37146,30.111159],[31.371593,30.111219],[31.371443,30.111171],[31.371228,30.111112],[31.370909,30.111043],[31.370941,30.111038],[31.370998,30.11102]],[[31.37049,30.110963],[31.370356,30.110955],[31.370277,30.11096],[31.370335,30.110899],[31.37039,30.11089],[31.370496,30.110921],[31.370544,30.110922],[31.370834,30.110983],[31.370794,30.11099],[31.370669,30.110997],[31.37049,30.110963]],[[31.37015,30.111116],[31.370039,30.111197],[31.369595,30.111632],[31.369572,30.111636],[31.370082,30.111124],[31.370176,30.111045],[31.370229,30.111036],[31.370352,30.111028],[31.370261,30.111059],[31.37015,30.111116]],[[31.371075,30.111306],[31.371077,30.111293],[31.37107,30.111281],[31.371059,30.111275],[31.370781,30.111243],[31.37088,30.111112],[31.371204,30.111181],[31.371417,30.11124],[31.371647,30.111315],[31.371551,30.111321],[31.371381,30.111344],[31.370611,30.111469],[31.37075,30.111285],[31.371047,30.111319],[31.371067,30.111315],[31.371075,30.111306]]],[[[31.368689,30.111405],[31.368611,30.111527],[31.368476,30.111703],[31.368361,30.111839],[31.368238,30.111958],[31.36812,30.112064],[31.36812,30.112129],[31.368276,30.111989],[31.368402,30.111867],[31.368519,30.111728],[31.368654,30.111552],[31.368736,30.111426],[31.368798,30.111293],[31.368776,30.111282],[31.36875,30.111276],[31.368689,30.111405]]],[[[31.369198,30.112323],[31.368709,30.11281],[31.368375,30.11315],[31.368298,30.113242],[31.368193,30.113393],[31.36812,30.113524],[31.36812,30.113632],[31.368239,30.113415],[31.368341,30.113268],[31.368415,30.113179],[31.368748,30.11284],[31.369237,30.112353],[31.369455,30.112152],[31.369508,30.112181],[31.369601,30.112244],[31.369573,30.112166],[31.369492,30.112119],[31.36954,30.112077],[31.369523,30.112031],[31.369505,30.112044],[31.369198,30.112323]]],[[[31.368167,30.113688],[31.368284,30.113687],[31.368402,30.113677],[31.368519,30.11366],[31.368634,30.113634],[31.368939,30.113537],[31.369126,30.113466],[31.36931,30.113387],[31.36937,30.113307],[31.369105,30.113425],[31.368919,30.113495],[31.36862,30.113591],[31.368509,30.113615],[31.368396,30.113632],[31.368282,30.113642],[31.368168,30.113643],[31.36812,30.113636],[31.36812,30.113682],[31.368167,30.113688]]]]}},{"type":"Feature","properties":{},"geometry":{"type":"MultiPolygon","coordinates":[[[[31.368323,30.117653],[31.368234,30.117568],[31.36815,30.117479],[31.36812,30.117443],[31.36812,30.117752],[31.368196,30.117822],[31.36812,30.117759],[31.36812,30.117859],[31.368138,30.117875],[31.368414,30.118087],[31.368846,30.118087],[31.368323,30.117653]]],[[[31.36812,30.11796],[31.36812,30.118087],[31.368292,30.118087],[31.36812,30.11796]]],[[[31.368196,30.117431],[31.36831,30.11755],[31.368415,30.117647],[31.368533,30.117752],[31.368771,30.117946],[31.36895,30.118087],[31.369028,30.118087],[31.368806,30.117912],[31.368569,30.117719],[31.368452,30.117615],[31.368349,30.117521],[31.368238,30.117404],[31.368121,30.117263],[31.36812,30.11726],[31.36812,30.117338],[31.368196,30.117431]]]]}},{"type":"Feature","properties":{},"geometry":{"type":"MultiPolygon","coordinates":[[[[31.371616,30.120746],[31.370524,30.119925],[31.369627,30.119234],[31.368243,30.118146],[31.37035,30.119702],[31.370411,30.119734],[31.370471,30.119755],[31.370535,30.119767],[31.370582,30.119769],[31.372273,30.121094],[31.372273,30.120827],[31.370769,30.119648],[31.369147,30.118337],[31.368846,30.118087],[31.368414,30.118087],[31.368705,30.118312],[31.368765,30.118353],[31.368834,30.118389],[31.368913,30.118418],[31.370467,30.119676],[31.370401,30.119645],[31.368292,30.118087],[31.36812,30.118087],[31.36812,30.118467],[31.36814,30.118482],[31.36812,30.118537],[31.36812,30.118843],[31.368225,30.118548],[31.368233,30.118555],[31.36812,30.118857],[31.36812,30.119148],[31.368319,30.118616],[31.3684,30.118673],[31.368413,30.11873],[31.368434,30.118772],[31.368462,30.11881],[31.368498,30.118843],[31.370303,30.120242],[31.370478,30.12038],[31.370549,30.120443],[31.37064,30.120546],[31.370724,30.120654],[31.371109,30.121248],[31.370897,30.12141],[31.370186,30.120854],[31.369593,30.120391],[31.369344,30.120174],[31.369101,30.120011],[31.368831,30.119897],[31.368549,30.119803],[31.36812,30.119687],[31.36812,30.119782],[31.368513,30.119887],[31.368788,30.11998],[31.369047,30.120088],[31.369273,30.12024],[31.369497,30.120436],[31.369378,30.120742],[31.36812,30.120371],[31.36812,30.120466],[31.369344,30.120828],[31.369173,30.121265],[31.36812,30.12096],[31.36812,30.121146],[31.36911,30.121434],[31.369008,30.121705],[31.369117,30.121705],[31.369208,30.121462],[31.369687,30.121598],[31.369648,30.121705],[31.369757,30.121705],[31.369786,30.121626],[31.370069,30.121705],[31.370809,30.121705],[31.370863,30.121598],[31.370938,30.121502],[31.370985,30.121461],[31.371163,30.121326],[31.371344,30.121573],[31.371296,30.121599],[31.371282,30.121614],[31.371274,30.121635],[31.371282,30.121666],[31.371307,30.121702],[31.371311,30.121705],[31.371609,30.121705],[31.371696,30.121632],[31.371782,30.121705],[31.371857,30.121705],[31.371654,30.121529],[31.371719,30.121471],[31.371762,30.121454],[31.371797,30.121432],[31.371855,30.121368],[31.371883,30.121378],[31.371928,30.121385],[31.371976,30.121385],[31.372092,30.121373],[31.372175,30.121435],[31.371893,30.121705],[31.372033,30.121705],[31.372253,30.121494],[31.372273,30.121509],[31.372273,30.121246],[31.371616,30.120746]],[[31.369581,30.120503],[31.370829,30.121479],[31.37077,30.121558],[31.370696,30.121702],[31.369272,30.121293],[31.369459,30.120814],[31.369581,30.120503]],[[31.370723,30.120492],[31.370629,30.120385],[31.370549,30.120314],[31.369322,30.119359],[31.369422,30.119387],[31.36949,30.119394],[31.370374,30.120075],[31.371516,30.120934],[31.371518,30.121077],[31.371444,30.121169],[31.37143,30.121207],[31.371433,30.121226],[31.371443,30.121246],[31.371529,30.121327],[31.371441,30.121402],[31.37143,30.121407],[31.371407,30.121409],[31.371359,30.121393],[31.371336,30.121394],[31.371219,30.121234],[31.370811,30.120606],[31.370723,30.120492]],[[31.371374,30.121446],[31.371378,30.121448],[31.37138,30.121455],[31.371374,30.121446]],[[31.371544,30.121591],[31.371572,30.121589],[31.371599,30.121578],[31.371618,30.121561],[31.37166,30.1216],[31.371552,30.12169],[31.371403,30.121487],[31.371493,30.121571],[31.371515,30.121584],[31.371544,30.121591]],[[31.371565,30.12136],[31.371667,30.121453],[31.371619,30.121496],[31.371516,30.121401],[31.371565,30.12136]],[[31.371809,30.121347],[31.371774,30.121387],[31.37175,30.121407],[31.371709,30.121425],[31.371611,30.121336],[31.371732,30.12129],[31.37179,30.121336],[31.371809,30.121347]],[[31.371571,30.121164],[31.37169,30.121257],[31.371572,30.121301],[31.371493,30.121229],[31.371483,30.121215],[31.371488,30.121193],[31.371539,30.12113],[31.371571,30.121164]],[[31.371568,30.120974],[31.37204,30.121333],[31.371935,30.12134],[31.371898,30.121334],[31.371858,30.121321],[31.371823,30.121301],[31.371607,30.121131],[31.371589,30.121114],[31.37157,30.121079],[31.371568,30.120974]],[[31.371583,30.121528],[31.371569,30.121541],[31.371549,30.121545],[31.371528,30.121538],[31.371437,30.121452],[31.371453,30.121448],[31.371479,30.121433],[31.371512,30.121463],[31.371583,30.121528]],[[31.37138,30.121682],[31.371354,30.121677],[31.371328,30.121646],[31.371327,30.121636],[31.371372,30.121611],[31.371413,30.121669],[31.371395,30.121678],[31.37138,30.121682]]],[[[31.36812,30.121639],[31.36812,30.121705],[31.368342,30.121705],[31.36812,30.121639]]],[[[31.369485,30.118512],[31.371408,30.120024],[31.372273,30.120702],[31.372273,30.120641],[31.371442,30.119991],[31.369028,30.118087],[31.36895,30.118087],[31.369485,30.118512]]]]}},{"type":"Feature","properties":{},"geometry":{"type":"MultiPolygon","coordinates":[[[[31.37043,30.125322],[31.370768,30.125322],[31.36812,30.124579],[31.36812,30.124674],[31.36954,30.125072],[31.369443,30.125322],[31.369553,30.125322],[31.369639,30.1251],[31.37043,30.125322]]],[[[31.372273,30.12475],[31.372273,30.124655],[31.370744,30.12422],[31.370903,30.123796],[31.371617,30.123991],[31.372273,30.124172],[31.372273,30.124076],[31.372194,30.124054],[31.370335,30.123545],[31.370403,30.123362],[31.372273,30.123889],[31.372273,30.123793],[31.372163,30.123762],[31.372244,30.123536],[31.372272,30.123436],[31.372273,30.123386],[31.372273,30.123336],[31.372248,30.123239],[31.372236,30.12322],[31.371727,30.12274],[31.371464,30.12261],[31.371137,30.122487],[31.370875,30.1224],[31.371034,30.121974],[31.371505,30.122102],[31.37156,30.1221],[31.37161,30.122085],[31.371646,30.122066],[31.371681,30.122036],[31.371742,30.122105],[31.3718,30.122157],[31.372273,30.122537],[31.372273,30.122414],[31.371872,30.122091],[31.371821,30.122046],[31.371756,30.12197],[31.372033,30.121705],[31.371893,30.121705],[31.371876,30.121721],[31.371857,30.121705],[31.371782,30.121705],[31.371841,30.121755],[31.371699,30.121891],[31.37158,30.121729],[31.371609,30.121705],[31.371311,30.121705],[31.371328,30.121717],[31.371352,30.121725],[31.371388,30.121727],[31.371441,30.121707],[31.371625,30.121958],[31.371608,30.121972],[31.371572,30.121955],[31.371046,30.121796],[31.370796,30.12173],[31.370809,30.121705],[31.370069,30.121705],[31.370309,30.121772],[31.370013,30.122578],[31.369492,30.122429],[31.369757,30.121705],[31.369648,30.121705],[31.369394,30.1224],[31.368916,30.122264],[31.369022,30.121957],[31.369117,30.121705],[31.369008,30.121705],[31.36894,30.121885],[31.368608,30.121785],[31.368342,30.121705],[31.36812,30.121705],[31.36812,30.121822],[31.368149,30.121743],[31.368908,30.121972],[31.368818,30.122235],[31.36812,30.122035],[31.36812,30.122131],[31.369637,30.122565],[31.369471,30.123005],[31.36812,30.122625],[31.36812,30.12272],[31.370304,30.123335],[31.370236,30.123518],[31.36812,30.122935],[31.36812,30.12303],[31.36841,30.12311],[31.368135,30.123855],[31.36812,30.123897],[31.36812,30.124192],[31.368152,30.124105],[31.371073,30.124911],[31.370916,30.125322],[31.371026,30.125322],[31.371188,30.124896],[31.371345,30.124486],[31.371811,30.124619],[31.371547,30.125322],[31.371656,30.125322],[31.37191,30.124647],[31.372273,30.12475]],[[31.371246,30.124458],[31.371106,30.124825],[31.370572,30.124678],[31.370712,30.124306],[31.371246,30.124458]],[[31.370304,30.123631],[31.370804,30.123769],[31.370473,30.124651],[31.369976,30.124513],[31.370018,30.124399],[31.370304,30.123631]],[[31.371481,30.12357],[31.371652,30.123142],[31.372154,30.123286],[31.372171,30.123352],[31.372169,30.123424],[31.372145,30.123511],[31.372064,30.123734],[31.371748,30.123645],[31.371481,30.12357]],[[31.36957,30.123033],[31.369735,30.122593],[31.371553,30.123114],[31.371382,30.123543],[31.370558,30.123311],[31.36957,30.123033]],[[31.370731,30.122784],[31.370843,30.122486],[31.371097,30.12257],[31.371421,30.122692],[31.371665,30.122813],[31.372023,30.123153],[31.371636,30.123043],[31.370731,30.122784]],[[31.370935,30.121947],[31.370633,30.122755],[31.370111,30.122606],[31.370408,30.1218],[31.370935,30.121947]],[[31.369877,30.124486],[31.368184,30.124019],[31.368218,30.123926],[31.369904,30.124414],[31.369877,30.124486]],[[31.36851,30.123137],[31.369179,30.123322],[31.368916,30.124033],[31.36825,30.12384],[31.36851,30.123137]],[[31.369278,30.123349],[31.369785,30.123488],[31.369497,30.124201],[31.369015,30.124061],[31.369278,30.123349]],[[31.370205,30.123604],[31.369936,30.124328],[31.369595,30.124229],[31.369884,30.123516],[31.370205,30.123604]]],[[[31.37217,30.125322],[31.372273,30.125322],[31.372273,30.125051],[31.37217,30.125322]]],[[[31.368476,30.125322],[31.368819,30.125322],[31.36812,30.125129],[31.36812,30.125224],[31.368476,30.125322]]]]}},{"type":"Feature","properties":{},"geometry":{"type":"MultiPolygon","coordinates":[[[[31.370703,30.127907],[31.36812,30.12717],[31.36812,30.127294],[31.370661,30.128018],[31.371672,30.128295],[31.37161,30.128452],[31.371116,30.128309],[31.371045,30.128308],[31.371002,30.128326],[31.370993,30.128334],[31.370842,30.128613],[31.370842,30.128673],[31.370886,30.12872],[31.371391,30.128903],[31.371374,30.12894],[31.37143,30.12894],[31.371448,30.128901],[31.371519,30.128812],[31.371536,30.128782],[31.371721,30.128309],[31.372273,30.12846],[31.372273,30.128337],[31.370703,30.127907]],[[31.371035,30.128362],[31.371062,30.128351],[31.371104,30.128353],[31.371594,30.128495],[31.371488,30.128766],[31.371475,30.128789],[31.371415,30.128862],[31.370914,30.128681],[31.370893,30.128657],[31.370894,30.12862],[31.371035,30.128362]]],[[[31.368153,30.127131],[31.370063,30.127675],[31.37073,30.12786],[31.371817,30.12818],[31.372273,30.128301],[31.372273,30.128178],[31.371908,30.128081],[31.372062,30.127654],[31.372273,30.127716],[31.372273,30.12762],[31.372093,30.127567],[31.372218,30.12722],[31.372273,30.127236],[31.372273,30.127141],[31.372249,30.127134],[31.372273,30.127065],[31.372273,30.126763],[31.371809,30.128054],[31.371272,30.127897],[31.371891,30.126294],[31.372273,30.126402],[31.372273,30.126307],[31.371383,30.126049],[31.371539,30.125634],[31.372273,30.12584],[31.372273,30.125745],[31.372134,30.125706],[31.372273,30.125339],[31.372273,30.125322],[31.37217,30.125322],[31.372035,30.125678],[31.371571,30.125548],[31.371656,30.125322],[31.371547,30.125322],[31.371472,30.12552],[31.371001,30.125388],[31.371026,30.125322],[31.370916,30.125322],[31.370902,30.12536],[31.370768,30.125322],[31.37043,30.125322],[31.370869,30.125446],[31.370715,30.125848],[31.369481,30.125506],[31.369553,30.125322],[31.369443,30.125322],[31.369383,30.125479],[31.368819,30.125322],[31.368476,30.125322],[31.368746,30.125397],[31.3687,30.125521],[31.36812,30.125361],[31.36812,30.125607],[31.368174,30.125471],[31.368668,30.125607],[31.368341,30.126481],[31.36812,30.126417],[31.36812,30.126512],[31.368309,30.126567],[31.368146,30.127004],[31.36812,30.126997],[31.36812,30.127121],[31.368153,30.127131]],[[31.369108,30.126281],[31.368748,30.127176],[31.368244,30.127033],[31.368583,30.126128],[31.369108,30.126281]],[[31.370235,30.127104],[31.370156,30.127312],[31.370057,30.127549],[31.368846,30.127204],[31.369026,30.126758],[31.370235,30.127104]],[[31.370772,30.127748],[31.370156,30.127577],[31.370254,30.127342],[31.370334,30.127132],[31.371346,30.127421],[31.371174,30.127868],[31.370772,30.127748]],[[31.371542,30.126914],[31.371379,30.127336],[31.370367,30.127046],[31.370532,30.126614],[31.371542,30.126914]],[[31.370108,30.126003],[31.370604,30.126139],[31.370268,30.127018],[31.369788,30.126881],[31.369936,30.126474],[31.370108,30.126003]],[[31.368845,30.125425],[31.370683,30.125934],[31.370637,30.126053],[31.368799,30.125548],[31.368845,30.125425]],[[31.371041,30.126668],[31.370565,30.126528],[31.370968,30.125473],[31.37144,30.125606],[31.371268,30.126064],[31.371041,30.126668]],[[31.370009,30.125975],[31.369853,30.126403],[31.368615,30.126042],[31.368767,30.125634],[31.370009,30.125975]],[[31.369822,30.126489],[31.36969,30.126853],[31.369061,30.126673],[31.369207,30.12631],[31.369822,30.126489]],[[31.371575,30.126828],[31.371139,30.126697],[31.37135,30.126135],[31.371793,30.126265],[31.371575,30.126828]]],[[[31.368392,30.128792],[31.368558,30.128816],[31.368752,30.128783],[31.36877,30.12877],[31.368853,30.128619],[31.369201,30.127669],[31.369198,30.127652],[31.369184,30.127643],[31.369166,30.127643],[31.369152,30.127655],[31.368804,30.128604],[31.368729,30.12874],[31.368553,30.128771],[31.368405,30.128748],[31.36812,30.128672],[31.36812,30.128719],[31.368392,30.128792]]]]}},{"type":"Feature","properties":{},"geometry":{"type":"MultiPolygon","coordinates":[[[[31.368629,30.12941],[31.36812,30.129241],[31.36812,30.129282],[31.369698,30.129805],[31.372273,30.130697],[31.372273,30.130668],[31.371301,30.130335],[31.371303,30.13033],[31.372273,30.13066],[31.372273,30.130466],[31.371995,30.130371],[31.37202,30.130316],[31.372017,30.130291],[31.372002,30.130273],[31.371904,30.130242],[31.371873,30.130244],[31.372221,30.129426],[31.372273,30.129444],[31.372273,30.129346],[31.37226,30.129342],[31.372273,30.129313],[31.372273,30.129008],[31.372114,30.129341],[31.371715,30.130276],[31.368744,30.129256],[31.368148,30.129053],[31.36812,30.129044],[31.36812,30.129238],[31.368629,30.12941]],[[31.371225,30.130303],[31.371224,30.130308],[31.370117,30.129924],[31.370018,30.129888],[31.371225,30.130303]],[[31.368706,30.129437],[31.368706,30.129437],[31.368725,30.129444],[31.368706,30.129437]],[[31.371967,30.13031],[31.371947,30.130355],[31.371855,30.130323],[31.371878,30.130292],[31.371889,30.130287],[31.371967,30.13031]]],[[[31.37108,30.129551],[31.370993,30.129742],[31.37099,30.129795],[31.371009,30.129827],[31.371019,30.129835],[31.371544,30.130019],[31.371564,30.130017],[31.371575,30.130005],[31.371576,30.12999],[31.371565,30.129978],[31.37105,30.129797],[31.37104,30.129781],[31.371042,30.129755],[31.371118,30.129589],[31.371687,30.129791],[31.371707,30.129791],[31.371721,30.129778],[31.37172,30.129761],[31.371706,30.129749],[31.371138,30.129547],[31.37143,30.12894],[31.371374,30.12894],[31.37108,30.129551]]]]}},{"type":"Feature","properties":{},"geometry":{"type":"Polygon","coordinates":[[[31.375926,30.08157],[31.37599,30.081261],[31.376196,30.081295],[31.376215,30.08129],[31.376224,30.081276],[31.376221,30.081261],[31.376206,30.081251],[31.376,30.081217],[31.376031,30.081068],[31.376241,30.081102],[31.376258,30.081098],[31.376269,30.081084],[31.376264,30.081067],[31.37625,30.081058],[31.37604,30.081023],[31.376186,30.080327],[31.37641,30.08037],[31.376427,30.080366],[31.376427,30.08033],[31.376421,30.080326],[31.376195,30.080283],[31.376229,30.080125],[31.376427,30.080157],[31.376427,30.080111],[31.376238,30.08008],[31.376255,30.08],[31.376149,30.08],[31.37611,30.080186],[31.375765,30.080139],[31.37579,30.08],[31.375685,30.08],[31.375663,30.080125],[31.375355,30.080082],[31.375368,30.08],[31.375263,30.08],[31.375252,30.080069],[31.37498,30.080035],[31.374986,30.08],[31.374881,30.08],[31.374665,30.081254],[31.374335,30.08122],[31.374374,30.080967],[31.374429,30.080974],[31.374449,30.080972],[31.37447,30.080959],[31.374482,30.080936],[31.37448,30.080914],[31.374466,30.080896],[31.374444,30.080885],[31.374388,30.080878],[31.37439,30.080866],[31.374454,30.080875],[31.374474,30.080873],[31.374499,30.080858],[31.374509,30.080833],[31.374503,30.080808],[31.374485,30.080792],[31.374403,30.080776],[31.374497,30.080174],[31.374494,30.080152],[31.37448,30.080134],[31.374457,30.080124],[31.374427,30.080126],[31.374406,30.080138],[31.374395,30.080158],[31.374301,30.080761],[31.374,30.080717],[31.37398,30.080718],[31.373953,30.080731],[31.373941,30.08075],[31.373942,30.080776],[31.373956,30.080795],[31.373983,30.080806],[31.374131,30.080828],[31.374128,30.080844],[31.373928,30.080819],[31.373896,30.08083],[31.37388,30.080853],[31.373879,30.08087],[31.373886,30.080887],[31.3739,30.0809],[31.373918,30.080908],[31.374271,30.080954],[31.374231,30.08121],[31.373807,30.081167],[31.373788,30.081172],[31.373769,30.081187],[31.37376,30.081207],[31.373763,30.081228],[31.373722,30.081145],[31.37371,30.081077],[31.37371,30.081006],[31.37372,30.080935],[31.373748,30.080849],[31.373851,30.08062],[31.373943,30.080372],[31.373962,30.080238],[31.373961,30.080029],[31.374129,30.080049],[31.37415,30.080038],[31.374151,30.080017],[31.374136,30.080005],[31.374096,30.08],[31.373857,30.08],[31.373858,30.080219],[31.373127,30.08029],[31.373113,30.080286],[31.373105,30.080275],[31.37307,30.08],[31.373018,30.08],[31.373055,30.080287],[31.373067,30.080309],[31.373082,30.080323],[31.373101,30.080332],[31.37313,30.080335],[31.373854,30.080265],[31.373842,30.080353],[31.373823,30.080406],[31.373754,30.080589],[31.373632,30.080866],[31.373617,30.080922],[31.373606,30.080998],[31.373607,30.081087],[31.373621,30.081168],[31.373662,30.081258],[31.37373,30.081342],[31.373877,30.081454],[31.373929,30.081485],[31.37399,30.081513],[31.374105,30.08155],[31.374169,30.081562],[31.374961,30.081683],[31.376277,30.081863],[31.376427,30.081885],[31.376427,30.081793],[31.376294,30.081773],[31.37499,30.081595],[31.374962,30.08157],[31.374954,30.081552],[31.374953,30.081533],[31.374958,30.081513],[31.374969,30.081496],[31.374997,30.081477],[31.375129,30.081497],[31.375276,30.081525],[31.375422,30.081558],[31.37557,30.081598],[31.375707,30.081627],[31.376427,30.081741],[31.376427,30.081649],[31.375926,30.08157]],[[31.373806,30.081257],[31.374651,30.081343],[31.374649,30.081357],[31.374482,30.081353],[31.374375,30.081355],[31.374096,30.08137],[31.374031,30.081366],[31.373968,30.081354],[31.373906,30.081336],[31.37385,30.081312],[31.373809,30.081284],[31.373779,30.081248],[31.373791,30.081254],[31.373806,30.081257]],[[31.375189,30.080764],[31.375087,30.080756],[31.375041,30.080759],[31.374999,30.08078],[31.374976,30.080808],[31.37497,30.080825],[31.374937,30.081075],[31.374942,30.081113],[31.374949,30.081129],[31.374972,30.081157],[31.375014,30.081179],[31.375127,30.081193],[31.375095,30.0814],[31.374897,30.081374],[31.374753,30.081362],[31.374884,30.080586],[31.375209,30.080629],[31.375189,30.080764]],[[31.376015,30.080642],[31.3749,30.080496],[31.374964,30.080124],[31.375288,30.080164],[31.376091,30.080275],[31.376015,30.080642]],[[31.374287,30.080851],[31.374285,30.080864],[31.374231,30.080857],[31.374234,30.080843],[31.374287,30.080851]],[[31.375604,30.081116],[31.375624,30.081091],[31.37562,30.08106],[31.375596,30.081039],[31.375261,30.080993],[31.375311,30.080642],[31.375996,30.080731],[31.375824,30.081553],[31.375727,30.081538],[31.375596,30.08151],[31.375449,30.081471],[31.375197,30.081417],[31.375248,30.081083],[31.375571,30.081125],[31.375604,30.081116]],[[31.375071,30.080847],[31.375176,30.080854],[31.37514,30.081104],[31.375053,30.081095],[31.375043,30.081088],[31.375071,30.080847]],[[31.374853,30.081575],[31.374188,30.081473],[31.374121,30.08146],[31.374379,30.081446],[31.374483,30.081444],[31.374691,30.081449],[31.374871,30.081463],[31.374859,30.081483],[31.37485,30.081519],[31.374853,30.081575]]]}},{"type":"Feature","properties":{},"geometry":{"type":"MultiPolygon","coordinates":[[[[31.373439,30.08521],[31.373428,30.085201],[31.37341,30.0852],[31.373398,30.085207],[31.373391,30.085221],[31.373415,30.08553],[31.373466,30.08553],[31.373439,30.08521]]],[[[31.37375,30.084569],[31.37385,30.08553],[31.373902,30.08553],[31.373802,30.084564],[31.374508,30.0845],[31.374619,30.08553],[31.374671,30.08553],[31.374581,30.084692],[31.374746,30.084718],[31.374958,30.084782],[31.375078,30.084827],[31.375101,30.084822],[31.375108,30.084812],[31.375108,30.084799],[31.375096,30.084785],[31.374978,30.08474],[31.374762,30.084675],[31.374576,30.084645],[31.37456,30.084496],[31.375181,30.08444],[31.3752,30.08443],[31.375204,30.084413],[31.375193,30.084398],[31.375176,30.084395],[31.373771,30.084522],[31.372273,30.08468],[31.372273,30.084725],[31.37375,30.084569]]]]}},{"type":"Feature","properties":{},"geometry":{"type":"MultiPolygon","coordinates":[[[[31.376366,30.089148],[31.376427,30.089148],[31.376427,30.088774],[31.376366,30.089148]]],[[[31.372465,30.088926],[31.372346,30.089007],[31.372273,30.08903],[31.372273,30.089078],[31.372273,30.089077],[31.372372,30.089046],[31.372565,30.088918],[31.373289,30.088864],[31.373748,30.088811],[31.373752,30.088921],[31.373747,30.08909],[31.373741,30.089148],[31.373793,30.089148],[31.373799,30.089094],[31.373804,30.088921],[31.3738,30.088805],[31.37465,30.088728],[31.375568,30.088684],[31.375584,30.088678],[31.375591,30.088667],[31.37559,30.088652],[31.375579,30.088642],[31.375565,30.088639],[31.374646,30.088683],[31.373797,30.08876],[31.373752,30.08818],[31.373746,30.088168],[31.373734,30.08816],[31.372273,30.088252],[31.372273,30.088297],[31.372348,30.088293],[31.372374,30.088552],[31.372273,30.088559],[31.372273,30.088604],[31.372378,30.088597],[31.372407,30.088885],[31.372273,30.088894],[31.372273,30.088938],[31.372465,30.088926]],[[31.373702,30.088206],[31.373746,30.088765],[31.373284,30.088819],[31.372459,30.088881],[31.3724,30.088289],[31.373702,30.088206]]],[[[31.372274,30.08753],[31.372284,30.087546],[31.372303,30.087551],[31.373647,30.087436],[31.373662,30.087429],[31.37367,30.087413],[31.373486,30.085779],[31.373466,30.08553],[31.373415,30.08553],[31.373433,30.08576],[31.372273,30.085855],[31.372273,30.0859],[31.372764,30.08586],[31.372951,30.08745],[31.372324,30.087503],[31.372273,30.086998],[31.372273,30.087519],[31.372274,30.08753]],[[31.373002,30.087446],[31.372816,30.085856],[31.373437,30.085805],[31.373616,30.087393],[31.373002,30.087446]]],[[[31.37386,30.085629],[31.373886,30.085685],[31.373959,30.085713],[31.374098,30.085708],[31.374612,30.085673],[31.374661,30.085647],[31.374771,30.085657],[31.374857,30.085684],[31.374916,30.085744],[31.374997,30.085842],[31.37507,30.085949],[31.375147,30.086085],[31.375199,30.086266],[31.375211,30.086277],[31.375226,30.086279],[31.375243,30.08627],[31.375248,30.086253],[31.375195,30.086067],[31.375117,30.085929],[31.375041,30.085818],[31.374958,30.085716],[31.374916,30.085674],[31.374966,30.085658],[31.375122,30.085654],[31.375139,30.085638],[31.375135,30.085619],[31.375116,30.08561],[31.374958,30.085613],[31.374872,30.085641],[31.374783,30.085613],[31.374679,30.085603],[31.374671,30.08553],[31.374619,30.08553],[31.374628,30.085612],[31.374601,30.085628],[31.373968,30.085668],[31.373926,30.085653],[31.373911,30.085621],[31.373902,30.08553],[31.37385,30.08553],[31.37386,30.085629]]]]}},{"type":"Feature","properties":{},"geometry":{"type":"MultiPolygon","coordinates":[[[[31.376312,30.089482],[31.376247,30.089947],[31.376181,30.090523],[31.37615,30.090545],[31.376121,30.09058],[31.376006,30.090874],[31.375972,30.090927],[31.375926,30.090973],[31.375871,30.09101],[31.375809,30.091038],[31.375733,30.091056],[31.375652,30.09106],[31.375161,30.091047],[31.375179,30.090603],[31.375275,30.090589],[31.375374,30.090553],[31.375484,30.090484],[31.375587,30.090327],[31.375625,30.090195],[31.375626,30.090058],[31.375605,30.089941],[31.375547,30.089789],[31.375462,30.089642],[31.375391,30.08958],[31.375289,30.089525],[31.375147,30.089492],[31.372273,30.08967],[31.372273,30.08976],[31.374556,30.089619],[31.374503,30.090486],[31.372273,30.09037],[31.372273,30.09046],[31.374549,30.090579],[31.375127,30.090605],[31.37511,30.091045],[31.372391,30.090919],[31.372273,30.090921],[31.372273,30.090921],[31.372273,30.092765],[31.37331,30.092765],[31.37325,30.092759],[31.373261,30.09266],[31.373314,30.092667],[31.373344,30.092665],[31.373373,30.092649],[31.373381,30.092636],[31.373398,30.092487],[31.373396,30.092458],[31.37338,30.092432],[31.373371,30.092425],[31.373307,30.092414],[31.373264,30.092417],[31.373235,30.092446],[31.373198,30.092755],[31.372544,30.092692],[31.37248,30.09267],[31.372425,30.092639],[31.372396,30.092614],[31.372437,30.092272],[31.372991,30.092298],[31.373469,30.092313],[31.373991,30.092323],[31.374183,30.0923],[31.374452,30.092232],[31.374423,30.092765],[31.374527,30.092765],[31.374557,30.092202],[31.374679,30.092165],[31.374844,30.092136],[31.375031,30.092125],[31.375617,30.092133],[31.37604,30.092152],[31.376124,30.092159],[31.376086,30.092765],[31.37619,30.092765],[31.376227,30.092173],[31.376308,30.092188],[31.376421,30.09222],[31.376427,30.092223],[31.376427,30.092127],[31.376338,30.092102],[31.376186,30.092073],[31.376049,30.092061],[31.375673,30.092045],[31.375711,30.091471],[31.376427,30.091507],[31.376427,30.091146],[31.376414,30.091145],[31.376427,30.091118],[31.376427,30.090856],[31.376412,30.090887],[31.376406,30.090918],[31.376397,30.0909],[31.376291,30.090774],[31.376326,30.090424],[31.376382,30.08996],[31.376427,30.089637],[31.376427,30.089148],[31.376366,30.089148],[31.376312,30.089482]],[[31.375607,30.091466],[31.37557,30.092042],[31.375031,30.092034],[31.374827,30.092047],[31.374648,30.092079],[31.374302,30.092178],[31.374159,30.092212],[31.373985,30.092233],[31.373472,30.092223],[31.372997,30.092207],[31.372448,30.092182],[31.372556,30.091318],[31.375607,30.091466]],[[31.376338,30.091142],[31.376314,30.091141],[31.376281,30.091064],[31.376273,30.091023],[31.37627,30.090981],[31.376285,30.090841],[31.376314,30.090876],[31.376332,30.091003],[31.376337,30.091079],[31.376338,30.091142]],[[31.375903,30.091092],[31.37588,30.091088],[31.375916,30.091071],[31.375981,30.091028],[31.376042,30.090966],[31.376084,30.090901],[31.376164,30.090692],[31.376135,30.090983],[31.376139,30.09104],[31.376165,30.091134],[31.375968,30.091125],[31.375936,30.091105],[31.375903,30.091092]],[[31.374606,30.090491],[31.37466,30.089612],[31.375135,30.089583],[31.375242,30.089606],[31.375328,30.089652],[31.375378,30.089697],[31.37545,30.089821],[31.375504,30.089963],[31.375523,30.090061],[31.375521,30.090184],[31.375488,30.090299],[31.375403,30.090426],[31.375328,30.090471],[31.375246,30.090502],[31.375152,30.090515],[31.374606,30.090491]],[[31.373342,30.092465],[31.373345,30.09247],[31.37333,30.092621],[31.373267,30.092615],[31.373288,30.092459],[31.373342,30.092465]],[[31.376392,30.091045],[31.376389,30.091071],[31.376381,30.090982],[31.37639,30.091013],[31.376392,30.091045]]],[[[31.373219,30.089522],[31.373567,30.08951],[31.37368,30.089474],[31.373755,30.089387],[31.373779,30.089273],[31.373793,30.089148],[31.373741,30.089148],[31.373728,30.089267],[31.373705,30.089372],[31.373649,30.089437],[31.373561,30.089465],[31.373216,30.089477],[31.372273,30.089527],[31.372273,30.089572],[31.373219,30.089522]]]]}},{"type":"Feature","properties":{},"geometry":{"type":"Polygon","coordinates":[[[31.376171,30.094503],[31.376324,30.09335],[31.376427,30.093359],[31.376427,30.093214],[31.374667,30.093066],[31.373982,30.093],[31.373096,30.092927],[31.372619,30.092897],[31.372502,30.092901],[31.372494,30.092867],[31.372504,30.092833],[31.372594,30.092844],[31.376109,30.093169],[31.376427,30.093199],[31.376427,30.093054],[31.376174,30.093029],[31.37619,30.092765],[31.376086,30.092765],[31.376071,30.09302],[31.374521,30.092877],[31.374527,30.092765],[31.374423,30.092765],[31.374418,30.092868],[31.37331,30.092765],[31.372273,30.092765],[31.372273,30.093607],[31.372333,30.09313],[31.372392,30.093087],[31.372457,30.093059],[31.372529,30.093044],[31.372612,30.093041],[31.373053,30.09307],[31.372992,30.093583],[31.372998,30.0936],[31.373018,30.093608],[31.373035,30.093603],[31.373044,30.093588],[31.373105,30.093073],[31.373784,30.09313],[31.373626,30.094463],[31.372963,30.094399],[31.373027,30.093708],[31.373021,30.093692],[31.373003,30.093684],[31.372984,30.093689],[31.372975,30.093705],[31.372911,30.094394],[31.372273,30.094333],[31.372273,30.094424],[31.372927,30.094487],[31.374436,30.094631],[31.374401,30.094928],[31.372273,30.094738],[31.372273,30.094856],[31.373318,30.09495],[31.373317,30.094953],[31.372273,30.094862],[31.372273,30.09498],[31.372729,30.09502],[31.372571,30.096383],[31.372675,30.096383],[31.372832,30.095029],[31.373341,30.095073],[31.373373,30.095076],[31.373211,30.096383],[31.373316,30.096383],[31.373395,30.09574],[31.373963,30.095785],[31.37389,30.096383],[31.373994,30.096383],[31.374066,30.095793],[31.374316,30.095812],[31.374618,30.095835],[31.374549,30.096383],[31.374653,30.096383],[31.374721,30.095843],[31.375258,30.095885],[31.375204,30.096383],[31.375309,30.096383],[31.375362,30.095893],[31.375912,30.095936],[31.375878,30.096195],[31.375856,30.096383],[31.375961,30.096383],[31.375981,30.096204],[31.37609,30.095315],[31.376427,30.095359],[31.376427,30.09524],[31.376151,30.095204],[31.376427,30.095229],[31.376427,30.095111],[31.375549,30.095031],[31.375567,30.094805],[31.375565,30.094794],[31.375555,30.094784],[31.375531,30.094783],[31.375516,30.0948],[31.375497,30.095027],[31.375052,30.094987],[31.37507,30.094861],[31.375062,30.094828],[31.375044,30.094802],[31.375019,30.094782],[31.374554,30.094518],[31.374625,30.093903],[31.375162,30.093949],[31.375166,30.094013],[31.375154,30.094194],[31.375158,30.094225],[31.37517,30.094255],[31.375193,30.094286],[31.375232,30.094316],[31.375636,30.094526],[31.375678,30.094542],[31.375766,30.094558],[31.376427,30.094617],[31.376427,30.094526],[31.376171,30.094503]],[[31.372425,30.092807],[31.37241,30.092865],[31.372419,30.092918],[31.372356,30.092941],[31.372375,30.092784],[31.372397,30.092796],[31.372425,30.092807]],[[31.374356,30.095656],[31.375228,30.095719],[31.375263,30.095718],[31.375302,30.095704],[31.375329,30.095679],[31.375344,30.095647],[31.375345,30.095618],[31.375332,30.095587],[31.375311,30.095564],[31.375281,30.095548],[31.37525,30.095543],[31.374152,30.095466],[31.374124,30.095468],[31.374096,30.095478],[31.374066,30.095499],[31.37405,30.095524],[31.374045,30.095551],[31.374053,30.095588],[31.374072,30.095613],[31.374106,30.095634],[31.374137,30.095641],[31.374304,30.095653],[31.374299,30.09572],[31.373406,30.095651],[31.373476,30.095085],[31.375987,30.095304],[31.375923,30.095846],[31.37435,30.095724],[31.374356,30.095656]],[[31.375768,30.09356],[31.37576,30.093542],[31.375747,30.093536],[31.375735,30.093536],[31.375722,30.093544],[31.375717,30.093554],[31.375678,30.093903],[31.375608,30.093897],[31.375658,30.093527],[31.375651,30.093511],[31.375635,30.093504],[31.375616,30.093509],[31.375607,30.093522],[31.375556,30.093893],[31.375247,30.093866],[31.37524,30.093789],[31.375261,30.093487],[31.375257,30.09347],[31.375245,30.093456],[31.375213,30.093444],[31.375179,30.093452],[31.375163,30.093469],[31.375158,30.093487],[31.375138,30.093487],[31.375123,30.093502],[31.375091,30.093852],[31.374636,30.093813],[31.374703,30.093214],[31.376221,30.093342],[31.376141,30.093943],[31.375729,30.093908],[31.375768,30.09356]],[[31.374599,30.093205],[31.374447,30.094541],[31.373872,30.094486],[31.374017,30.093149],[31.374599,30.093205]],[[31.373729,30.094472],[31.373888,30.093138],[31.373913,30.09314],[31.373769,30.094476],[31.373729,30.094472]],[[31.37339,30.094959],[31.37339,30.094956],[31.373504,30.094966],[31.373503,30.094969],[31.37339,30.094959]],[[31.373576,30.094975],[31.373576,30.094973],[31.374389,30.095045],[31.374388,30.095046],[31.373576,30.094975]],[[31.374492,30.095055],[31.374492,30.095055],[31.37477,30.09508],[31.374492,30.095055]],[[31.374542,30.094619],[31.37496,30.094856],[31.374966,30.094865],[31.374949,30.094977],[31.374505,30.094938],[31.374542,30.094619]],[[31.37436,30.095611],[31.374368,30.095527],[31.375261,30.095591],[31.375287,30.09561],[31.375293,30.095638],[31.375285,30.095654],[31.375272,30.095667],[31.375254,30.095673],[31.375231,30.095674],[31.37436,30.095611]],[[31.374143,30.095596],[31.374124,30.095591],[31.37411,30.095582],[31.3741,30.095569],[31.374097,30.095554],[31.3741,30.095539],[31.374119,30.095518],[31.374134,30.095513],[31.374316,30.095523],[31.374308,30.095608],[31.374143,30.095596]],[[31.37527,30.094017],[31.375268,30.093958],[31.376129,30.094033],[31.376068,30.094494],[31.375777,30.094468],[31.375714,30.094458],[31.375687,30.094448],[31.375289,30.094241],[31.375275,30.09423],[31.37526,30.094204],[31.37527,30.094017]]]}},{"type":"Feature","properties":{},"geometry":{"type":"MultiPolygon","coordinates":[[[[31.376066,30.099921],[31.376147,30.099846],[31.376205,30.099781],[31.376253,30.099713],[31.376286,30.099657],[31.376312,30.099587],[31.376327,30.099513],[31.376427,30.098682],[31.376427,30.097554],[31.376411,30.097687],[31.375816,30.097632],[31.375887,30.097036],[31.376316,30.097072],[31.376334,30.097066],[31.376341,30.097052],[31.376337,30.097037],[31.376321,30.097028],[31.375892,30.096991],[31.375929,30.096672],[31.376348,30.096711],[31.376366,30.096704],[31.376374,30.09669],[31.376369,30.096675],[31.376353,30.096666],[31.375935,30.096627],[31.375961,30.096383],[31.375856,30.096383],[31.375713,30.097623],[31.37518,30.097574],[31.375309,30.096383],[31.375204,30.096383],[31.375076,30.097564],[31.37451,30.097512],[31.374653,30.096383],[31.374549,30.096383],[31.374407,30.097503],[31.373863,30.097453],[31.373994,30.096383],[31.37389,30.096383],[31.373832,30.096852],[31.373263,30.096806],[31.373316,30.096383],[31.373211,30.096383],[31.37316,30.096797],[31.372632,30.096754],[31.372675,30.096383],[31.372571,30.096383],[31.372529,30.096746],[31.372273,30.096725],[31.372273,30.096816],[31.372518,30.096836],[31.372273,30.098821],[31.372273,30.099164],[31.372282,30.099165],[31.372713,30.099206],[31.372702,30.099212],[31.372273,30.099171],[31.372273,30.099262],[31.37269,30.099302],[31.372784,30.099365],[31.372867,30.099429],[31.373042,30.099576],[31.373382,30.099892],[31.373305,30.099959],[31.373301,30.099974],[31.373308,30.099988],[31.373324,30.099994],[31.373341,30.099991],[31.373417,30.099925],[31.373497,30.1],[31.373857,30.1],[31.373719,30.09987],[31.373795,30.099805],[31.373805,30.099801],[31.374134,30.099816],[31.374169,30.09982],[31.374199,30.09983],[31.374226,30.099846],[31.3744,30.1],[31.374545,30.1],[31.374327,30.099808],[31.374293,30.099777],[31.374252,30.099753],[31.374195,30.099733],[31.374142,30.099726],[31.373819,30.09971],[31.373786,30.099712],[31.373751,30.099722],[31.373729,30.099734],[31.373647,30.099805],[31.373385,30.099569],[31.37335,30.099525],[31.373326,30.099478],[31.373313,30.099427],[31.373312,30.099362],[31.374562,30.099484],[31.374594,30.099541],[31.374646,30.099608],[31.375068,30.1],[31.37521,30.1],[31.374724,30.099549],[31.374685,30.099496],[31.37476,30.099503],[31.374801,30.09956],[31.374848,30.099615],[31.37491,30.099676],[31.375284,30.1],[31.375638,30.1],[31.375631,30.09999],[31.375243,30.099636],[31.375225,30.099611],[31.375219,30.099594],[31.375223,30.099553],[31.375224,30.099547],[31.376159,30.099616],[31.376107,30.099696],[31.376043,30.099772],[31.375974,30.099835],[31.37576,30.1],[31.375964,30.1],[31.376066,30.099921]],[[31.37512,30.098128],[31.37517,30.097664],[31.3764,30.097777],[31.376345,30.098233],[31.37512,30.098128]],[[31.375596,30.099398],[31.375731,30.098271],[31.376334,30.098323],[31.376198,30.099455],[31.375596,30.099398]],[[31.375493,30.099389],[31.374826,30.099326],[31.373328,30.099175],[31.373307,30.099162],[31.373288,30.099157],[31.373262,30.099159],[31.373242,30.099166],[31.372346,30.09908],[31.372408,30.09857],[31.375556,30.098858],[31.375493,30.099389]],[[31.375627,30.098262],[31.375567,30.098768],[31.372419,30.09848],[31.37248,30.097991],[31.375058,30.098213],[31.375627,30.098262]],[[31.375067,30.097654],[31.375016,30.098119],[31.372491,30.097901],[31.37255,30.097423],[31.373801,30.097538],[31.375067,30.097654]],[[31.373821,30.096942],[31.37376,30.097443],[31.372561,30.097333],[31.372622,30.096844],[31.373201,30.096892],[31.373821,30.096942]],[[31.372777,30.099213],[31.3732,30.099253],[31.373198,30.09926],[31.372789,30.09922],[31.37278,30.099214],[31.372777,30.099213]],[[31.374551,30.099389],[31.374551,30.099392],[31.373333,30.099273],[31.373335,30.099267],[31.374551,30.099389]],[[31.373177,30.099415],[31.373132,30.099435],[31.373101,30.099462],[31.372937,30.099326],[31.373178,30.099349],[31.373175,30.099371],[31.373177,30.099415]],[[31.375135,30.099707],[31.375095,30.099672],[31.375103,30.099663],[31.375132,30.099703],[31.375135,30.099707]],[[31.375043,30.099627],[31.374935,30.099521],[31.375089,30.099536],[31.375083,30.099567],[31.375084,30.099595],[31.375049,30.09962],[31.375043,30.099627]],[[31.374764,30.099413],[31.374654,30.099402],[31.374654,30.0994],[31.374764,30.099411],[31.374764,30.099413]],[[31.374867,30.099423],[31.374867,30.099421],[31.375138,30.099446],[31.375133,30.099449],[31.374867,30.099423]],[[31.375336,30.099465],[31.375217,30.099456],[31.375214,30.099453],[31.375336,30.099465]],[[31.3732,30.09952],[31.37323,30.099579],[31.373152,30.099506],[31.373174,30.099488],[31.373188,30.099481],[31.373198,30.099515],[31.3732,30.09952]]],[[[31.372277,30.097511],[31.372294,30.097506],[31.372304,30.097491],[31.3723,30.097476],[31.372284,30.097466],[31.372273,30.097465],[31.372273,30.09751],[31.372277,30.097511]]]]}},{"type":"Feature","properties":{},"geometry":{"type":"Polygon","coordinates":[[[31.37414,30.102209],[31.374551,30.102588],[31.373321,30.103617],[31.37347,30.103617],[31.374623,30.102654],[31.375003,30.103005],[31.374272,30.103617],[31.374422,30.103617],[31.375075,30.10307],[31.375443,30.10341],[31.375197,30.103617],[31.375346,30.103617],[31.375514,30.103475],[31.375669,30.103617],[31.375812,30.103617],[31.375149,30.103008],[31.375516,30.102699],[31.376365,30.103436],[31.37615,30.103617],[31.376299,30.103617],[31.376427,30.10351],[31.376427,30.103362],[31.374628,30.101801],[31.374906,30.101569],[31.375059,30.101457],[31.376427,30.10268],[31.376427,30.102345],[31.375265,30.101304],[31.375582,30.101039],[31.376427,30.101801],[31.376427,30.101671],[31.375657,30.100976],[31.375976,30.100712],[31.375996,30.100693],[31.376002,30.100721],[31.376016,30.100748],[31.376044,30.100782],[31.376427,30.101128],[31.376427,30.100838],[31.376203,30.100638],[31.376166,30.100616],[31.376097,30.1006],[31.376087,30.10059],[31.376427,30.100305],[31.376427,30.100141],[31.376004,30.100496],[31.375727,30.100182],[31.375964,30.1],[31.37576,30.1],[31.375667,30.100071],[31.375656,30.100027],[31.375638,30.1],[31.375284,30.1],[31.375437,30.100133],[31.375469,30.100156],[31.375504,30.100171],[31.375493,30.100177],[31.375439,30.100212],[31.37521,30.1],[31.375068,30.1],[31.375363,30.100274],[31.375114,30.100499],[31.374545,30.1],[31.3744,30.1],[31.375042,30.100565],[31.374744,30.100834],[31.373857,30.1],[31.373497,30.1],[31.373885,30.100361],[31.373831,30.100413],[31.37382,30.100442],[31.373135,30.101017],[31.373103,30.101023],[31.373071,30.101048],[31.372521,30.100553],[31.372524,30.100526],[31.372521,30.100493],[31.3725,30.100455],[31.372379,30.100354],[31.372336,30.100337],[31.372273,30.10033],[31.372273,30.10046],[31.373167,30.101264],[31.373693,30.101758],[31.373294,30.1021],[31.372787,30.101646],[31.373093,30.101397],[31.373106,30.101368],[31.373103,30.101351],[31.373092,30.101336],[31.373061,30.101322],[31.373041,30.101323],[31.373022,30.101331],[31.372714,30.101582],[31.372273,30.101187],[31.372273,30.101316],[31.37322,30.102164],[31.372843,30.102486],[31.372273,30.101972],[31.372273,30.102199],[31.372329,30.102152],[31.372768,30.10255],[31.372273,30.102973],[31.372273,30.103138],[31.373824,30.101811],[31.374514,30.101205],[31.374556,30.101201],[31.374594,30.101205],[31.374645,30.101222],[31.3748,30.101345],[31.374818,30.101368],[31.37483,30.101394],[31.374835,30.101424],[31.374831,30.10147],[31.374814,30.101483],[31.372458,30.103452],[31.372455,30.103426],[31.372434,30.103366],[31.372399,30.103315],[31.372352,30.103273],[31.372287,30.103237],[31.372273,30.103233],[31.372273,30.103304],[31.372303,30.10332],[31.372341,30.103354],[31.372369,30.103395],[31.372384,30.10344],[31.372387,30.103488],[31.37238,30.103516],[31.372273,30.103609],[31.372273,30.103617],[31.372458,30.103617],[31.372599,30.103496],[31.37414,30.102209]],[[31.375078,30.102942],[31.374215,30.102147],[31.374554,30.101863],[31.375442,30.102635],[31.375078,30.102942]],[[31.375171,30.10122],[31.374837,30.100919],[31.375492,30.100327],[31.375568,30.100275],[31.375618,30.10025],[31.375917,30.10059],[31.375883,30.100627],[31.375171,30.10122]],[[31.374882,30.101338],[31.374855,30.101303],[31.37469,30.101172],[31.374644,30.101152],[31.374585,30.101141],[31.374648,30.101085],[31.374965,30.101372],[31.374907,30.101415],[31.374901,30.10138],[31.374882,30.101338]],[[31.373141,30.10111],[31.373163,30.101083],[31.373172,30.101049],[31.373855,30.100476],[31.373896,30.100468],[31.373952,30.100422],[31.374556,30.100999],[31.373767,30.101694],[31.373141,30.10111]],[[31.37247,30.100507],[31.372335,30.100386],[31.37235,30.100391],[31.37246,30.100484],[31.37247,30.100507]]]}},{"type":"Feature","properties":{},"geometry":{"type":"MultiPolygon","coordinates":[[[[31.372326,30.107173],[31.372328,30.107152],[31.37231,30.107138],[31.372286,30.107144],[31.372273,30.107155],[31.372273,30.107218],[31.372326,30.107173]]],[[[31.37294,30.106482],[31.37348,30.106956],[31.373138,30.107235],[31.37329,30.107235],[31.37347,30.107088],[31.373499,30.107119],[31.373502,30.107138],[31.373492,30.107151],[31.373375,30.107235],[31.373457,30.107235],[31.373528,30.107184],[31.373551,30.107153],[31.373553,30.107116],[31.373543,30.107094],[31.373508,30.107057],[31.374112,30.106565],[31.374507,30.106918],[31.374575,30.106998],[31.374313,30.107235],[31.374456,30.107235],[31.374625,30.107084],[31.374639,30.107122],[31.374653,30.10718],[31.374659,30.107235],[31.374791,30.107235],[31.374786,30.10716],[31.374771,30.107096],[31.374801,30.107096],[31.374838,30.107088],[31.374878,30.107065],[31.374984,30.107108],[31.374828,30.107235],[31.375415,30.107235],[31.375628,30.107055],[31.375656,30.107079],[31.375691,30.107119],[31.375711,30.10715],[31.375729,30.107189],[31.37574,30.107235],[31.375846,30.107235],[31.375838,30.107196],[31.375904,30.107162],[31.375981,30.107133],[31.376046,30.107114],[31.376427,30.107026],[31.376427,30.106932],[31.376,30.107032],[31.376136,30.106951],[31.376196,30.106927],[31.376261,30.106908],[31.376427,30.106866],[31.376427,30.106773],[31.376155,30.106844],[31.376089,30.10687],[31.376022,30.106906],[31.375774,30.107065],[31.375734,30.107019],[31.375703,30.106992],[31.376423,30.106383],[31.376427,30.106387],[31.376427,30.105889],[31.375965,30.106281],[31.375525,30.105867],[31.376161,30.105334],[31.376427,30.105568],[31.376427,30.105439],[31.376236,30.105271],[31.376427,30.105111],[31.376427,30.104986],[31.375007,30.106177],[31.374586,30.105796],[31.376107,30.104506],[31.376427,30.104787],[31.376427,30.104658],[31.376172,30.104434],[31.376143,30.10442],[31.376115,30.104416],[31.376088,30.104417],[31.37606,30.104425],[31.376036,30.104439],[31.374514,30.10573],[31.374168,30.105417],[31.37597,30.103895],[31.376427,30.104316],[31.376427,30.104184],[31.376045,30.103832],[31.376299,30.103617],[31.37615,30.103617],[31.375974,30.103767],[31.375812,30.103617],[31.375669,30.103617],[31.375899,30.10383],[31.374096,30.105352],[31.373709,30.105001],[31.375346,30.103617],[31.375197,30.103617],[31.373805,30.104793],[31.373559,30.104578],[31.37342,30.104457],[31.374422,30.103617],[31.374272,30.103617],[31.373186,30.104527],[31.372801,30.104178],[31.37347,30.103617],[31.373321,30.103617],[31.372273,30.104493],[31.372273,30.104922],[31.37404,30.106501],[31.373556,30.106894],[31.3725,30.105967],[31.372273,30.105768],[31.372273,30.105896],[31.37239,30.105998],[31.372273,30.106098],[31.372273,30.106224],[31.372463,30.106063],[31.372867,30.106418],[31.372273,30.10691],[31.372273,30.107035],[31.37294,30.106482]],[[31.37483,30.10689],[31.374576,30.106663],[31.375451,30.10593],[31.375891,30.106344],[31.375683,30.106521],[31.375625,30.106493],[31.375569,30.106482],[31.375511,30.106485],[31.375451,30.106506],[31.375337,30.106608],[31.375316,30.106642],[31.375309,30.106688],[31.375316,30.106736],[31.375342,30.10681],[31.375102,30.107012],[31.375025,30.106995],[31.37497,30.106975],[31.374871,30.106921],[31.37483,30.10689]],[[31.374504,30.106598],[31.373898,30.106057],[31.374317,30.105682],[31.374932,30.106239],[31.374504,30.106598]],[[31.374178,30.105557],[31.373753,30.105928],[31.37228,30.104613],[31.372726,30.10424],[31.37341,30.104861],[31.374178,30.105557]],[[31.373258,30.104593],[31.373383,30.104488],[31.373768,30.104825],[31.373637,30.104936],[31.373392,30.104714],[31.373258,30.104593]],[[31.374712,30.106964],[31.374682,30.106926],[31.374739,30.106977],[31.374811,30.107028],[31.374791,30.107033],[31.374771,30.107032],[31.374745,30.107024],[31.374712,30.106964]],[[31.375484,30.106542],[31.375523,30.106529],[31.375566,30.106527],[31.375606,30.106535],[31.375645,30.106553],[31.375382,30.106776],[31.375368,30.106728],[31.375361,30.106688],[31.375366,30.106656],[31.375378,30.106636],[31.375484,30.106542]]],[[[31.372458,30.103617],[31.372273,30.103617],[31.372273,30.103776],[31.372458,30.103617]]]]}},{"type":"Feature","properties":{},"geometry":{"type":"MultiPolygon","coordinates":[[[[31.37233,30.109229],[31.372414,30.109239],[31.372494,30.109261],[31.372693,30.109358],[31.372618,30.109451],[31.372605,30.109488],[31.372613,30.109533],[31.372639,30.109565],[31.372946,30.109727],[31.372995,30.10974],[31.373049,30.10973],[31.37308,30.109711],[31.373174,30.109595],[31.373675,30.109847],[31.37315,30.110355],[31.37306,30.110449],[31.37275,30.110852],[31.372812,30.110852],[31.373062,30.110526],[31.373129,30.110447],[31.373139,30.110453],[31.373074,30.11053],[31.372834,30.110852],[31.372897,30.110852],[31.373156,30.110508],[31.373759,30.10989],[31.373749,30.109905],[31.373632,30.110022],[31.373615,30.110052],[31.373613,30.11008],[31.373627,30.11011],[31.373716,30.110177],[31.37375,30.110191],[31.373786,30.110193],[31.373829,30.110179],[31.373856,30.110155],[31.373988,30.110004],[31.374664,30.110344],[31.37468,30.110384],[31.374694,30.11046],[31.374691,30.110499],[31.374676,30.110562],[31.374649,30.110615],[31.374597,30.110617],[31.374549,30.110628],[31.374502,30.110647],[31.374467,30.110669],[31.374436,30.110696],[31.374296,30.110852],[31.374362,30.110852],[31.374476,30.110725],[31.374501,30.110703],[31.374529,30.110686],[31.374566,30.110671],[31.374614,30.110661],[31.374602,30.110676],[31.374466,30.110852],[31.374579,30.110852],[31.374725,30.110664],[31.374765,30.110587],[31.374774,30.110553],[31.37484,30.110565],[31.374863,30.110581],[31.374881,30.110634],[31.374853,30.110644],[31.374788,30.110683],[31.374734,30.110732],[31.37464,30.110852],[31.374752,30.110852],[31.374804,30.110786],[31.374848,30.110745],[31.374901,30.110714],[31.374948,30.110698],[31.375011,30.110689],[31.37509,30.110691],[31.375172,30.110702],[31.375419,30.110751],[31.375614,30.110852],[31.376357,30.110852],[31.376337,30.110841],[31.376359,30.110852],[31.376427,30.110852],[31.376427,30.110803],[31.376104,30.110639],[31.375966,30.11058],[31.375797,30.110529],[31.375654,30.110446],[31.373011,30.109122],[31.372979,30.109045],[31.372966,30.10899],[31.372965,30.108935],[31.372976,30.10888],[31.373,30.108824],[31.373026,30.108786],[31.37306,30.108751],[31.373106,30.108717],[31.37392,30.108291],[31.374287,30.108185],[31.374353,30.108173],[31.374417,30.108172],[31.374479,30.108187],[31.374524,30.108205],[31.374558,30.108229],[31.376427,30.109901],[31.376427,30.109581],[31.376423,30.109579],[31.376427,30.109575],[31.376427,30.109441],[31.37635,30.109514],[31.375815,30.109048],[31.375842,30.109005],[31.376052,30.108827],[31.376427,30.109168],[31.376427,30.108987],[31.376154,30.10874],[31.376221,30.108684],[31.376357,30.108591],[31.376409,30.108566],[31.376427,30.10856],[31.376427,30.108369],[31.376395,30.108376],[31.376334,30.108399],[31.376198,30.108271],[31.376167,30.108261],[31.376144,30.108264],[31.376127,30.108272],[31.375831,30.10849],[31.37582,30.108502],[31.375807,30.108534],[31.375816,30.108564],[31.37594,30.108673],[31.375703,30.108881],[31.37565,30.1089],[31.375103,30.108407],[31.375356,30.108197],[31.375362,30.108183],[31.375355,30.108167],[31.37534,30.10816],[31.375321,30.108164],[31.375067,30.108375],[31.374802,30.108136],[31.374768,30.108098],[31.374739,30.108055],[31.374713,30.107968],[31.374705,30.107917],[31.374704,30.107867],[31.374709,30.107825],[31.374913,30.107659],[31.375415,30.107235],[31.374828,30.107235],[31.374793,30.107263],[31.374791,30.107235],[31.374659,30.107235],[31.374659,30.107239],[31.374657,30.107299],[31.374644,30.107384],[31.374445,30.107537],[31.374213,30.107695],[31.37392,30.107866],[31.372273,30.108695],[31.372273,30.109232],[31.37233,30.109229]],[[31.374971,30.110613],[31.37496,30.110571],[31.374946,30.110543],[31.374911,30.110507],[31.374873,30.110488],[31.374787,30.110472],[31.374782,30.110408],[31.375177,30.110621],[31.375095,30.11061],[31.375009,30.110608],[31.374971,30.110613]],[[31.372617,30.108827],[31.372675,30.108858],[31.372741,30.108872],[31.372767,30.10887],[31.372757,30.10892],[31.372758,30.108994],[31.372622,30.108946],[31.372528,30.108923],[31.372428,30.108906],[31.37229,30.108895],[31.372563,30.108756],[31.372574,30.108781],[31.372617,30.108827]],[[31.37458,30.107987],[31.37459,30.108025],[31.374549,30.108041],[31.374518,30.108074],[31.374437,30.108055],[31.374357,30.108055],[31.37457,30.107921],[31.37458,30.107987]],[[31.37575,30.108962],[31.375737,30.108978],[31.375729,30.108971],[31.37575,30.108962]],[[31.372648,30.108746],[31.372636,30.108719],[31.374032,30.108018],[31.374338,30.10784],[31.374575,30.107677],[31.37474,30.107553],[31.374588,30.107677],[31.374402,30.107807],[31.374224,30.107915],[31.374036,30.108021],[31.372984,30.108571],[31.372913,30.108624],[31.372857,30.108681],[31.372814,30.108744],[31.372791,30.108794],[31.372748,30.108799],[31.372708,30.108792],[31.372673,30.108773],[31.372648,30.108746]],[[31.376217,30.10857],[31.37626,30.108543],[31.376226,30.108565],[31.376202,30.108582],[31.376217,30.10857]],[[31.376288,30.108421],[31.376216,30.108458],[31.376153,30.108498],[31.375977,30.108641],[31.375865,30.108545],[31.37586,30.108533],[31.375867,30.108523],[31.376158,30.108308],[31.376172,30.108311],[31.376288,30.108421]],[[31.374615,30.108103],[31.374633,30.108131],[31.374586,30.108101],[31.374595,30.108091],[31.374609,30.108086],[31.374611,30.108093],[31.374615,30.108103]],[[31.373129,30.109572],[31.373102,30.109606],[31.372713,30.109411],[31.372738,30.109381],[31.373129,30.109572]],[[31.372997,30.109694],[31.37297,30.109687],[31.372671,30.109529],[31.37266,30.109514],[31.372657,30.109492],[31.372665,30.10947],[31.372683,30.109448],[31.373072,30.109643],[31.373042,30.10968],[31.373024,30.10969],[31.372997,30.109694]],[[31.373943,30.109982],[31.373816,30.110127],[31.3738,30.110141],[31.373782,30.110147],[31.373763,30.110147],[31.373744,30.110138],[31.373681,30.110095],[31.37367,30.110084],[31.373666,30.110062],[31.373674,30.11005],[31.37379,30.109933],[31.373804,30.109912],[31.373943,30.109982]],[[31.373172,30.110418],[31.373162,30.110412],[31.373274,30.110302],[31.373281,30.110308],[31.373172,30.110418]],[[31.37351,30.110074],[31.373315,30.110274],[31.373309,30.110269],[31.37351,30.110074]],[[31.375673,30.110675],[31.375385,30.11052],[31.375547,30.110601],[31.375673,30.110675]]],[[[31.373906,30.110821],[31.373897,30.110802],[31.373875,30.110784],[31.373278,30.110501],[31.37326,30.110498],[31.373244,30.110508],[31.37324,30.110527],[31.373253,30.11054],[31.373844,30.110821],[31.373855,30.110832],[31.373848,30.110847],[31.373844,30.110852],[31.373903,30.110852],[31.373906,30.110821]]],[[[31.372379,30.107804],[31.372273,30.10786],[31.372273,30.107967],[31.372374,30.107914],[31.37255,30.107809],[31.372846,30.107595],[31.372866,30.107605],[31.372902,30.107611],[31.372936,30.107605],[31.372963,30.10759],[31.373457,30.107235],[31.373375,30.107235],[31.372933,30.107553],[31.372916,30.107563],[31.372887,30.107563],[31.37329,30.107235],[31.373138,30.107235],[31.372795,30.107514],[31.372465,30.107751],[31.372281,30.107588],[31.372327,30.107555],[31.372401,30.107622],[31.372424,30.107631],[31.37245,30.107634],[31.372482,30.107627],[31.372688,30.107483],[31.372695,30.107472],[31.372694,30.107458],[31.372677,30.107445],[31.372657,30.107447],[31.372461,30.107585],[31.37245,30.107588],[31.37243,30.107584],[31.372367,30.107526],[31.372576,30.107377],[31.372584,30.107366],[31.372584,30.107355],[31.372569,30.107338],[31.372545,30.10734],[31.372331,30.107493],[31.372273,30.10744],[31.372273,30.107506],[31.372291,30.107522],[31.372273,30.107535],[31.372273,30.107711],[31.372379,30.107804]]],[[[31.372437,30.107273],[31.372443,30.107259],[31.372436,30.107243],[31.372421,30.107236],[31.372402,30.10724],[31.372273,30.107345],[31.372273,30.107407],[31.372437,30.107273]]],[[[31.375749,30.107273],[31.37548,30.107409],[31.37547,30.10742],[31.375469,30.107433],[31.375483,30.107448],[31.375505,30.107448],[31.375759,30.107321],[31.375881,30.107927],[31.375892,30.107953],[31.375911,30.107975],[31.375933,30.107987],[31.375957,30.107994],[31.375995,30.107994],[31.376427,30.107902],[31.376427,30.107809],[31.375982,30.107903],[31.375846,30.107235],[31.37574,30.107235],[31.375749,30.107273]]],[[[31.372346,30.108409],[31.372742,30.108196],[31.373921,30.107603],[31.374223,30.107444],[31.374456,30.107235],[31.374313,30.107235],[31.374163,30.10737],[31.373869,30.107524],[31.372689,30.108118],[31.372293,30.108331],[31.372273,30.10834],[31.372273,30.108441],[31.372346,30.108409]]],[[[31.376425,30.107574],[31.376376,30.107583],[31.376166,30.10764],[31.376151,30.107652],[31.376149,30.107669],[31.376162,30.107682],[31.376179,30.107684],[31.37639,30.107627],[31.376427,30.10762],[31.376427,30.107574],[31.376425,30.107574]]]]}},{"type":"Feature","properties":{},"geometry":{"type":"MultiPolygon","coordinates":[[[[31.372633,30.111786],[31.373057,30.11204],[31.376427,30.113724],[31.376427,30.113561],[31.375232,30.112945],[31.373782,30.112215],[31.373181,30.111895],[31.372508,30.111492],[31.372273,30.111365],[31.372273,30.111609],[31.372633,30.111786]]],[[[31.372644,30.11099],[31.372634,30.11101],[31.372631,30.111028],[31.372635,30.111047],[31.372645,30.111065],[31.372662,30.111079],[31.373362,30.11146],[31.373386,30.111466],[31.373424,30.111463],[31.373446,30.111453],[31.373465,30.111437],[31.373902,30.110856],[31.373903,30.110852],[31.373844,30.110852],[31.373468,30.111351],[31.372852,30.111027],[31.372832,30.111024],[31.372816,30.111034],[31.372813,30.111052],[31.372825,30.111066],[31.373439,30.111389],[31.373423,30.11141],[31.373409,30.111419],[31.373383,30.111418],[31.372736,30.111066],[31.372897,30.110852],[31.372834,30.110852],[31.372692,30.111042],[31.372683,30.111027],[31.372688,30.111014],[31.372812,30.110852],[31.37275,30.110852],[31.372644,30.11099]]],[[[31.374221,30.110937],[31.374202,30.110974],[31.374192,30.111008],[31.374188,30.111045],[31.374191,30.111083],[31.374212,30.111178],[31.373889,30.111612],[31.373854,30.111647],[31.373819,30.111674],[31.373755,30.111708],[31.373711,30.111725],[31.373665,30.111735],[31.373605,30.11174],[31.37237,30.111137],[31.372273,30.111085],[31.372273,30.111358],[31.372489,30.111457],[31.374206,30.112275],[31.375393,30.112813],[31.376399,30.113287],[31.376427,30.113301],[31.376427,30.113095],[31.375911,30.112849],[31.37549,30.112652],[31.37419,30.112061],[31.374108,30.111996],[31.374078,30.111922],[31.374063,30.111814],[31.374068,30.11177],[31.374081,30.11173],[31.374103,30.111686],[31.374752,30.110852],[31.37464,30.110852],[31.374024,30.111644],[31.373992,30.111705],[31.373974,30.111775],[31.373947,30.111774],[31.373919,30.111763],[31.373903,30.111743],[31.373898,30.111721],[31.373966,30.111659],[31.374284,30.11123],[31.374579,30.110852],[31.374466,30.110852],[31.374253,30.111125],[31.37424,30.111046],[31.374243,30.111016],[31.374265,30.110961],[31.374362,30.110852],[31.374296,30.110852],[31.374221,30.110937]],[[31.373858,30.111826],[31.373892,30.111844],[31.373931,30.111854],[31.373974,30.111856],[31.373984,30.111925],[31.373734,30.111803],[31.373815,30.111773],[31.373832,30.1118],[31.373858,30.111826]]],[[[31.375708,30.110902],[31.375793,30.110988],[31.375885,30.111067],[31.375994,30.111145],[31.376105,30.111212],[31.376427,30.111372],[31.376427,30.111289],[31.376151,30.111152],[31.376045,30.111088],[31.375971,30.111035],[31.376427,30.111266],[31.376427,30.110891],[31.376357,30.110852],[31.375614,30.110852],[31.375708,30.110902]]],[[[31.376427,30.110887],[31.376427,30.110852],[31.376359,30.110852],[31.376427,30.110887]]]]}},{"type":"Feature","properties":{},"geometry":{"type":"MultiPolygon","coordinates":[[[[31.372365,30.121316],[31.372273,30.121246],[31.372273,30.121509],[31.372538,30.121705],[31.37289,30.121705],[31.372365,30.121316]]],[[[31.373052,30.121705],[31.373393,30.121705],[31.372273,30.120827],[31.372273,30.121094],[31.373052,30.121705]]],[[[31.373076,30.12133],[31.373549,30.121705],[31.373626,30.121705],[31.373111,30.121296],[31.372273,30.120641],[31.372273,30.120702],[31.373076,30.12133]]],[[[31.375394,30.121695],[31.375356,30.121665],[31.375319,30.121705],[31.375385,30.121705],[31.375394,30.121695]]]]}},{"type":"Feature","properties":{},"geometry":{"type":"MultiPolygon","coordinates":[[[[31.374171,30.122633],[31.373847,30.122382],[31.37298,30.121771],[31.37289,30.121705],[31.372538,30.121705],[31.372849,30.121935],[31.372866,30.121999],[31.372899,30.122071],[31.372944,30.122137],[31.372997,30.122193],[31.37392,30.122926],[31.373492,30.123353],[31.373162,30.123099],[31.37294,30.122951],[31.372273,30.122414],[31.372273,30.122537],[31.37284,30.122993],[31.372821,30.123045],[31.372819,30.123089],[31.372876,30.123461],[31.372704,30.123915],[31.372289,30.123798],[31.372273,30.123793],[31.372273,30.123889],[31.372672,30.124001],[31.372607,30.12417],[31.372273,30.124076],[31.372273,30.124172],[31.372575,30.124256],[31.372409,30.124694],[31.372273,30.124655],[31.372273,30.12475],[31.372376,30.12478],[31.372273,30.125051],[31.372273,30.125322],[31.37228,30.125322],[31.372319,30.125219],[31.372656,30.125322],[31.372969,30.125322],[31.372351,30.125133],[31.372475,30.124808],[31.37352,30.125105],[31.373428,30.125322],[31.373539,30.125322],[31.373635,30.125093],[31.373785,30.124782],[31.374264,30.124954],[31.37409,30.125322],[31.374236,30.125322],[31.374237,30.12532],[31.374244,30.125322],[31.37454,30.125322],[31.374276,30.125237],[31.374979,30.123746],[31.375689,30.124293],[31.375527,30.124635],[31.375374,30.125001],[31.375229,30.125322],[31.37534,30.125322],[31.375444,30.125094],[31.375732,30.125322],[31.375886,30.125322],[31.375484,30.125004],[31.375599,30.124728],[31.376371,30.125322],[31.376427,30.125322],[31.376427,30.125245],[31.375638,30.124638],[31.375771,30.124357],[31.376427,30.12487],[31.376427,30.124712],[31.375802,30.124223],[31.374048,30.122868],[31.373085,30.122101],[31.373702,30.122535],[31.374282,30.12299],[31.376427,30.124688],[31.376427,30.124419],[31.374171,30.122633]],[[31.373997,30.122986],[31.374872,30.123664],[31.374613,30.124213],[31.37357,30.123412],[31.373997,30.122986]],[[31.373792,30.124499],[31.373783,30.124544],[31.373558,30.125021],[31.373112,30.124894],[31.373395,30.124126],[31.373743,30.124403],[31.373776,30.124437],[31.37379,30.124464],[31.373792,30.124499]],[[31.373142,30.123204],[31.373518,30.123493],[31.373014,30.124866],[31.372507,30.124722],[31.372977,30.123483],[31.373111,30.123253],[31.373142,30.123204]],[[31.373866,30.124391],[31.373816,30.124338],[31.37343,30.124032],[31.373603,30.123559],[31.374571,30.124302],[31.374303,30.12487],[31.373824,30.124698],[31.373883,30.124569],[31.373896,30.124504],[31.373892,30.124447],[31.373866,30.124391]],[[31.372998,30.123247],[31.372957,30.123317],[31.372946,30.123245],[31.372984,30.123243],[31.372998,30.123247]],[[31.372923,30.123085],[31.372926,30.123055],[31.373061,30.123145],[31.373047,30.123167],[31.372997,30.123154],[31.372932,30.123155],[31.372923,30.123085]]],[[[31.376427,30.124349],[31.376427,30.124082],[31.373393,30.121705],[31.373052,30.121705],[31.376427,30.124349]]],[[[31.372274,30.123341],[31.372273,30.123336],[31.372273,30.123386],[31.372274,30.123341]]],[[[31.37379,30.121896],[31.374821,30.122697],[31.375151,30.122916],[31.375583,30.123289],[31.37573,30.12341],[31.376427,30.123964],[31.376427,30.123903],[31.375765,30.123377],[31.375559,30.123204],[31.375237,30.122923],[31.37514,30.122849],[31.374855,30.122662],[31.374588,30.122455],[31.375355,30.121738],[31.375385,30.121705],[31.375319,30.121705],[31.375316,30.121707],[31.37455,30.122425],[31.373825,30.121863],[31.373626,30.121705],[31.373549,30.121705],[31.37379,30.121896]]]]}},{"type":"Feature","properties":{},"geometry":{"type":"MultiPolygon","coordinates":[[[[31.373773,30.128742],[31.372601,30.128426],[31.372273,30.128337],[31.372273,30.12846],[31.372492,30.12852],[31.372306,30.12894],[31.372543,30.12894],[31.372463,30.128911],[31.372602,30.128599],[31.373642,30.128921],[31.373633,30.12894],[31.373745,30.12894],[31.373777,30.128867],[31.374032,30.12894],[31.374466,30.12894],[31.373773,30.128742]],[[31.373678,30.12884],[31.37366,30.128879],[31.372621,30.128555],[31.373678,30.12884]]],[[[31.37271,30.128416],[31.373643,30.128692],[31.374539,30.12894],[31.374994,30.12894],[31.374805,30.12889],[31.375256,30.127886],[31.375617,30.128013],[31.375237,30.12894],[31.375434,30.12894],[31.375617,30.128515],[31.375964,30.12865],[31.375831,30.12894],[31.375943,30.12894],[31.376059,30.128686],[31.376427,30.128821],[31.376427,30.128723],[31.376051,30.128585],[31.375653,30.128431],[31.375805,30.128078],[31.376427,30.128297],[31.376427,30.128199],[31.376344,30.12817],[31.376427,30.127983],[31.376427,30.12773],[31.376248,30.128136],[31.375842,30.127994],[31.376128,30.127326],[31.376427,30.127424],[31.376427,30.127327],[31.376164,30.127242],[31.37631,30.126894],[31.376427,30.126931],[31.376427,30.126835],[31.376346,30.126809],[31.376427,30.126619],[31.376427,30.126153],[31.376157,30.126752],[31.37582,30.126653],[31.376153,30.125874],[31.376272,30.125914],[31.376427,30.125974],[31.376427,30.125873],[31.37631,30.12583],[31.375342,30.125505],[31.375268,30.125483],[31.37534,30.125322],[31.375229,30.125322],[31.37517,30.125453],[31.375095,30.125429],[31.375017,30.125416],[31.374959,30.125419],[31.374914,30.125432],[31.374897,30.125432],[31.374841,30.12542],[31.37454,30.125322],[31.374244,30.125322],[31.374743,30.125487],[31.374814,30.125508],[31.374888,30.125523],[31.37493,30.125522],[31.374977,30.125509],[31.37501,30.125507],[31.375066,30.125516],[31.375254,30.125574],[31.375075,30.125962],[31.374076,30.125662],[31.374236,30.125322],[31.37409,30.125322],[31.373949,30.125623],[31.373474,30.125477],[31.373539,30.125322],[31.373428,30.125322],[31.373376,30.125447],[31.372969,30.125322],[31.372656,30.125322],[31.373909,30.125707],[31.373702,30.126146],[31.372655,30.125852],[31.372273,30.125745],[31.372273,30.12584],[31.372574,30.125925],[31.372422,30.126349],[31.372273,30.126307],[31.372273,30.126402],[31.372391,30.126436],[31.372273,30.126763],[31.372273,30.127065],[31.372382,30.126763],[31.373291,30.127017],[31.373158,30.127299],[31.37312,30.12738],[31.372273,30.127141],[31.372273,30.127236],[31.37308,30.127464],[31.372918,30.127809],[31.372273,30.12762],[31.372273,30.127716],[31.372878,30.127893],[31.372692,30.128288],[31.372273,30.128178],[31.372273,30.128301],[31.37271,30.128416]],[[31.372413,30.126676],[31.372673,30.125952],[31.373126,30.12608],[31.372859,30.126801],[31.372413,30.126676]],[[31.373331,30.126933],[31.372958,30.126829],[31.373225,30.126107],[31.373662,30.12623],[31.373526,30.126519],[31.373331,30.126933]],[[31.374657,30.127675],[31.37516,30.127852],[31.374706,30.128863],[31.374248,30.128735],[31.374633,30.127816],[31.374657,30.127675]],[[31.375653,30.127927],[31.374666,30.127581],[31.374672,30.127547],[31.374695,30.127481],[31.37477,30.127313],[31.375769,30.127655],[31.375653,30.127927]],[[31.374806,30.127228],[31.374923,30.126944],[31.375935,30.127279],[31.375806,30.12757],[31.374806,30.127228]],[[31.374959,30.126859],[31.375101,30.126535],[31.376121,30.126837],[31.375971,30.127194],[31.374959,30.126859]],[[31.375722,30.126623],[31.374982,30.126404],[31.375134,30.126075],[31.375863,30.126294],[31.375722,30.126623]],[[31.375173,30.125991],[31.375352,30.125605],[31.376056,30.125842],[31.375899,30.126209],[31.375173,30.125991]],[[31.374172,30.127705],[31.374517,30.127827],[31.374149,30.128707],[31.37374,30.128595],[31.374172,30.127705]],[[31.373308,30.128468],[31.373752,30.127557],[31.374076,30.127671],[31.373641,30.128567],[31.373308,30.128468]],[[31.373209,30.128439],[31.37282,30.128325],[31.373264,30.127385],[31.373656,30.127523],[31.373209,30.128439]],[[31.373457,30.126974],[31.374086,30.127196],[31.373944,30.127527],[31.373303,30.127301],[31.373457,30.126974]],[[31.374123,30.127112],[31.373496,30.126891],[31.373631,30.126605],[31.37425,30.126816],[31.374123,30.127112]],[[31.374692,30.127238],[31.374598,30.127449],[31.374571,30.127524],[31.374557,30.127606],[31.374543,30.127739],[31.37404,30.127561],[31.374552,30.126373],[31.375003,30.126506],[31.374843,30.126869],[31.374692,30.127238]],[[31.37384,30.126162],[31.374453,30.126344],[31.374287,30.126731],[31.373671,30.126521],[31.37384,30.126162]],[[31.374037,30.125745],[31.375036,30.126046],[31.374883,30.126375],[31.37388,30.126078],[31.374037,30.125745]]],[[[31.37228,30.125322],[31.372273,30.125322],[31.372273,30.125339],[31.37228,30.125322]]],[[[31.376383,30.12894],[31.376427,30.12894],[31.376427,30.128844],[31.376383,30.12894]]],[[[31.376427,30.125872],[31.376427,30.125751],[31.375886,30.125322],[31.375732,30.125322],[31.376427,30.125872]]],[[[31.376427,30.125365],[31.376427,30.125322],[31.376371,30.125322],[31.376427,30.125365]]]]}},{"type":"Feature","properties":{},"geometry":{"type":"MultiPolygon","coordinates":[[[[31.376427,30.132137],[31.376427,30.131899],[31.376215,30.131822],[31.375192,30.131471],[31.375392,30.131003],[31.375843,30.130038],[31.375854,30.12997],[31.375838,30.129922],[31.375812,30.129885],[31.375759,30.129851],[31.373619,30.129224],[31.373745,30.12894],[31.373633,30.12894],[31.373298,30.129698],[31.372712,30.1295],[31.372273,30.129346],[31.372273,30.129444],[31.372628,30.129568],[31.372478,30.129952],[31.372474,30.129994],[31.372485,30.130029],[31.372495,30.130045],[31.372528,30.130075],[31.372565,30.130092],[31.373146,30.130291],[31.374519,30.130742],[31.375278,30.131012],[31.375095,30.131439],[31.374886,30.13137],[31.374134,30.131099],[31.372273,30.130466],[31.372273,30.13066],[31.374057,30.131267],[31.374825,30.131543],[31.374825,30.131549],[31.374821,30.131553],[31.374808,30.131549],[31.373207,30.130998],[31.372537,30.130759],[31.372273,30.130668],[31.372273,30.130697],[31.376427,30.132137]],[[31.374905,30.13157],[31.374916,30.131573],[31.374911,30.131583],[31.374901,30.131579],[31.374905,30.13157]],[[31.376138,30.13199],[31.376391,30.132082],[31.374988,30.131609],[31.374994,30.131599],[31.375013,30.131605],[31.376138,30.13199]],[[31.374906,30.130352],[31.374956,30.130348],[31.374995,30.130329],[31.375024,30.130294],[31.375277,30.129803],[31.375713,30.129932],[31.375734,30.129947],[31.375744,30.129959],[31.375749,30.129976],[31.375744,30.13001],[31.375315,30.130928],[31.374604,30.130675],[31.374766,30.130312],[31.374857,30.130343],[31.374906,30.130352]],[[31.374937,30.130245],[31.374924,30.130261],[31.374912,30.130261],[31.374887,30.130257],[31.373395,30.129731],[31.373582,30.129308],[31.375178,30.129774],[31.374937,30.130245]],[[31.374669,30.130278],[31.374508,30.130642],[31.373183,30.130207],[31.372606,30.130008],[31.372589,30.130001],[31.372578,30.129984],[31.37258,30.129971],[31.372725,30.129601],[31.373309,30.129798],[31.374669,30.130278]]],[[[31.3756,30.129264],[31.374466,30.12894],[31.374032,30.12894],[31.375556,30.129375],[31.376427,30.129634],[31.376427,30.129509],[31.3756,30.129264]]],[[[31.37471,30.128987],[31.375219,30.129123],[31.375426,30.129185],[31.376427,30.129466],[31.376427,30.129341],[31.376324,30.129313],[31.376427,30.129088],[31.376427,30.12894],[31.376383,30.12894],[31.376225,30.129285],[31.375835,30.129176],[31.375943,30.12894],[31.375831,30.12894],[31.375736,30.129148],[31.375387,30.129049],[31.375434,30.12894],[31.375237,30.12894],[31.375214,30.128998],[31.374994,30.12894],[31.374539,30.12894],[31.37471,30.128987]]],[[[31.372304,30.128945],[31.372273,30.129008],[31.372273,30.129313],[31.372418,30.129011],[31.372524,30.12905],[31.37267,30.129091],[31.3727,30.129091],[31.37261,30.129336],[31.372577,30.129349],[31.372556,30.129348],[31.372431,30.129307],[31.372417,30.129312],[31.372409,30.129323],[31.372409,30.129336],[31.372417,30.129347],[31.372548,30.129392],[31.372581,30.129394],[31.372615,30.129387],[31.372649,30.129367],[31.372657,30.129357],[31.37275,30.129103],[31.37314,30.129218],[31.373159,30.129215],[31.373171,30.129201],[31.373169,30.129186],[31.373156,30.129175],[31.372732,30.12905],[31.372702,30.129011],[31.372656,30.128981],[31.372543,30.12894],[31.372306,30.12894],[31.372304,30.128945]],[[31.372438,30.128969],[31.372445,30.128953],[31.37263,30.129021],[31.372664,30.129043],[31.372542,30.129008],[31.372438,30.128969]]],[[[31.376092,30.130384],[31.376059,30.13038],[31.376025,30.130384],[31.375996,30.130395],[31.375969,30.130413],[31.375951,30.130435],[31.375836,30.130686],[31.375823,30.130718],[31.375823,30.130755],[31.375838,30.130789],[31.375869,30.13082],[31.375903,30.130835],[31.376394,30.130988],[31.376423,30.130989],[31.376427,30.130988],[31.376427,30.130941],[31.376403,30.130943],[31.375922,30.130794],[31.375899,30.130782],[31.375883,30.130766],[31.375875,30.130746],[31.375875,30.130725],[31.375915,30.130636],[31.376427,30.130789],[31.376427,30.130741],[31.375934,30.130594],[31.375953,30.130552],[31.376427,30.130674],[31.376427,30.130628],[31.375973,30.130509],[31.375987,30.130477],[31.375996,30.130458],[31.376023,30.130434],[31.376059,30.130425],[31.376077,30.130427],[31.376427,30.13054],[31.376427,30.130493],[31.376092,30.130384]]]]}},{"type":"Feature","properties":{},"geometry":{"type":"MultiPolygon","coordinates":[[[[31.380276,30.081077],[31.37984,30.081368],[31.379908,30.081269],[31.380001,30.081116],[31.380085,30.080959],[31.380159,30.080802],[31.380226,30.080639],[31.380283,30.080473],[31.380383,30.080124],[31.380415,30.080054],[31.380447,30.08],[31.380293,30.080003],[31.380254,30.080089],[31.380153,30.080441],[31.380087,30.080627],[31.380076,30.080553],[31.380072,30.08048],[31.380074,30.080363],[31.380063,30.080321],[31.380043,30.080281],[31.380012,30.080244],[31.379979,30.080216],[31.37994,30.080194],[31.379894,30.080178],[31.379842,30.080169],[31.379789,30.080171],[31.379744,30.080179],[31.379701,30.080195],[31.37966,30.080219],[31.379623,30.080252],[31.379561,30.080342],[31.379521,30.080391],[31.379473,30.080437],[31.379566,30.08],[31.379428,30.08],[31.379302,30.080597],[31.379101,30.081595],[31.379066,30.081728],[31.379021,30.081859],[31.378999,30.081913],[31.379143,30.081913],[31.37915,30.081894],[31.379196,30.08176],[31.379233,30.081621],[31.379382,30.080879],[31.379385,30.080986],[31.37938,30.081096],[31.379389,30.081138],[31.379408,30.081174],[31.379434,30.081206],[31.379467,30.081233],[31.379506,30.081253],[31.379549,30.081266],[31.379594,30.08127],[31.379639,30.081267],[31.379686,30.081254],[31.379722,30.081237],[31.379757,30.081211],[31.379864,30.08109],[31.379789,30.081213],[31.379691,30.081357],[31.379585,30.081497],[31.379413,30.081707],[31.379267,30.081913],[31.379425,30.081913],[31.37946,30.081864],[31.379469,30.081889],[31.379479,30.081913],[31.379589,30.081913],[31.379533,30.081763],[31.379761,30.081479],[31.380307,30.081114],[31.38058,30.080954],[31.38058,30.0809],[31.380276,30.081077]],[[31.379523,30.080482],[31.379576,30.080432],[31.379622,30.080378],[31.37968,30.080292],[31.379704,30.08027],[31.379734,30.080252],[31.379766,30.08024],[31.379801,30.080233],[31.379836,30.080233],[31.379871,30.080238],[31.379904,30.080249],[31.379934,30.080266],[31.379959,30.080287],[31.37998,30.080312],[31.379994,30.08034],[31.380001,30.08037],[31.379999,30.080481],[31.380003,30.08056],[31.380016,30.080639],[31.380043,30.080736],[31.379945,30.080944],[31.379878,30.080989],[31.379818,30.081039],[31.379767,30.081091],[31.379704,30.081167],[31.379681,30.081184],[31.379625,30.081205],[31.379595,30.081207],[31.379565,30.081204],[31.379511,30.081182],[31.379488,30.081164],[31.379471,30.081143],[31.379459,30.081119],[31.379453,30.081093],[31.379457,30.080908],[31.379441,30.080754],[31.379424,30.080672],[31.379452,30.080534],[31.379467,30.080525],[31.379523,30.080482]]],[[[31.378351,30.081779],[31.378895,30.08187],[31.378929,30.081862],[31.378949,30.081837],[31.378947,30.081807],[31.378924,30.081785],[31.378786,30.08176],[31.378886,30.081282],[31.378944,30.081294],[31.378964,30.081292],[31.378986,30.081282],[31.379001,30.081259],[31.378999,30.081233],[31.378981,30.081212],[31.378905,30.081193],[31.379001,30.080735],[31.379106,30.080752],[31.379126,30.080752],[31.379145,30.080745],[31.379159,30.080732],[31.379166,30.080716],[31.379166,30.080698],[31.379155,30.080678],[31.379129,30.080664],[31.378599,30.080579],[31.378628,30.080438],[31.379029,30.080507],[31.379054,30.080504],[31.379077,30.080487],[31.379085,30.080467],[31.379083,30.080449],[31.37907,30.08043],[31.379054,30.080421],[31.378647,30.080349],[31.378676,30.08021],[31.378949,30.080255],[31.378973,30.080255],[31.379001,30.080249],[31.379035,30.080231],[31.379055,30.080207],[31.379061,30.080193],[31.379097,30.08004],[31.379089,30.08],[31.378785,30.08],[31.378993,30.080036],[31.378961,30.080165],[31.378694,30.080121],[31.378719,30.08],[31.378613,30.08],[31.378565,30.080234],[31.378146,30.080165],[31.378184,30.08],[31.377654,30.08],[31.377678,30.080019],[31.377711,30.080032],[31.378058,30.080089],[31.378021,30.080249],[31.377427,30.080148],[31.377458,30.08],[31.377352,30.08],[31.377308,30.080213],[31.377029,30.080175],[31.377008,30.080181],[31.377,30.080192],[31.377,30.080203],[31.377007,30.080214],[31.377018,30.080219],[31.377299,30.080258],[31.377276,30.080367],[31.376996,30.080328],[31.37698,30.080333],[31.376969,30.080347],[31.376974,30.080364],[31.376988,30.080373],[31.377267,30.080412],[31.377115,30.081145],[31.376829,30.081105],[31.376813,30.081109],[31.376802,30.081124],[31.376807,30.081141],[31.376821,30.081149],[31.377106,30.081189],[31.377086,30.081285],[31.376809,30.081247],[31.376792,30.081252],[31.376782,30.081266],[31.376787,30.081283],[31.376801,30.081292],[31.377077,30.08133],[31.376992,30.081739],[31.376427,30.081649],[31.376427,30.081741],[31.377503,30.081913],[31.378078,30.081913],[31.377094,30.081756],[31.377246,30.081021],[31.377417,30.081053],[31.377328,30.081486],[31.377223,30.081469],[31.377198,30.081471],[31.377177,30.081482],[31.377166,30.081497],[31.377162,30.081514],[31.377169,30.081536],[31.377186,30.081552],[31.377205,30.081558],[31.377701,30.081636],[31.377689,30.081685],[31.377691,30.081703],[31.377708,30.081724],[31.377731,30.081734],[31.377751,30.081734],[31.37777,30.081727],[31.377791,30.081703],[31.377923,30.081132],[31.378366,30.0812],[31.378218,30.081913],[31.378324,30.081913],[31.378351,30.081779]],[[31.377386,30.080425],[31.377406,30.080438],[31.37754,30.080461],[31.377436,30.080964],[31.377265,30.080932],[31.377374,30.080403],[31.377376,30.08041],[31.377386,30.080425]],[[31.377558,30.081521],[31.377608,30.081279],[31.377777,30.081306],[31.377721,30.081547],[31.377558,30.081521]],[[31.377821,30.081116],[31.377797,30.081217],[31.377499,30.08117],[31.377519,30.08107],[31.377821,30.081116]],[[31.377538,30.080981],[31.377569,30.080829],[31.377876,30.080877],[31.377841,30.081028],[31.377538,30.080981]],[[31.377715,30.08076],[31.37777,30.080499],[31.377956,30.080529],[31.377896,30.080789],[31.377715,30.08076]],[[31.377405,30.080355],[31.37738,30.080374],[31.377409,30.080237],[31.378,30.080338],[31.377977,30.080441],[31.377435,30.080352],[31.377405,30.080355]],[[31.37743,30.081501],[31.37748,30.081259],[31.377505,30.081263],[31.377456,30.081505],[31.37743,30.081501]],[[31.377587,30.08074],[31.377642,30.080477],[31.377667,30.080482],[31.377613,30.080744],[31.377587,30.08074]],[[31.377943,30.081043],[31.378102,30.080355],[31.378526,30.080421],[31.378384,30.081111],[31.377943,30.081043]],[[31.378545,30.080332],[31.378123,30.080266],[31.378126,30.080254],[31.378547,30.080323],[31.378545,30.080332]],[[31.378613,30.081456],[31.378558,30.081722],[31.37837,30.08169],[31.378424,30.081427],[31.378613,30.081456]],[[31.37874,30.081476],[31.378684,30.081743],[31.37866,30.081739],[31.378715,30.081472],[31.37874,30.081476]],[[31.378468,30.081216],[31.378784,30.081264],[31.378758,30.081387],[31.378443,30.081338],[31.378468,30.081216]],[[31.37883,30.081046],[31.378803,30.081175],[31.378486,30.081127],[31.378513,30.080997],[31.378754,30.081034],[31.37883,30.081046]],[[31.378899,30.080719],[31.378849,30.080957],[31.378823,30.080953],[31.378872,30.080715],[31.378899,30.080719]],[[31.378581,30.080668],[31.37877,30.080699],[31.378721,30.080937],[31.378531,30.080908],[31.378581,30.080668]]],[[[31.376429,30.080365],[31.376439,30.080352],[31.376436,30.080337],[31.376427,30.08033],[31.376427,30.080366],[31.376429,30.080365]]],[[[31.376445,30.08016],[31.376463,30.080155],[31.376472,30.080141],[31.37647,30.080126],[31.376454,30.080116],[31.376427,30.080111],[31.376427,30.080157],[31.376445,30.08016]]],[[[31.376617,30.081913],[31.377226,30.081913],[31.376982,30.081875],[31.376427,30.081793],[31.376427,30.081885],[31.376617,30.081913]]],[[[31.379794,30.081834],[31.37976,30.081836],[31.379731,30.081844],[31.379702,30.08187],[31.379694,30.081897],[31.379698,30.081913],[31.37975,30.081913],[31.379748,30.081909],[31.379749,30.08189],[31.379755,30.081885],[31.379787,30.081879],[31.379968,30.081913],[31.380221,30.081913],[31.379794,30.081834]]]]}},{"type":"Feature","properties":{},"geometry":{"type":"MultiPolygon","coordinates":[[[[31.378953,30.082019],[31.37889,30.082026],[31.378837,30.082028],[31.378783,30.082024],[31.378316,30.08195],[31.378324,30.081913],[31.378218,30.081913],[31.378214,30.081934],[31.378078,30.081913],[31.377503,30.081913],[31.378664,30.082097],[31.378663,30.082125],[31.378655,30.082137],[31.37864,30.082147],[31.378562,30.082128],[31.377744,30.081993],[31.377226,30.081913],[31.376617,30.081913],[31.376964,30.081964],[31.377725,30.082082],[31.378539,30.082216],[31.378589,30.082226],[31.378679,30.082262],[31.378714,30.082283],[31.378776,30.082338],[31.378343,30.083039],[31.378258,30.083192],[31.37818,30.083348],[31.378109,30.083504],[31.378043,30.083664],[31.377983,30.083827],[31.377693,30.084672],[31.377386,30.08553],[31.377527,30.08553],[31.377822,30.084707],[31.378112,30.083861],[31.37817,30.083703],[31.378235,30.083547],[31.378305,30.083392],[31.378382,30.08324],[31.378464,30.08309],[31.378552,30.082943],[31.378647,30.082796],[31.378959,30.082289],[31.379032,30.082159],[31.379095,30.082028],[31.379143,30.081913],[31.378999,30.081913],[31.378953,30.082019]],[[31.37874,30.082189],[31.378762,30.082154],[31.37877,30.082114],[31.378837,30.082118],[31.378906,30.082116],[31.378828,30.082252],[31.378776,30.082211],[31.37874,30.082189]]],[[[31.377826,30.085435],[31.377996,30.085467],[31.377974,30.08553],[31.378028,30.08553],[31.378047,30.085478],[31.378133,30.085497],[31.378278,30.08553],[31.378525,30.08553],[31.378542,30.085471],[31.378804,30.08553],[31.379011,30.08553],[31.37803,30.085308],[31.377881,30.085276],[31.377894,30.085237],[31.378056,30.085267],[31.378082,30.085256],[31.378097,30.085236],[31.378161,30.085041],[31.378166,30.085008],[31.378153,30.084977],[31.378126,30.08496],[31.378001,30.084929],[31.378039,30.084824],[31.379672,30.085216],[31.379571,30.08553],[31.379625,30.08553],[31.379723,30.085228],[31.380363,30.085375],[31.380378,30.085381],[31.380385,30.085388],[31.380387,30.085398],[31.38038,30.085414],[31.380338,30.08553],[31.380393,30.08553],[31.380439,30.085406],[31.380434,30.085371],[31.380413,30.085346],[31.380378,30.085332],[31.379711,30.085178],[31.378054,30.084781],[31.378062,30.08476],[31.378465,30.084848],[31.378867,30.084922],[31.379956,30.085178],[31.379968,30.085173],[31.379976,30.085162],[31.37997,30.085141],[31.37996,30.085134],[31.379899,30.08512],[31.379941,30.084978],[31.380092,30.085015],[31.380137,30.085014],[31.380174,30.085005],[31.380207,30.084987],[31.380234,30.084963],[31.380252,30.084935],[31.380473,30.084279],[31.380473,30.084266],[31.380462,30.084254],[31.380448,30.08425],[31.380433,30.084254],[31.380424,30.084264],[31.380236,30.084822],[31.379377,30.084617],[31.379355,30.084616],[31.379329,30.084624],[31.37931,30.084641],[31.379269,30.084759],[31.378995,30.084689],[31.378976,30.084685],[31.378956,30.084687],[31.37893,30.084698],[31.378912,30.084717],[31.378855,30.084874],[31.378664,30.084839],[31.378738,30.084617],[31.378741,30.084584],[31.378728,30.084474],[31.379058,30.084553],[31.379092,30.084551],[31.379111,30.084542],[31.379127,30.084526],[31.379278,30.084039],[31.379278,30.084028],[31.379268,30.084006],[31.379244,30.083988],[31.378916,30.083902],[31.378941,30.083828],[31.379907,30.08408],[31.379947,30.084152],[31.379973,30.084183],[31.380005,30.084208],[31.380044,30.084228],[31.380155,30.084258],[31.380201,30.084259],[31.380274,30.084245],[31.380312,30.084229],[31.380363,30.084197],[31.38058,30.08425],[31.38058,30.084125],[31.380553,30.084199],[31.380087,30.084079],[31.379943,30.083914],[31.379931,30.083907],[31.379916,30.083906],[31.379903,30.083913],[31.379897,30.083925],[31.379898,30.083936],[31.380003,30.084057],[31.378976,30.083791],[31.378958,30.083786],[31.378949,30.083778],[31.378946,30.083767],[31.378949,30.083752],[31.379084,30.083375],[31.379397,30.08348],[31.379466,30.083496],[31.379535,30.083495],[31.379578,30.083481],[31.379618,30.083457],[31.379651,30.083426],[31.379749,30.083206],[31.379757,30.083165],[31.379746,30.083128],[31.379718,30.083096],[31.379582,30.083039],[31.379773,30.082527],[31.37995,30.08273],[31.379985,30.08276],[31.380022,30.082777],[31.380514,30.082917],[31.380475,30.082924],[31.380312,30.082919],[31.380293,30.082928],[31.38029,30.082949],[31.380308,30.082964],[31.380477,30.082969],[31.38054,30.082958],[31.38058,30.082938],[31.38058,30.082888],[31.38004,30.082735],[31.380013,30.082722],[31.37999,30.082701],[31.37975,30.082428],[31.380106,30.082492],[31.38008,30.082609],[31.380084,30.082639],[31.380106,30.082668],[31.380134,30.082682],[31.38058,30.082797],[31.38058,30.082748],[31.380152,30.08264],[31.380133,30.082624],[31.380132,30.082611],[31.380156,30.082502],[31.38058,30.082579],[31.38058,30.082533],[31.379698,30.082372],[31.37966,30.082338],[31.379629,30.082328],[31.37925,30.082163],[31.379256,30.082153],[31.379552,30.082221],[31.38058,30.082425],[31.38058,30.082332],[31.379628,30.082143],[31.379659,30.082109],[31.379692,30.082123],[31.379799,30.082153],[31.380085,30.0822],[31.38058,30.082289],[31.38058,30.082196],[31.380106,30.082112],[31.379821,30.082064],[31.379728,30.082039],[31.379683,30.082017],[31.379615,30.08195],[31.37959,30.081914],[31.379589,30.081913],[31.379479,30.081913],[31.379498,30.081957],[31.37953,30.082002],[31.379578,30.082051],[31.379545,30.082085],[31.379525,30.082121],[31.379312,30.082073],[31.379425,30.081913],[31.379267,30.081913],[31.379157,30.082066],[31.379118,30.082128],[31.378589,30.083026],[31.378475,30.083254],[31.378391,30.083442],[31.378312,30.083632],[31.378211,30.083896],[31.37794,30.084707],[31.377702,30.085384],[31.377654,30.08553],[31.377795,30.08553],[31.377826,30.085435]],[[31.37912,30.083144],[31.379106,30.083174],[31.378725,30.083053],[31.378741,30.083026],[31.37912,30.083144]],[[31.379417,30.082285],[31.379027,30.082997],[31.379026,30.083014],[31.379039,30.083027],[31.379059,30.083028],[31.379074,30.083016],[31.379463,30.082305],[31.379563,30.082349],[31.379546,30.082366],[31.379141,30.083102],[31.378765,30.082986],[31.379226,30.082203],[31.379417,30.082285]],[[31.378104,30.085409],[31.378102,30.085443],[31.377841,30.085391],[31.377866,30.085319],[31.378121,30.085376],[31.378104,30.085409]],[[31.378472,30.085527],[31.37816,30.085456],[31.378154,30.085442],[31.378155,30.085419],[31.378166,30.085399],[31.378178,30.085389],[31.378492,30.08546],[31.378472,30.085527]],[[31.37979,30.084939],[31.379891,30.084965],[31.379848,30.085108],[31.379742,30.085083],[31.37979,30.084939]],[[31.379626,30.084897],[31.37974,30.084926],[31.379692,30.085071],[31.379579,30.085044],[31.379626,30.084897]],[[31.379466,30.084856],[31.379576,30.084885],[31.379529,30.085032],[31.379416,30.085006],[31.379466,30.084856]],[[31.379305,30.084815],[31.379416,30.084844],[31.379366,30.084994],[31.379258,30.084968],[31.379305,30.084815]],[[31.379145,30.084775],[31.379255,30.084803],[31.379208,30.084956],[31.379097,30.08493],[31.379145,30.084775]],[[31.378973,30.084731],[31.379095,30.084762],[31.379047,30.084918],[31.378906,30.084885],[31.378963,30.084734],[31.378973,30.084731]],[[31.378676,30.084469],[31.378676,30.084499],[31.378687,30.084562],[31.378687,30.084608],[31.378613,30.084829],[31.378446,30.084797],[31.378976,30.08324],[31.378974,30.083223],[31.378956,30.083212],[31.378937,30.083215],[31.378927,30.083228],[31.378395,30.084786],[31.378077,30.084717],[31.37834,30.08393],[31.37844,30.08367],[31.3786,30.0833],[31.378702,30.083094],[31.379088,30.083217],[31.378899,30.08374],[31.378893,30.083768],[31.378899,30.08379],[31.378685,30.08444],[31.378676,30.084469]],[[31.379183,30.084174],[31.379152,30.084274],[31.378822,30.084188],[31.378855,30.084089],[31.379183,30.084174]],[[31.379109,30.084415],[31.378774,30.084333],[31.378808,30.084231],[31.379139,30.084317],[31.379109,30.084415]],[[31.379074,30.084509],[31.379066,30.084509],[31.378742,30.084431],[31.37876,30.084377],[31.379095,30.084459],[31.379082,30.084502],[31.379074,30.084509]],[[31.379226,30.084035],[31.379197,30.084131],[31.378869,30.084045],[31.378902,30.083946],[31.379221,30.084029],[31.379226,30.084035]],[[31.377986,30.084973],[31.378102,30.085],[31.37811,30.085005],[31.378113,30.085013],[31.378111,30.08503],[31.378047,30.085221],[31.377909,30.085193],[31.377986,30.084973]],[[31.380064,30.084186],[31.380036,30.084172],[31.380012,30.084152],[31.379992,30.084129],[31.379974,30.084097],[31.3803,30.084181],[31.380257,30.084202],[31.380227,30.08421],[31.380166,30.084213],[31.380064,30.084186]],[[31.379518,30.083065],[31.37939,30.083429],[31.379099,30.083332],[31.379145,30.08321],[31.379178,30.083139],[31.379263,30.08298],[31.379518,30.083065]],[[31.379566,30.083083],[31.379684,30.083131],[31.379699,30.083148],[31.379705,30.083168],[31.3797,30.083192],[31.379606,30.083402],[31.379584,30.083423],[31.379556,30.08344],[31.379525,30.08345],[31.379471,30.08345],[31.379439,30.083443],[31.379566,30.083083]],[[31.379604,30.082377],[31.379619,30.082373],[31.379633,30.082377],[31.379735,30.082484],[31.379534,30.083022],[31.379285,30.082939],[31.37959,30.082389],[31.379604,30.082377]],[[31.380221,30.084865],[31.380204,30.084917],[31.380191,30.084936],[31.380174,30.084952],[31.380152,30.084963],[31.380127,30.084969],[31.380101,30.08497],[31.37948,30.084813],[31.379519,30.084698],[31.380221,30.084865]],[[31.379357,30.084662],[31.379366,30.084662],[31.379468,30.084686],[31.37943,30.0848],[31.379319,30.084772],[31.379353,30.08467],[31.379357,30.084662]]],[[[31.380221,30.081913],[31.379968,30.081913],[31.38058,30.082024],[31.38058,30.081978],[31.380221,30.081913]]],[[[31.379706,30.081941],[31.379718,30.081956],[31.379772,30.081994],[31.38058,30.082144],[31.38058,30.082098],[31.379792,30.081952],[31.379755,30.081924],[31.37975,30.081913],[31.379698,30.081913],[31.379706,30.081941]]],[[[31.379288,30.085513],[31.379247,30.085513],[31.379204,30.085524],[31.379194,30.08553],[31.379363,30.08553],[31.379288,30.085513]]]]}},{"type":"Feature","properties":{},"geometry":{"type":"MultiPolygon","coordinates":[[[[31.376981,30.089122],[31.377122,30.088458],[31.377312,30.087732],[31.377676,30.08781],[31.377357,30.089148],[31.37755,30.089148],[31.37758,30.089014],[31.377613,30.089019],[31.377629,30.089031],[31.377632,30.089042],[31.377649,30.089148],[31.3777,30.089148],[31.377683,30.089034],[31.377676,30.089013],[31.377658,30.08899],[31.377635,30.088978],[31.37759,30.08897],[31.377616,30.088853],[31.377636,30.088805],[31.377659,30.088768],[31.377757,30.089148],[31.377863,30.089148],[31.377852,30.089105],[31.379673,30.088755],[31.379753,30.089086],[31.379446,30.089148],[31.379912,30.089148],[31.380479,30.089035],[31.380508,30.089036],[31.380534,30.089049],[31.380551,30.089074],[31.380572,30.089148],[31.38058,30.089148],[31.38058,30.088966],[31.38057,30.08896],[31.380536,30.088948],[31.3805,30.088943],[31.38046,30.088946],[31.379854,30.089066],[31.379774,30.088736],[31.38058,30.088581],[31.38058,30.088489],[31.379753,30.088647],[31.379672,30.088312],[31.3803,30.088189],[31.380344,30.088168],[31.380366,30.088147],[31.380383,30.088122],[31.380395,30.088079],[31.380393,30.088049],[31.38034,30.087826],[31.380324,30.087789],[31.380293,30.087757],[31.380262,30.087739],[31.380231,30.087729],[31.380185,30.087726],[31.379556,30.087849],[31.379474,30.08752],[31.379996,30.087413],[31.380124,30.087391],[31.380168,30.08739],[31.380213,30.087393],[31.380268,30.087404],[31.38032,30.087423],[31.380534,30.087524],[31.380568,30.087556],[31.380577,30.087574],[31.38058,30.087583],[31.38058,30.087444],[31.380513,30.087412],[31.380522,30.087402],[31.38058,30.087428],[31.38058,30.087378],[31.380004,30.087115],[31.379972,30.087109],[31.379937,30.08712],[31.379919,30.087138],[31.379912,30.087157],[31.379912,30.087174],[31.379949,30.08733],[31.379452,30.087432],[31.379348,30.087012],[31.379362,30.086975],[31.379387,30.086938],[31.379425,30.086904],[31.37947,30.086876],[31.37952,30.086856],[31.379617,30.086836],[31.379809,30.086894],[31.380016,30.086965],[31.380219,30.087043],[31.380419,30.087128],[31.38058,30.087204],[31.38058,30.08707],[31.380481,30.087024],[31.380275,30.086936],[31.380067,30.086856],[31.379855,30.086783],[31.377934,30.086212],[31.377767,30.086172],[31.37759,30.086151],[31.377619,30.08606],[31.379638,30.086669],[31.379852,30.086733],[31.380063,30.086804],[31.38027,30.086883],[31.380474,30.086968],[31.38058,30.087018],[31.38058,30.086884],[31.380536,30.086864],[31.380328,30.086777],[31.380116,30.086696],[31.3799,30.086623],[31.377657,30.085947],[31.377795,30.08553],[31.377654,30.08553],[31.377438,30.086189],[31.377125,30.087228],[31.37692,30.087968],[31.376793,30.088479],[31.376756,30.088493],[31.376708,30.088496],[31.376662,30.088485],[31.376626,30.088464],[31.37668,30.088176],[31.376734,30.087929],[31.376794,30.087683],[31.376862,30.087439],[31.376935,30.087197],[31.377016,30.086956],[31.377527,30.08553],[31.377386,30.08553],[31.376887,30.086921],[31.376805,30.087166],[31.376731,30.087411],[31.376663,30.087656],[31.376602,30.087905],[31.376438,30.088703],[31.376427,30.088774],[31.376427,30.089148],[31.376502,30.089148],[31.376571,30.088721],[31.376577,30.088694],[31.3766,30.088682],[31.376641,30.088673],[31.376683,30.088674],[31.376723,30.088685],[31.376751,30.088702],[31.37665,30.089148],[31.376787,30.089148],[31.376882,30.08873],[31.37693,30.088478],[31.377119,30.087748],[31.377256,30.087257],[31.377366,30.086892],[31.37739,30.08696],[31.377398,30.087038],[31.377385,30.087123],[31.377223,30.087666],[31.37702,30.088441],[31.376878,30.089106],[31.37687,30.089148],[31.376976,30.089148],[31.376981,30.089122]],[[31.377561,30.088736],[31.377604,30.088555],[31.37763,30.088654],[31.377573,30.088718],[31.377561,30.088736]],[[31.37789,30.087829],[31.377964,30.087824],[31.378045,30.087812],[31.379373,30.087541],[31.379455,30.087869],[31.378847,30.08799],[31.378813,30.088002],[31.378772,30.088028],[31.378746,30.08806],[31.378734,30.088086],[31.378728,30.088116],[31.378732,30.088154],[31.378789,30.088366],[31.378803,30.088391],[31.378829,30.088416],[31.37886,30.088435],[31.378894,30.088447],[31.37895,30.08845],[31.379571,30.088332],[31.379652,30.088667],[31.378778,30.088835],[31.378755,30.088742],[31.378847,30.088723],[31.378859,30.088704],[31.378854,30.088692],[31.378845,30.088684],[31.378827,30.088682],[31.378562,30.088731],[31.378548,30.088739],[31.378542,30.088753],[31.378548,30.088768],[31.378563,30.088775],[31.378704,30.088751],[31.378728,30.088844],[31.37783,30.089017],[31.377691,30.088483],[31.377669,30.08843],[31.377644,30.088386],[31.377778,30.087825],[31.37781,30.087828],[31.37789,30.087829]],[[31.378552,30.0875],[31.378555,30.087485],[31.378547,30.087471],[31.378529,30.087465],[31.378248,30.08752],[31.378237,30.087529],[31.378233,30.087544],[31.378239,30.087556],[31.378254,30.087563],[31.378391,30.087538],[31.378417,30.087643],[31.378023,30.087723],[31.377953,30.087734],[31.377884,30.087738],[31.377815,30.087737],[31.377746,30.08773],[31.377337,30.087644],[31.377486,30.087145],[31.377496,30.087094],[31.377502,30.087037],[31.377491,30.086941],[31.377479,30.086898],[31.377412,30.086738],[31.377554,30.086266],[31.377665,30.086276],[31.377817,30.086304],[31.379047,30.086666],[31.379061,30.08667],[31.379117,30.086733],[31.379151,30.086784],[31.379178,30.086837],[31.379228,30.086977],[31.378286,30.087167],[31.378088,30.087186],[31.377788,30.087197],[31.377765,30.087205],[31.377747,30.087226],[31.377744,30.087248],[31.377751,30.087265],[31.377769,30.087281],[31.377788,30.087287],[31.378094,30.087276],[31.3782,30.087268],[31.378305,30.087256],[31.378407,30.087238],[31.379254,30.087064],[31.379351,30.087452],[31.378468,30.087632],[31.378441,30.087528],[31.378535,30.08751],[31.378552,30.0875]],[[31.376703,30.08856],[31.376779,30.088553],[31.376764,30.088633],[31.376694,30.088611],[31.376634,30.088609],[31.376593,30.088618],[31.376611,30.088532],[31.376637,30.088545],[31.376703,30.08856]],[[31.380233,30.087304],[31.380168,30.087299],[31.380112,30.087301],[31.38,30.08732],[31.379965,30.087161],[31.379975,30.087155],[31.379983,30.087156],[31.380475,30.087381],[31.380467,30.08739],[31.380368,30.087342],[31.380295,30.087317],[31.380233,30.087304]],[[31.379356,30.086836],[31.379304,30.086884],[31.379274,30.086803],[31.379228,30.08672],[31.379447,30.086785],[31.379413,30.0868],[31.379356,30.086836]],[[31.379579,30.087937],[31.380192,30.087817],[31.380205,30.087817],[31.380226,30.087827],[31.380239,30.087848],[31.380291,30.088064],[31.380288,30.088084],[31.380276,30.088099],[31.37965,30.088224],[31.379579,30.087937]],[[31.378848,30.088091],[31.378874,30.088078],[31.379477,30.087957],[31.379549,30.088243],[31.378961,30.088356],[31.378921,30.088359],[31.378898,30.088348],[31.378884,30.08833],[31.378834,30.088137],[31.378834,30.088112],[31.378848,30.088091]]],[[[31.380481,30.088364],[31.380467,30.088372],[31.380461,30.088387],[31.380467,30.088401],[31.380482,30.088409],[31.38058,30.088392],[31.38058,30.088346],[31.380481,30.088364]]],[[[31.377848,30.085885],[31.377845,30.085916],[31.377858,30.085948],[31.377866,30.085957],[31.377893,30.085973],[31.37933,30.08636],[31.379928,30.086514],[31.379969,30.08652],[31.380008,30.08651],[31.380047,30.086479],[31.380393,30.08553],[31.380338,30.08553],[31.380001,30.086456],[31.379987,30.086469],[31.379967,30.086474],[31.379941,30.086471],[31.379369,30.086324],[31.379625,30.08553],[31.379571,30.08553],[31.379556,30.085576],[31.379363,30.08553],[31.379194,30.08553],[31.379168,30.085545],[31.379151,30.085562],[31.379011,30.08553],[31.378804,30.08553],[31.379128,30.085603],[31.379103,30.08567],[31.378522,30.085539],[31.378525,30.08553],[31.378278,30.08553],[31.379092,30.085715],[31.37909,30.085737],[31.379104,30.085776],[31.379142,30.085813],[31.379184,30.085829],[31.379452,30.085901],[31.37932,30.08631],[31.377917,30.085932],[31.377903,30.085924],[31.377897,30.085911],[31.377899,30.085895],[31.378028,30.08553],[31.377974,30.08553],[31.377848,30.085885]],[[31.379171,30.085774],[31.379151,30.085755],[31.379142,30.085731],[31.379146,30.085702],[31.379184,30.085598],[31.379201,30.08558],[31.379226,30.085566],[31.379254,30.085558],[31.379283,30.085558],[31.379542,30.085619],[31.379466,30.085857],[31.379201,30.085786],[31.379171,30.085774]]]]}},{"type":"Feature","properties":{},"geometry":{"type":"MultiPolygon","coordinates":[[[[31.380538,30.090396],[31.380513,30.090418],[31.380501,30.09044],[31.380493,30.090472],[31.380408,30.091179],[31.380411,30.091211],[31.380422,30.091242],[31.380439,30.091267],[31.380462,30.091289],[31.380487,30.091305],[31.38058,30.091347],[31.38058,30.091296],[31.380515,30.091267],[31.380496,30.091255],[31.380469,30.091223],[31.38046,30.091181],[31.380544,30.090478],[31.380558,30.090441],[31.38058,30.090431],[31.38058,30.090387],[31.380538,30.090396]]],[[[31.380464,30.091468],[31.380404,30.091458],[31.38032,30.091319],[31.380282,30.091284],[31.380351,30.090879],[31.380352,30.090861],[31.380344,30.09084],[31.380315,30.090821],[31.380104,30.090797],[31.380066,30.090799],[31.380037,30.090816],[31.380025,30.090834],[31.380017,30.090859],[31.379944,30.091314],[31.379808,30.091295],[31.379761,30.091295],[31.379713,30.091303],[31.379661,30.091327],[31.379463,30.091292],[31.379476,30.091226],[31.379718,30.091248],[31.379756,30.091237],[31.379776,30.091214],[31.37986,30.090685],[31.379861,30.090665],[31.379853,30.090647],[31.379823,30.090628],[31.37915,30.090559],[31.379101,30.090564],[31.379076,30.090585],[31.379068,30.090608],[31.379003,30.091088],[31.379001,30.091121],[31.379011,30.091147],[31.379041,30.091172],[31.379078,30.091182],[31.379425,30.09122],[31.379412,30.091284],[31.378576,30.091137],[31.378536,30.09114],[31.378495,30.091161],[31.377098,30.091025],[31.377028,30.091012],[31.376961,30.090992],[31.376896,30.090967],[31.376836,30.090934],[31.376779,30.090896],[31.376729,30.090853],[31.376684,30.090806],[31.376646,30.090754],[31.376615,30.090698],[31.376593,30.090647],[31.376578,30.090593],[31.376569,30.090539],[31.376566,30.090484],[31.37657,30.090429],[31.376633,30.090044],[31.376714,30.089986],[31.376784,30.089921],[31.376833,30.089846],[31.376851,30.089791],[31.376976,30.089148],[31.37687,30.089148],[31.37675,30.089769],[31.376737,30.08981],[31.376723,30.089836],[31.376702,30.089866],[31.376654,30.089911],[31.376757,30.08928],[31.376787,30.089148],[31.37665,30.089148],[31.376623,30.089262],[31.376436,30.090414],[31.376431,30.090486],[31.376435,30.090553],[31.376445,30.090613],[31.376465,30.090684],[31.376495,30.090753],[31.376443,30.09082],[31.376427,30.090856],[31.376427,30.091118],[31.376434,30.0911],[31.376464,30.091122],[31.376496,30.091128],[31.376554,30.091123],[31.376879,30.091163],[31.377018,30.091174],[31.377154,30.09117],[31.377256,30.091157],[31.378475,30.091277],[31.378288,30.09126],[31.377925,30.091234],[31.376548,30.091151],[31.376427,30.091146],[31.376427,30.091507],[31.377781,30.091574],[31.377723,30.092516],[31.377473,30.092499],[31.37729,30.092479],[31.377122,30.092436],[31.376996,30.092374],[31.376591,30.092189],[31.376461,30.092137],[31.376427,30.092127],[31.376427,30.092223],[31.376547,30.092271],[31.377087,30.092521],[31.377272,30.092568],[31.377464,30.092589],[31.377717,30.092606],[31.377708,30.092765],[31.377812,30.092765],[31.377885,30.091579],[31.378475,30.091611],[31.3785,30.091666],[31.378517,30.091722],[31.378528,30.091777],[31.378533,30.091838],[31.378488,30.092765],[31.378592,30.092765],[31.378637,30.091834],[31.378634,30.091805],[31.378661,30.091804],[31.378691,30.091809],[31.378718,30.091821],[31.378744,30.091844],[31.378714,30.091916],[31.378702,30.091976],[31.378631,30.092765],[31.378735,30.092765],[31.378806,30.091985],[31.378815,30.09194],[31.37883,30.091896],[31.378849,30.091864],[31.378925,30.091778],[31.37897,30.091741],[31.37902,30.091709],[31.37907,30.091684],[31.379176,30.091696],[31.379216,30.091691],[31.37962,30.091732],[31.379889,30.09177],[31.380164,30.09183],[31.38021,30.091884],[31.380252,30.091956],[31.380281,30.092033],[31.380297,30.092113],[31.380283,30.092765],[31.380387,30.092765],[31.3804,30.092109],[31.380381,30.092008],[31.380348,30.091921],[31.380316,30.091867],[31.380439,30.091901],[31.38058,30.091949],[31.38058,30.091498],[31.380464,30.091468]],[[31.378802,30.091765],[31.378775,30.091745],[31.378723,30.091723],[31.378672,30.091713],[31.378621,30.091715],[31.378593,30.091625],[31.378915,30.091665],[31.378852,30.091713],[31.378802,30.091765]],[[31.376536,30.091061],[31.376527,30.091042],[31.37648,30.090858],[31.376522,30.0908],[31.376577,30.090877],[31.376632,30.090935],[31.376694,30.090987],[31.376762,30.091033],[31.376836,30.091072],[31.376915,30.091103],[31.376999,30.091127],[31.376885,30.091118],[31.376564,30.091079],[31.376546,30.091068],[31.376536,30.091061]],[[31.376489,30.091081],[31.376479,30.091075],[31.376474,30.091064],[31.376469,30.091026],[31.376486,30.091077],[31.376489,30.091081]],[[31.37973,30.091182],[31.379724,30.0912],[31.379698,30.091203],[31.379088,30.091138],[31.379067,30.091133],[31.379057,30.091125],[31.379054,30.091092],[31.379124,30.090606],[31.379148,30.090605],[31.379809,30.090673],[31.37973,30.091182]],[[31.379804,30.09134],[31.380321,30.091418],[31.380338,30.091446],[31.379749,30.091343],[31.379763,30.09134],[31.379804,30.09134]],[[31.380187,30.091252],[31.380011,30.091231],[31.380068,30.090866],[31.380073,30.090851],[31.380082,30.090843],[31.380279,30.090861],[31.3803,30.090867],[31.380233,30.091262],[31.380187,30.091252]],[[31.380241,30.091312],[31.380277,30.091345],[31.38029,30.091367],[31.379995,30.091322],[31.380004,30.091275],[31.380141,30.091291],[31.380241,30.091312]]],[[[31.377243,30.089623],[31.377222,30.08976],[31.377218,30.089828],[31.377221,30.089907],[31.377238,30.089929],[31.377271,30.089939],[31.3773,30.089931],[31.377319,30.08991],[31.377325,30.089766],[31.377333,30.089703],[31.377355,30.089597],[31.377357,30.08967],[31.377368,30.089746],[31.377393,30.089829],[31.377413,30.089848],[31.377443,30.089855],[31.377471,30.089846],[31.377489,30.089825],[31.377491,30.089803],[31.377471,30.089732],[31.377461,30.089666],[31.377459,30.0896],[31.377466,30.089533],[31.377512,30.089313],[31.37763,30.089305],[31.377659,30.089295],[31.377682,30.089279],[31.377701,30.089256],[31.377711,30.089224],[31.3777,30.089148],[31.377649,30.089148],[31.377658,30.0892],[31.377659,30.089219],[31.377655,30.089234],[31.377645,30.089248],[31.377619,30.089261],[31.377523,30.089267],[31.37755,30.089148],[31.377357,30.089148],[31.377243,30.089623]]],[[[31.378019,30.090166],[31.37804,30.090205],[31.378069,30.090235],[31.378108,30.09026],[31.378153,30.090275],[31.378213,30.090279],[31.379031,30.090125],[31.379056,30.090223],[31.37895,30.090247],[31.378942,30.09026],[31.378945,30.090275],[31.378956,30.090284],[31.378973,30.090286],[31.379244,30.090232],[31.379261,30.09022],[31.37926,30.090198],[31.37924,30.090187],[31.379106,30.090213],[31.379082,30.090116],[31.379972,30.089949],[31.380064,30.090281],[31.380082,30.090309],[31.380105,30.09033],[31.380141,30.09035],[31.380188,30.090362],[31.380228,30.090361],[31.38058,30.090296],[31.38058,30.090204],[31.380219,30.090271],[31.380201,30.090272],[31.380175,30.090262],[31.380158,30.090243],[31.380074,30.08993],[31.38058,30.089834],[31.38058,30.089742],[31.38005,30.089841],[31.379971,30.08953],[31.38058,30.089416],[31.38058,30.089324],[31.379949,30.089442],[31.379876,30.089155],[31.379912,30.089148],[31.379446,30.089148],[31.379159,30.089205],[31.379113,30.089225],[31.379088,30.089245],[31.379066,30.089275],[31.379056,30.089304],[31.379054,30.089334],[31.379109,30.089573],[31.379126,30.089608],[31.379154,30.089636],[31.379195,30.089656],[31.379237,30.089663],[31.379274,30.08966],[31.37987,30.089549],[31.379949,30.089861],[31.379076,30.090024],[31.379058,30.089951],[31.379162,30.089932],[31.379171,30.089923],[31.379174,30.089911],[31.37916,30.089893],[31.379143,30.089891],[31.37887,30.089936],[31.378859,30.089941],[31.37885,30.089952],[31.378854,30.089971],[31.378872,30.089981],[31.379007,30.08996],[31.379025,30.090034],[31.378199,30.090189],[31.378159,30.090181],[31.378141,30.09017],[31.378119,30.090141],[31.377863,30.089148],[31.377757,30.089148],[31.378019,30.090166]],[[31.379188,30.089292],[31.379775,30.089175],[31.379847,30.089461],[31.379255,30.089571],[31.37923,30.08957],[31.379214,30.089559],[31.379209,30.08955],[31.379158,30.089332],[31.379158,30.089321],[31.379168,30.089303],[31.379188,30.089292]]],[[[31.376446,30.089496],[31.376502,30.089148],[31.376427,30.089148],[31.376427,30.089637],[31.376446,30.089496]]],[[[31.38058,30.089177],[31.38058,30.089148],[31.380572,30.089148],[31.38058,30.089177]]],[[[31.380575,30.092225],[31.38058,30.092211],[31.38058,30.092016],[31.380514,30.092101],[31.380472,30.09221],[31.380439,30.092765],[31.380543,30.092765],[31.380575,30.092225]]]]}},{"type":"Feature","properties":{},"geometry":{"type":"Polygon","coordinates":[[[31.377401,30.095143],[31.378014,30.095208],[31.377867,30.096383],[31.377971,30.096383],[31.378167,30.094817],[31.378733,30.094868],[31.378555,30.096383],[31.378661,30.096383],[31.378737,30.095722],[31.378836,30.094877],[31.379329,30.094922],[31.379152,30.096383],[31.379257,30.096383],[31.379331,30.095773],[31.379368,30.095466],[31.379873,30.095512],[31.379892,30.095507],[31.379901,30.095492],[31.379896,30.095475],[31.379878,30.095467],[31.379374,30.095421],[31.379382,30.095356],[31.379886,30.0954],[31.379905,30.095395],[31.379915,30.09538],[31.379909,30.095363],[31.379891,30.095355],[31.379387,30.095311],[31.379432,30.094931],[31.379723,30.094957],[31.380131,30.094987],[31.380195,30.095002],[31.380246,30.095026],[31.38031,30.095078],[31.380455,30.095255],[31.37999,30.095549],[31.379961,30.095571],[31.379933,30.0956],[31.379911,30.095632],[31.379895,30.095668],[31.379884,30.095706],[31.379805,30.096383],[31.379911,30.096383],[31.379916,30.096347],[31.380363,30.096383],[31.38058,30.096383],[31.38058,30.096308],[31.38054,30.096306],[31.379926,30.096257],[31.379987,30.095718],[31.380004,30.095672],[31.380035,30.095634],[31.380057,30.095618],[31.380515,30.095329],[31.38058,30.095408],[31.38058,30.095252],[31.380393,30.095023],[31.380339,30.094974],[31.380307,30.094953],[31.380231,30.094917],[31.380143,30.094897],[31.379732,30.094867],[31.378179,30.094727],[31.378242,30.094227],[31.378983,30.094297],[31.379758,30.094367],[31.37974,30.094588],[31.379746,30.094602],[31.379764,30.09461],[31.379781,30.094606],[31.379792,30.094591],[31.37981,30.094372],[31.380195,30.094406],[31.38027,30.094395],[31.380334,30.094366],[31.380385,30.094322],[31.380417,30.094266],[31.380428,30.094208],[31.380417,30.094146],[31.380385,30.094092],[31.380195,30.093819],[31.380148,30.093757],[31.380085,30.093708],[31.380011,30.093665],[31.379943,30.093637],[31.379865,30.093614],[31.379057,30.09348],[31.37903,30.093456],[31.379017,30.09342],[31.379016,30.093388],[31.379135,30.093386],[31.379252,30.093393],[31.379389,30.09341],[31.379725,30.093467],[31.380073,30.093536],[31.380109,30.093556],[31.380139,30.093566],[31.38058,30.094121],[31.38058,30.093867],[31.380344,30.093569],[31.380371,30.093561],[31.380408,30.093543],[31.380447,30.093656],[31.380481,30.093727],[31.380521,30.093792],[31.38058,30.093867],[31.38058,30.093538],[31.380565,30.093494],[31.380542,30.093368],[31.380548,30.093329],[31.380543,30.093278],[31.380516,30.093209],[31.380543,30.092765],[31.380439,30.092765],[31.380418,30.093111],[31.380382,30.093091],[31.380336,30.093076],[31.380357,30.093044],[31.380375,30.092998],[31.380383,30.092942],[31.380387,30.092765],[31.380283,30.092765],[31.38028,30.092938],[31.380275,30.092974],[31.380263,30.093006],[31.380243,30.093035],[31.380211,30.093066],[31.380185,30.093068],[31.38013,30.093084],[31.380072,30.093112],[31.380022,30.09315],[31.380001,30.093175],[31.379865,30.093205],[31.379795,30.093209],[31.379732,30.093206],[31.379338,30.093145],[31.379197,30.093132],[31.379046,30.093123],[31.378881,30.093124],[31.378829,30.093081],[31.378793,30.093039],[31.378762,30.092989],[31.378743,30.092942],[31.37873,30.092875],[31.378731,30.092811],[31.378735,30.092765],[31.378631,30.092765],[31.378627,30.092805],[31.378627,30.092886],[31.378642,30.092965],[31.378655,30.092998],[31.378636,30.093008],[31.378614,30.093012],[31.378591,30.093009],[31.378569,30.092999],[31.378581,30.092949],[31.378587,30.092884],[31.378592,30.092765],[31.378488,30.092765],[31.378483,30.09288],[31.378478,30.092939],[31.378463,30.093003],[31.378439,30.093061],[31.378389,30.093143],[31.377985,30.093163],[31.377787,30.093163],[31.377812,30.092765],[31.377708,30.092765],[31.377683,30.093161],[31.377486,30.093153],[31.377215,30.09313],[31.376427,30.093054],[31.376427,30.093199],[31.377198,30.093274],[31.377476,30.093298],[31.377789,30.093308],[31.377648,30.093309],[31.377454,30.0933],[31.376427,30.093214],[31.376427,30.093359],[31.37676,30.093387],[31.376791,30.093416],[31.376825,30.093468],[31.376856,30.093532],[31.376882,30.093623],[31.376888,30.093707],[31.376786,30.094558],[31.376427,30.094526],[31.376427,30.094617],[31.376776,30.094648],[31.376719,30.095138],[31.376427,30.095111],[31.376427,30.095229],[31.376706,30.095255],[31.376703,30.095277],[31.376427,30.09524],[31.376427,30.095359],[31.376689,30.095394],[31.37661,30.096047],[31.37658,30.096257],[31.376566,30.096383],[31.376701,30.096383],[31.376715,30.09627],[31.376827,30.095382],[31.377231,30.09542],[31.377179,30.095878],[31.37712,30.096383],[31.377256,30.096383],[31.377313,30.095889],[31.377401,30.095143]],[[31.377516,30.094164],[31.378139,30.094218],[31.378025,30.095118],[31.377412,30.095053],[31.377508,30.094239],[31.377516,30.094164]],[[31.377627,30.093595],[31.377673,30.093527],[31.377724,30.093469],[31.377745,30.093454],[31.37788,30.09345],[31.377979,30.093492],[31.378075,30.093525],[31.378182,30.093553],[31.378287,30.093574],[31.379034,30.093668],[31.379004,30.093936],[31.379011,30.093952],[31.37903,30.093959],[31.379046,30.093954],[31.379055,30.093941],[31.379086,30.093674],[31.379716,30.09373],[31.379757,30.093722],[31.379782,30.093709],[31.379796,30.093695],[31.379837,30.093701],[31.379901,30.093719],[31.379963,30.093745],[31.380019,30.093778],[31.380068,30.093815],[31.380108,30.093868],[31.380317,30.094173],[31.380323,30.094206],[31.380317,30.09424],[31.380299,30.09427],[31.380271,30.094294],[31.380235,30.094309],[31.380194,30.094315],[31.377526,30.094074],[31.377562,30.093771],[31.377588,30.093672],[31.377627,30.093595]],[[31.377492,30.09357],[31.377466,30.093549],[31.377411,30.093516],[31.377349,30.093492],[31.377281,30.093478],[31.377217,30.093473],[31.377146,30.093479],[31.377082,30.093495],[31.377024,30.093519],[31.376996,30.093536],[31.376983,30.09349],[31.376937,30.093402],[31.377439,30.093444],[31.37757,30.093451],[31.377559,30.093464],[31.377492,30.09357]],[[31.377433,30.093734],[31.37738,30.093741],[31.377344,30.093755],[31.377312,30.093775],[31.37728,30.093805],[31.377254,30.093855],[31.37711,30.095066],[31.377119,30.095084],[31.377138,30.095089],[31.37715,30.095085],[31.377159,30.095075],[31.377165,30.095039],[31.377277,30.095047],[31.377257,30.095203],[31.376851,30.095176],[31.377023,30.093714],[31.377014,30.093602],[31.37706,30.093574],[31.37711,30.093554],[31.377163,30.093541],[31.377217,30.093537],[31.377272,30.09354],[31.377325,30.093552],[31.377375,30.093572],[31.377421,30.093598],[31.37746,30.093631],[31.377458,30.09364],[31.377433,30.093734]],[[31.377376,30.094204],[31.377266,30.094194],[31.377305,30.093863],[31.377324,30.09383],[31.377344,30.09381],[31.377369,30.093794],[31.377397,30.093784],[31.377425,30.093779],[31.377387,30.094107],[31.377376,30.094204]],[[31.37726,30.094239],[31.377371,30.094249],[31.377282,30.095002],[31.37717,30.094994],[31.37726,30.094239]],[[31.376843,30.095239],[31.377249,30.095266],[31.377239,30.095357],[31.376834,30.095319],[31.376843,30.095239]],[[31.379884,30.093351],[31.379875,30.09335],[31.379882,30.093349],[31.379883,30.093349],[31.379884,30.093351]],[[31.378937,30.093499],[31.37898,30.093545],[31.379023,30.093566],[31.379162,30.09359],[31.379071,30.093581],[31.378308,30.093485],[31.378207,30.093465],[31.378113,30.09344],[31.378912,30.093394],[31.378915,30.093438],[31.378937,30.093499]],[[31.378539,30.093088],[31.378565,30.093097],[31.378621,30.093102],[31.37867,30.093094],[31.3787,30.09308],[31.378741,30.09313],[31.378512,30.093139],[31.378537,30.093093],[31.378539,30.093088]],[[31.380185,30.093427],[31.38016,30.093412],[31.380139,30.093393],[31.380124,30.093371],[31.380115,30.093346],[31.380112,30.093321],[31.380116,30.093295],[31.380127,30.093271],[31.380143,30.09325],[31.380165,30.093232],[31.38019,30.093219],[31.380219,30.09321],[31.380249,30.093208],[31.380279,30.093211],[31.380307,30.09322],[31.380332,30.093235],[31.380353,30.093253],[31.380369,30.093276],[31.380378,30.0933],[31.380381,30.093326],[31.380377,30.093352],[31.380367,30.093376],[31.38035,30.093398],[31.380328,30.093416],[31.380302,30.093429],[31.380273,30.093437],[31.380243,30.09344],[31.380213,30.093436],[31.380185,30.093427]]]}},{"type":"Feature","properties":{},"geometry":{"type":"MultiPolygon","coordinates":[[[[31.376806,30.099964],[31.376834,30.099908],[31.376849,30.09985],[31.377094,30.097773],[31.377679,30.097824],[31.377406,30.1],[31.377512,30.1],[31.37756,30.099617],[31.378125,30.099665],[31.378079,30.1],[31.378184,30.1],[31.378228,30.099673],[31.37876,30.099718],[31.378729,30.1],[31.378834,30.1],[31.378863,30.099727],[31.379414,30.099774],[31.379388,30.1],[31.379492,30.1],[31.379517,30.099783],[31.380069,30.099829],[31.380048,30.1],[31.380153,30.1],[31.380172,30.099838],[31.380282,30.099848],[31.380288,30.099863],[31.380299,30.099879],[31.380315,30.099891],[31.380355,30.099902],[31.380401,30.099902],[31.380422,30.099896],[31.38044,30.099883],[31.380454,30.099862],[31.38058,30.099873],[31.38058,30.099782],[31.380297,30.099758],[31.379527,30.099693],[31.37958,30.099235],[31.38058,30.09932],[31.38058,30.09923],[31.378938,30.09909],[31.378957,30.09888],[31.378951,30.098866],[31.378933,30.098858],[31.378916,30.098862],[31.378906,30.098877],[31.378887,30.099085],[31.377639,30.098979],[31.377701,30.098484],[31.379209,30.098609],[31.37918,30.098866],[31.379188,30.098882],[31.379204,30.098889],[31.379223,30.098884],[31.379232,30.098871],[31.379261,30.098613],[31.379336,30.098619],[31.379288,30.098975],[31.379299,30.099009],[31.379318,30.099029],[31.379358,30.099043],[31.379743,30.099076],[31.379762,30.09907],[31.379771,30.099057],[31.379768,30.099042],[31.379753,30.099031],[31.379367,30.098999],[31.37935,30.098993],[31.379343,30.098985],[31.37934,30.098976],[31.379388,30.098623],[31.38058,30.098722],[31.38058,30.098631],[31.378335,30.098446],[31.378346,30.098364],[31.378781,30.098401],[31.378814,30.09839],[31.378827,30.098375],[31.378832,30.098357],[31.378863,30.098111],[31.378857,30.098091],[31.378845,30.098077],[31.378827,30.098067],[31.378807,30.098063],[31.377912,30.097992],[31.377884,30.097992],[31.377864,30.098],[31.37785,30.098011],[31.377837,30.098034],[31.377816,30.098271],[31.37782,30.09829],[31.377831,30.098305],[31.377853,30.09832],[31.377876,30.098324],[31.378295,30.09836],[31.378284,30.098442],[31.377712,30.098394],[31.377782,30.097833],[31.380332,30.098058],[31.38058,30.098079],[31.38058,30.097888],[31.380407,30.097873],[31.38058,30.096416],[31.38058,30.096383],[31.380363,30.096383],[31.380478,30.096392],[31.380303,30.097864],[31.379743,30.097815],[31.379859,30.096799],[31.379911,30.096383],[31.379805,30.096383],[31.379704,30.097253],[31.379157,30.097204],[31.379257,30.096383],[31.379152,30.096383],[31.379054,30.097194],[31.378574,30.097151],[31.378661,30.096383],[31.378555,30.096383],[31.378536,30.096539],[31.377958,30.096484],[31.377971,30.096383],[31.377867,30.096383],[31.377855,30.096474],[31.377252,30.096416],[31.377256,30.096383],[31.37712,30.096383],[31.376722,30.099787],[31.376706,30.099872],[31.376688,30.099907],[31.376663,30.09994],[31.376629,30.099971],[31.376595,30.1],[31.376779,30.1],[31.376806,30.099964]],[[31.379694,30.097343],[31.379639,30.097807],[31.377115,30.09759],[31.37717,30.097117],[31.379694,30.097343]],[[31.378526,30.096629],[31.37847,30.097142],[31.377181,30.097027],[31.377242,30.096506],[31.377896,30.096569],[31.378526,30.096629]],[[31.380358,30.099857],[31.380343,30.099853],[31.380394,30.099857],[31.380392,30.099858],[31.380358,30.099857]],[[31.377571,30.099527],[31.377628,30.099069],[31.379477,30.099226],[31.379424,30.099684],[31.377571,30.099527]],[[31.377874,30.098278],[31.377868,30.098269],[31.377888,30.098044],[31.377892,30.098038],[31.377908,30.098037],[31.378807,30.098109],[31.378811,30.098118],[31.37878,30.098355],[31.377874,30.098278]]],[[[31.376701,30.096383],[31.376566,30.096383],[31.376427,30.097554],[31.376427,30.098682],[31.376701,30.096383]]]]}},{"type":"Feature","properties":{},"geometry":{"type":"MultiPolygon","coordinates":[[[[31.376831,30.103041],[31.376439,30.103373],[31.376427,30.103362],[31.376427,30.10351],[31.376903,30.103106],[31.377473,30.103617],[31.377846,30.103617],[31.376427,30.102345],[31.376427,30.10268],[31.376831,30.103041]]],[[[31.378436,30.103617],[31.378581,30.103617],[31.376427,30.101671],[31.376427,30.101801],[31.378436,30.103617]]],[[[31.378997,30.103454],[31.379032,30.103491],[31.379056,30.103527],[31.379074,30.103568],[31.379085,30.10361],[31.379077,30.103617],[31.379378,30.103617],[31.380233,30.102913],[31.379399,30.103617],[31.379697,30.103617],[31.38058,30.102872],[31.38058,30.102379],[31.379348,30.103393],[31.379272,30.103371],[31.379224,30.103344],[31.379188,30.103316],[31.378866,30.103026],[31.38057,30.101596],[31.38058,30.101586],[31.38058,30.101179],[31.380549,30.101441],[31.380531,30.10149],[31.380496,30.101533],[31.379358,30.102487],[31.378957,30.102144],[31.37993,30.101335],[31.37996,30.101301],[31.379985,30.101261],[31.380003,30.101218],[31.380011,30.101176],[31.380113,30.100328],[31.38058,30.100373],[31.38058,30.100282],[31.380124,30.100238],[31.380153,30.1],[31.380048,30.1],[31.379908,30.101162],[31.37989,30.101224],[31.379851,30.101277],[31.378883,30.10208],[31.378667,30.101894],[31.378499,30.101744],[31.3789,30.101408],[31.379286,30.101086],[31.379323,30.101044],[31.37935,30.101005],[31.379371,30.100963],[31.379386,30.100916],[31.379492,30.1],[31.379388,30.1],[31.379283,30.100902],[31.379272,30.100934],[31.379236,30.100996],[31.379211,30.101023],[31.378865,30.101312],[31.378477,30.100974],[31.378712,30.100772],[31.37874,30.100734],[31.378756,30.100697],[31.378762,30.10066],[31.378834,30.1],[31.378729,30.1],[31.378659,30.10065],[31.378646,30.100694],[31.378613,30.10073],[31.377979,30.101276],[31.377593,30.100929],[31.378062,30.100539],[31.378087,30.100513],[31.378107,30.100484],[31.378121,30.100453],[31.378127,30.100421],[31.378184,30.1],[31.378079,30.1],[31.378024,30.100409],[31.378013,30.100445],[31.377988,30.100475],[31.377522,30.100863],[31.377157,30.100507],[31.37741,30.100288],[31.377456,30.100235],[31.377476,30.100199],[31.377496,30.100135],[31.377512,30.1],[31.377406,30.1],[31.377387,30.100146],[31.377368,30.100188],[31.377336,30.100225],[31.376526,30.100927],[31.376427,30.100838],[31.376427,30.101128],[31.378997,30.103454]],[[31.379283,30.10255],[31.378793,30.102961],[31.378157,30.102388],[31.378629,30.101989],[31.378846,30.102175],[31.379283,30.10255]],[[31.378556,30.101925],[31.378084,30.102323],[31.376598,30.100991],[31.377083,30.100571],[31.377482,30.100959],[31.378556,30.101925]],[[31.379176,30.103475],[31.37919,30.103465],[31.379236,30.103485],[31.379197,30.103518],[31.379179,30.10348],[31.379176,30.103475]],[[31.37879,30.101375],[31.378427,30.101679],[31.378052,30.101341],[31.378404,30.101038],[31.378651,30.101253],[31.37879,30.101375]]],[[[31.376769,30.100013],[31.376779,30.1],[31.376595,30.1],[31.376427,30.100141],[31.376427,30.100305],[31.376723,30.100055],[31.376769,30.100013]]],[[[31.3802,30.103499],[31.380337,30.103615],[31.380344,30.103617],[31.380361,30.103617],[31.380372,30.103613],[31.380379,30.1036],[31.380375,30.103585],[31.380238,30.103468],[31.380246,30.103461],[31.380383,30.103578],[31.380402,30.103583],[31.380418,30.103577],[31.380425,30.10356],[31.380419,30.103546],[31.380283,30.10343],[31.380536,30.103216],[31.38058,30.103254],[31.38058,30.10319],[31.380573,30.103185],[31.38058,30.103179],[31.38058,30.103053],[31.379911,30.103617],[31.38006,30.103617],[31.3802,30.103499]]]]}},{"type":"Feature","properties":{},"geometry":{"type":"MultiPolygon","coordinates":[[[[31.378472,30.104144],[31.378402,30.104109],[31.378366,30.104084],[31.377846,30.103617],[31.377473,30.103617],[31.377755,30.103871],[31.377539,30.104052],[31.376882,30.104604],[31.376427,30.104184],[31.376427,30.104316],[31.376807,30.104666],[31.376617,30.104826],[31.376427,30.104658],[31.376427,30.104787],[31.376542,30.104889],[31.376427,30.104986],[31.376427,30.105111],[31.376916,30.1047],[31.377592,30.104134],[31.378013,30.104529],[31.376686,30.105668],[31.376427,30.105439],[31.376427,30.105568],[31.376612,30.105731],[31.376427,30.105889],[31.376427,30.106387],[31.376533,30.106492],[31.376595,30.10658],[31.376618,30.106628],[31.376643,30.106717],[31.376427,30.106773],[31.376427,30.106866],[31.376668,30.106804],[31.376687,30.106872],[31.376427,30.106932],[31.376427,30.107026],[31.376712,30.106959],[31.376792,30.107235],[31.3769,30.107235],[31.376718,30.106603],[31.37669,30.106543],[31.376657,30.106493],[31.376687,30.106489],[31.376753,30.106458],[31.376795,30.106416],[31.37683,30.106362],[31.376868,30.106317],[31.37691,30.106278],[31.376962,30.106246],[31.377013,30.106221],[31.377066,30.106205],[31.37712,30.106199],[31.377175,30.106203],[31.377226,30.106218],[31.377272,30.106242],[31.377727,30.106658],[31.377461,30.106688],[31.377144,30.106741],[31.37705,30.106779],[31.377003,30.106815],[31.376976,30.10685],[31.376972,30.106899],[31.376979,30.106954],[31.377055,30.107235],[31.377255,30.107235],[31.377207,30.107067],[31.377439,30.107015],[31.377448,30.107027],[31.377505,30.107235],[31.377612,30.107235],[31.377549,30.107005],[31.377542,30.106984],[31.377527,30.106963],[31.377491,30.106936],[31.377465,30.106927],[31.377432,30.106924],[31.377182,30.106979],[31.377142,30.10684],[31.377176,30.106827],[31.377253,30.106812],[31.377476,30.106777],[31.377817,30.106739],[31.378225,30.107094],[31.378253,30.107142],[31.37827,30.107194],[31.378272,30.107235],[31.378373,30.107235],[31.378372,30.107174],[31.37835,30.107109],[31.378308,30.107038],[31.377872,30.10666],[31.377331,30.106167],[31.377269,30.106136],[31.37719,30.106114],[31.377119,30.106108],[31.377047,30.106116],[31.376974,30.106137],[31.376905,30.106171],[31.376839,30.106212],[31.376786,30.106261],[31.376744,30.106311],[31.37671,30.106364],[31.376685,30.106389],[31.376655,30.106402],[31.37662,30.106405],[31.376587,30.106396],[31.376556,30.106375],[31.376498,30.10632],[31.377121,30.105794],[31.378735,30.107235],[31.379023,30.107235],[31.378847,30.107078],[31.379304,30.106698],[31.379505,30.10688],[31.379368,30.106999],[31.379362,30.107013],[31.379369,30.107029],[31.379388,30.107036],[31.379404,30.10703],[31.379541,30.106912],[31.379596,30.106962],[31.37946,30.107075],[31.379454,30.107092],[31.379461,30.107106],[31.379477,30.107113],[31.379496,30.107108],[31.379632,30.106995],[31.379889,30.107227],[31.379881,30.107235],[31.380042,30.107235],[31.379853,30.107064],[31.380556,30.106472],[31.380569,30.106466],[31.38058,30.106466],[31.38058,30.106374],[31.380578,30.106374],[31.380536,30.10638],[31.380494,30.106399],[31.379781,30.106999],[31.379379,30.106635],[31.38058,30.105635],[31.38058,30.10551],[31.380495,30.105581],[31.38058,30.105509],[31.38058,30.10525],[31.380521,30.105197],[31.38058,30.105142],[31.38058,30.105077],[31.380485,30.105164],[31.380469,30.105151],[31.38058,30.105051],[31.38058,30.104986],[31.380433,30.105118],[31.380264,30.104965],[31.380448,30.104804],[31.380454,30.104787],[31.380446,30.104773],[31.38043,30.104767],[31.380411,30.104772],[31.380227,30.104933],[31.379928,30.104664],[31.379943,30.104651],[31.3801,30.104801],[31.380117,30.104805],[31.380133,30.104799],[31.380141,30.104783],[31.380136,30.104769],[31.37998,30.104619],[31.380164,30.104463],[31.380324,30.104613],[31.380343,30.104619],[31.380359,30.104613],[31.380367,30.104599],[31.380362,30.104582],[31.380201,30.104432],[31.38021,30.104425],[31.380371,30.104574],[31.38039,30.104579],[31.380406,30.104573],[31.380414,30.104557],[31.380409,30.104543],[31.380247,30.104393],[31.380432,30.104236],[31.38058,30.104377],[31.38058,30.104247],[31.380504,30.104176],[31.38058,30.104113],[31.38058,30.103987],[31.380469,30.104079],[31.380279,30.103915],[31.38026,30.103909],[31.380245,30.103916],[31.380237,30.10393],[31.380242,30.103945],[31.380226,30.103941],[31.38021,30.103946],[31.380201,30.103959],[31.380203,30.103974],[31.380394,30.104142],[31.380221,30.104289],[31.380034,30.104123],[31.380017,30.104118],[31.379999,30.104125],[31.379991,30.10414],[31.379997,30.104155],[31.380184,30.10432],[31.380174,30.104328],[31.379983,30.104166],[31.379964,30.104161],[31.379949,30.104167],[31.379941,30.104183],[31.379947,30.104198],[31.380137,30.10436],[31.379856,30.104598],[31.379645,30.104407],[31.379739,30.104326],[31.379744,30.104311],[31.379736,30.104297],[31.379721,30.104291],[31.379704,30.104294],[31.379609,30.104375],[31.379595,30.104362],[31.379686,30.104284],[31.379691,30.104269],[31.379683,30.104255],[31.379668,30.104248],[31.379651,30.104252],[31.379559,30.10433],[31.379393,30.10418],[31.379402,30.104173],[31.379517,30.104281],[31.379534,30.104285],[31.37955,30.104279],[31.379558,30.104266],[31.379553,30.104249],[31.379439,30.104141],[31.379652,30.103962],[31.37977,30.104071],[31.379789,30.104077],[31.379805,30.104071],[31.379813,30.104057],[31.379809,30.104042],[31.379689,30.103931],[31.379701,30.103921],[31.379822,30.10403],[31.379841,30.104035],[31.379857,30.104029],[31.379865,30.104015],[31.379859,30.103998],[31.379738,30.103889],[31.379934,30.103724],[31.380068,30.103834],[31.380087,30.103839],[31.380102,30.103832],[31.380109,30.103818],[31.380105,30.103803],[31.379971,30.103693],[31.379982,30.103684],[31.380113,30.103797],[31.380129,30.103802],[31.380147,30.103795],[31.380155,30.103779],[31.380149,30.103765],[31.380019,30.103652],[31.38006,30.103617],[31.379911,30.103617],[31.379321,30.104114],[31.379219,30.104021],[31.379697,30.103617],[31.379399,30.103617],[31.379038,30.103922],[31.377631,30.105111],[31.378174,30.104645],[31.378378,30.104477],[31.378935,30.104002],[31.379229,30.103741],[31.379378,30.103617],[31.379077,30.103617],[31.378827,30.10384],[31.378581,30.103617],[31.378436,30.103617],[31.378753,30.103904],[31.378472,30.104144]],[[31.378505,30.106092],[31.37877,30.106104],[31.3788,30.106101],[31.378831,30.106091],[31.378883,30.106058],[31.379504,30.105512],[31.379525,30.105478],[31.379534,30.105439],[31.379526,30.105216],[31.379733,30.105039],[31.379908,30.104911],[31.380514,30.105439],[31.378717,30.106962],[31.378117,30.106426],[31.378312,30.106258],[31.378505,30.106092]],[[31.379414,30.104718],[31.379398,30.104724],[31.37939,30.10474],[31.379395,30.104754],[31.379644,30.104988],[31.379639,30.104993],[31.379396,30.104764],[31.379383,30.104757],[31.379367,30.104758],[31.379355,30.104766],[31.379351,30.10478],[31.379356,30.104793],[31.379602,30.105024],[31.379482,30.105128],[31.379233,30.104894],[31.379215,30.104889],[31.379198,30.104895],[31.37919,30.10491],[31.379195,30.104925],[31.379445,30.105159],[31.379437,30.105166],[31.379192,30.104935],[31.379175,30.104929],[31.379157,30.104935],[31.379149,30.104948],[31.379154,30.104965],[31.3794,30.105197],[31.379283,30.105298],[31.379045,30.105074],[31.379026,30.105068],[31.37901,30.105074],[31.379002,30.10509],[31.379007,30.105104],[31.379246,30.10533],[31.379229,30.105345],[31.378992,30.105121],[31.378976,30.105116],[31.378957,30.105122],[31.378949,30.105137],[31.378954,30.105152],[31.379192,30.105376],[31.379079,30.105473],[31.37884,30.105247],[31.378821,30.105242],[31.378805,30.105248],[31.378797,30.105261],[31.378802,30.105278],[31.379042,30.105505],[31.379029,30.105515],[31.378797,30.105296],[31.37878,30.10529],[31.378762,30.105296],[31.378753,30.105312],[31.378759,30.105326],[31.378992,30.105547],[31.378882,30.105642],[31.37865,30.105423],[31.378631,30.105417],[31.378615,30.105423],[31.378607,30.105436],[31.378612,30.105453],[31.378845,30.105674],[31.378828,30.105688],[31.3786,30.105472],[31.378581,30.105467],[31.378565,30.105473],[31.378557,30.105486],[31.378562,30.105503],[31.378791,30.10572],[31.378681,30.105814],[31.378451,30.105597],[31.378435,30.105591],[31.378416,30.105597],[31.378408,30.105612],[31.378413,30.105627],[31.378644,30.105846],[31.378623,30.105864],[31.378394,30.105648],[31.378378,30.105642],[31.378359,30.105648],[31.378351,30.105662],[31.378356,30.105679],[31.378586,30.105896],[31.378498,30.105971],[31.378275,30.10576],[31.378257,30.105754],[31.378241,30.10576],[31.378232,30.105774],[31.378237,30.105791],[31.378461,30.106003],[31.378443,30.106018],[31.378219,30.105807],[31.378201,30.105801],[31.378185,30.105807],[31.378176,30.105821],[31.378181,30.105837],[31.378406,30.10605],[31.378309,30.106133],[31.37809,30.105926],[31.378074,30.10592],[31.378055,30.105926],[31.378047,30.105941],[31.378052,30.105956],[31.378272,30.106165],[31.378259,30.106176],[31.37804,30.105969],[31.378022,30.105963],[31.378005,30.105969],[31.377997,30.105985],[31.378002,30.106],[31.378222,30.106208],[31.37809,30.106322],[31.377865,30.106108],[31.377849,30.106102],[31.37783,30.106108],[31.377821,30.106124],[31.377827,30.106138],[31.378053,30.106354],[31.378044,30.106362],[31.377777,30.106121],[31.379555,30.104579],[31.379836,30.104845],[31.379683,30.104958],[31.379433,30.104724],[31.379414,30.104718]],[[31.377769,30.105968],[31.377785,30.105973],[31.377804,30.105967],[31.377813,30.105952],[31.377807,30.105937],[31.377575,30.105717],[31.377701,30.105608],[31.377926,30.105821],[31.377945,30.105827],[31.377961,30.105821],[31.377969,30.105805],[31.377964,30.105791],[31.377738,30.105576],[31.377759,30.105559],[31.377985,30.105779],[31.378004,30.105785],[31.37802,30.105779],[31.378028,30.105766],[31.378023,30.105749],[31.377796,30.105527],[31.377923,30.105418],[31.378137,30.105627],[31.378156,30.105633],[31.378174,30.105626],[31.378181,30.105612],[31.378176,30.105597],[31.37796,30.105386],[31.377966,30.105381],[31.378181,30.105591],[31.378197,30.105596],[31.378215,30.105591],[31.378224,30.105577],[31.378219,30.105561],[31.378003,30.105349],[31.378135,30.105237],[31.37835,30.105447],[31.378366,30.105453],[31.378385,30.105447],[31.378393,30.105434],[31.378389,30.105417],[31.378173,30.105205],[31.378176,30.105202],[31.378391,30.105413],[31.37841,30.105419],[31.378426,30.105413],[31.378434,30.1054],[31.37843,30.105383],[31.378213,30.105171],[31.378343,30.105061],[31.378557,30.105271],[31.378576,30.105277],[31.378592,30.105271],[31.378601,30.105258],[31.378596,30.105241],[31.37838,30.10503],[31.37839,30.105021],[31.378606,30.105231],[31.378624,30.105237],[31.378641,30.105231],[31.378649,30.105216],[31.378644,30.105201],[31.378428,30.104989],[31.378552,30.104883],[31.378768,30.105094],[31.378784,30.105099],[31.378803,30.105094],[31.378811,30.105078],[31.378806,30.105064],[31.37859,30.104852],[31.378604,30.10484],[31.378818,30.10505],[31.378834,30.105056],[31.378853,30.10505],[31.378861,30.105035],[31.378857,30.10502],[31.378642,30.104808],[31.378762,30.104708],[31.378975,30.104918],[31.378994,30.104924],[31.37901,30.104918],[31.379019,30.104903],[31.379014,30.104888],[31.378799,30.104677],[31.378816,30.104662],[31.379029,30.104871],[31.379048,30.104877],[31.379064,30.104872],[31.379072,30.104858],[31.379068,30.104841],[31.378854,30.104631],[31.378966,30.104537],[31.379179,30.104746],[31.379197,30.104752],[31.379214,30.104746],[31.379222,30.104733],[31.379218,30.104716],[31.379004,30.104505],[31.379025,30.104488],[31.379238,30.104697],[31.379254,30.104703],[31.379273,30.104698],[31.379282,30.104682],[31.379277,30.104668],[31.379062,30.104457],[31.379178,30.104359],[31.37939,30.104567],[31.379406,30.104573],[31.379425,30.104567],[31.379434,30.104554],[31.379429,30.104537],[31.379216,30.104327],[31.379247,30.104301],[31.37952,30.104546],[31.377741,30.106088],[31.37745,30.105826],[31.377538,30.105749],[31.377769,30.105968]],[[31.379175,30.104236],[31.37829,30.104979],[31.377377,30.105761],[31.37727,30.105668],[31.379074,30.104144],[31.379175,30.104236]],[[31.377993,30.104299],[31.377911,30.104367],[31.377875,30.104333],[31.378074,30.104159],[31.378169,30.104248],[31.378062,30.104269],[31.377993,30.104299]],[[31.378001,30.104351],[31.378049,30.104323],[31.378076,30.104313],[31.378196,30.104288],[31.378226,30.104354],[31.37805,30.104498],[31.377946,30.1044],[31.377961,30.104386],[31.378001,30.104351]],[[31.378038,30.104126],[31.377839,30.104299],[31.377629,30.104102],[31.377828,30.103936],[31.378038,30.104126]],[[31.378266,30.104164],[31.378251,30.10415],[31.378282,30.104176],[31.378278,30.104179],[31.378266,30.104164]],[[31.378333,30.104263],[31.378316,30.104233],[31.378342,30.104214],[31.378371,30.10423],[31.378333,30.104263]],[[31.378554,30.10605],[31.379476,30.105259],[31.379482,30.105436],[31.379476,30.105462],[31.379462,30.105485],[31.378828,30.10604],[31.378788,30.106057],[31.378737,30.10606],[31.378554,30.10605]],[[31.37734,30.105857],[31.377607,30.106098],[31.377237,30.105768],[31.37734,30.105857]],[[31.380172,30.105012],[31.380175,30.105015],[31.379986,30.10485],[31.379987,30.104849],[31.380172,30.105012]],[[31.379804,30.104681],[31.379915,30.104784],[31.379914,30.104785],[31.379804,30.104681]]],[[[31.379343,30.107225],[31.379337,30.107211],[31.379319,30.107204],[31.379302,30.107208],[31.379268,30.107235],[31.379339,30.107235],[31.379343,30.107225]]],[[[31.380351,30.107218],[31.380359,30.107211],[31.380383,30.107235],[31.380452,30.107235],[31.380396,30.10718],[31.38058,30.107028],[31.38058,30.106903],[31.380308,30.107129],[31.380179,30.107235],[31.380369,30.107235],[31.380351,30.107218]]],[[[31.38056,30.10368],[31.380544,30.103674],[31.380526,30.103681],[31.380518,30.103695],[31.380523,30.103711],[31.38058,30.103762],[31.38058,30.103697],[31.38056,30.10368]]],[[[31.380502,30.103726],[31.380485,30.103722],[31.380469,30.103729],[31.380462,30.103745],[31.380468,30.103759],[31.38058,30.103854],[31.38058,30.103791],[31.380502,30.103726]]],[[[31.380354,30.10362],[31.380361,30.103617],[31.380344,30.103617],[31.380354,30.10362]]],[[[31.380516,30.104695],[31.380508,30.104711],[31.380512,30.104724],[31.380521,30.104731],[31.380533,30.104734],[31.380548,30.104731],[31.38058,30.104705],[31.38058,30.104643],[31.380516,30.104695]]]]}},{"type":"Feature","properties":{},"geometry":{"type":"MultiPolygon","coordinates":[[[[31.376427,30.110803],[31.376427,30.110852],[31.376524,30.110852],[31.376427,30.110803]]],[[[31.37749,30.110852],[31.377677,30.110852],[31.37702,30.110264],[31.377701,30.110852],[31.377892,30.110852],[31.377545,30.110552],[31.377747,30.11039],[31.37777,30.110384],[31.377787,30.11039],[31.378299,30.110852],[31.378482,30.110852],[31.38028,30.109328],[31.380523,30.109551],[31.378978,30.110852],[31.379171,30.110852],[31.379839,30.110291],[31.379848,30.110298],[31.37919,30.110852],[31.379384,30.110852],[31.38058,30.109844],[31.38058,30.10968],[31.3799,30.110254],[31.379891,30.110247],[31.38058,30.109667],[31.38058,30.109358],[31.380419,30.10921],[31.38058,30.109073],[31.38058,30.108947],[31.380347,30.109144],[31.379826,30.108665],[31.380122,30.108415],[31.38058,30.108027],[31.38058,30.107805],[31.380429,30.107933],[31.380289,30.107807],[31.38027,30.107802],[31.380254,30.107809],[31.380246,30.107822],[31.380252,30.107839],[31.380392,30.107964],[31.380112,30.108203],[31.379881,30.108],[31.380036,30.107864],[31.380041,30.107849],[31.380035,30.107835],[31.380018,30.107827],[31.380001,30.107831],[31.379844,30.107968],[31.379505,30.107666],[31.379667,30.107537],[31.379674,30.10752],[31.379667,30.107506],[31.379652,30.107499],[31.379633,30.107503],[31.379469,30.107633],[31.379174,30.107371],[31.379337,30.107242],[31.379339,30.107235],[31.379268,30.107235],[31.379138,30.107338],[31.379023,30.107235],[31.378735,30.107235],[31.379026,30.107495],[31.378676,30.107797],[31.378033,30.108339],[31.377564,30.108324],[31.377417,30.107805],[31.377566,30.107769],[31.377576,30.107764],[31.377636,30.107777],[31.377706,30.107777],[31.377982,30.107712],[31.378019,30.107689],[31.378047,30.107659],[31.378065,30.107625],[31.378073,30.107591],[31.378073,30.107561],[31.378195,30.1075],[31.378256,30.107524],[31.378355,30.107576],[31.378408,30.107587],[31.378455,30.10758],[31.378498,30.107558],[31.378529,30.107524],[31.378542,30.107476],[31.378526,30.107432],[31.378442,30.107337],[31.378373,30.107266],[31.378373,30.107235],[31.378272,30.107235],[31.378272,30.107246],[31.378257,30.107299],[31.378227,30.107346],[31.378131,30.107428],[31.378019,30.107483],[31.377764,30.107534],[31.377699,30.107555],[31.377612,30.107235],[31.377505,30.107235],[31.37761,30.10762],[31.377578,30.107651],[31.377525,30.107685],[31.377392,30.107717],[31.377255,30.107235],[31.377055,30.107235],[31.377264,30.108006],[31.377194,30.10801],[31.377158,30.108001],[31.377125,30.107986],[31.377098,30.107964],[31.37708,30.107938],[31.376982,30.107523],[31.3769,30.107235],[31.376792,30.107235],[31.376875,30.107521],[31.376612,30.107569],[31.376564,30.107574],[31.376466,30.107571],[31.376427,30.107574],[31.376427,30.10762],[31.376435,30.107618],[31.376567,30.10762],[31.37662,30.107614],[31.376886,30.107565],[31.376919,30.107704],[31.376427,30.107809],[31.376427,30.107902],[31.37694,30.107793],[31.376982,30.107969],[31.377022,30.108025],[31.377066,30.10806],[31.377125,30.108087],[31.377182,30.1081],[31.377241,30.1081],[31.377287,30.108094],[31.377343,30.108321],[31.37685,30.108318],[31.376606,30.108333],[31.376598,30.108217],[31.376601,30.108203],[31.376611,30.108195],[31.377074,30.108197],[31.377092,30.108189],[31.377098,30.108173],[31.37709,30.108159],[31.377072,30.108152],[31.376629,30.108148],[31.376591,30.108154],[31.376568,30.108167],[31.376556,30.108181],[31.376548,30.1082],[31.376555,30.10834],[31.376427,30.108369],[31.376427,30.10856],[31.376464,30.108546],[31.376585,30.108519],[31.376748,30.108501],[31.376854,30.108495],[31.377003,30.108504],[31.376852,30.108616],[31.376847,30.108637],[31.376865,30.108652],[31.376889,30.108647],[31.37707,30.108514],[31.377148,30.108533],[31.377195,30.108551],[31.377276,30.108599],[31.377531,30.108839],[31.377256,30.109095],[31.377239,30.109124],[31.377229,30.10916],[31.377232,30.109197],[31.377248,30.109235],[31.377269,30.109262],[31.378691,30.110549],[31.37839,30.110804],[31.377857,30.110323],[31.377816,30.110301],[31.377778,30.110294],[31.377738,30.110296],[31.37769,30.110314],[31.377471,30.110488],[31.376967,30.110053],[31.377197,30.109824],[31.377209,30.109803],[31.377212,30.109778],[31.3772,30.109743],[31.376862,30.109433],[31.376876,30.109429],[31.376884,30.10942],[31.376886,30.109409],[31.37688,30.109397],[31.376427,30.108987],[31.376427,30.109168],[31.376573,30.109301],[31.376427,30.109441],[31.376427,30.109575],[31.376645,30.109366],[31.377102,30.109782],[31.376894,30.109989],[31.376427,30.109581],[31.376427,30.109901],[31.37749,30.110852]],[[31.378798,30.109547],[31.378948,30.109684],[31.378967,30.109689],[31.378984,30.109682],[31.378991,30.109667],[31.378985,30.109653],[31.378835,30.109516],[31.379104,30.109289],[31.379126,30.10925],[31.379136,30.109185],[31.379134,30.109168],[31.379111,30.109127],[31.379607,30.108713],[31.380208,30.109262],[31.378765,30.110486],[31.378241,30.110012],[31.37876,30.109579],[31.378798,30.109547]],[[31.379299,30.108431],[31.379536,30.108647],[31.379042,30.10906],[31.378796,30.108851],[31.379299,30.108431]],[[31.378356,30.109096],[31.378333,30.109122],[31.378317,30.10915],[31.378309,30.109175],[31.378308,30.109213],[31.378316,30.109244],[31.378329,30.109268],[31.378359,30.109297],[31.377888,30.109691],[31.377633,30.109461],[31.377739,30.109366],[31.377743,30.109351],[31.377736,30.109337],[31.37772,30.109331],[31.377703,30.109335],[31.377597,30.109428],[31.377573,30.109407],[31.377682,30.109314],[31.377688,30.1093],[31.37768,30.109284],[31.377665,30.109277],[31.377648,30.109281],[31.377537,30.109374],[31.377347,30.109202],[31.377334,30.109179],[31.377336,30.109155],[31.377344,30.109144],[31.377514,30.108986],[31.377709,30.109155],[31.377723,30.109157],[31.377735,30.109154],[31.377745,30.109144],[31.377746,30.109131],[31.377741,30.109121],[31.377689,30.109075],[31.37775,30.109125],[31.377767,30.109127],[31.37778,30.109121],[31.377788,30.109105],[31.377782,30.109091],[31.377583,30.108922],[31.377633,30.108877],[31.377708,30.108843],[31.377753,30.108814],[31.378016,30.108596],[31.378175,30.108732],[31.378194,30.108737],[31.378209,30.108731],[31.378217,30.108715],[31.378211,30.1087],[31.378053,30.108565],[31.378564,30.108135],[31.378724,30.108281],[31.378738,30.108287],[31.378752,30.108284],[31.378763,30.108275],[31.378767,30.108263],[31.378798,30.108287],[31.378829,30.108291],[31.37882,30.108303],[31.37882,30.108316],[31.378828,30.108327],[31.378842,30.108332],[31.378863,30.108326],[31.379027,30.108183],[31.379227,30.108366],[31.378686,30.108818],[31.378356,30.109096]],[[31.378632,30.108077],[31.378777,30.107955],[31.378964,30.108125],[31.378824,30.108244],[31.378818,30.108245],[31.378632,30.108077]],[[31.378921,30.107833],[31.379168,30.107622],[31.37996,30.108332],[31.379703,30.108551],[31.378921,30.107833]],[[31.380038,30.108266],[31.380034,30.108269],[31.379597,30.107877],[31.379789,30.108048],[31.380038,30.108266]],[[31.377183,30.108448],[31.377123,30.108431],[31.37697,30.108409],[31.377522,30.108413],[31.377932,30.108426],[31.37765,30.10867],[31.377617,30.108702],[31.377581,30.108753],[31.377343,30.108529],[31.377245,30.108472],[31.377183,30.108448]],[[31.377742,30.107637],[31.377764,30.107629],[31.378021,30.107575],[31.378015,30.107613],[31.378001,30.107636],[31.377982,30.107657],[31.37796,30.107671],[31.377698,30.107732],[31.377631,30.10773],[31.377678,30.107691],[31.377705,30.107662],[31.377742,30.107637]],[[31.378351,30.107337],[31.378358,30.107319],[31.378481,30.107456],[31.378489,30.107481],[31.378482,30.107504],[31.378464,30.107524],[31.378438,30.107537],[31.378408,30.107541],[31.378376,30.107535],[31.378282,30.107485],[31.378238,30.107466],[31.378314,30.107395],[31.378351,30.107337]],[[31.37745,30.108322],[31.3774,30.108121],[31.377457,30.108322],[31.37745,30.108322]],[[31.376622,30.108423],[31.376576,30.108428],[31.376592,30.108425],[31.376622,30.108423]],[[31.37796,30.109756],[31.378434,30.109359],[31.378649,30.109546],[31.378169,30.109946],[31.37796,30.109756]],[[31.378419,30.109222],[31.378412,30.109192],[31.378421,30.10917],[31.378721,30.108914],[31.379003,30.109153],[31.379032,30.109191],[31.379026,30.109225],[31.379019,30.109237],[31.378724,30.109483],[31.378488,30.109278],[31.378419,30.109222]]],[[[31.379769,30.107336],[31.379764,30.107352],[31.379771,30.107366],[31.379787,30.107372],[31.379806,30.107367],[31.379926,30.10726],[31.380018,30.107341],[31.380059,30.107358],[31.380094,30.107365],[31.380126,30.107365],[31.380113,30.107385],[31.379972,30.107508],[31.379969,30.107529],[31.379988,30.107543],[31.38001,30.107538],[31.380151,30.107416],[31.380172,30.10739],[31.380182,30.10735],[31.380209,30.107335],[31.380313,30.107249],[31.380473,30.107401],[31.380492,30.107407],[31.38051,30.107399],[31.380516,30.107385],[31.380511,30.107371],[31.380369,30.107235],[31.380179,30.107235],[31.380144,30.107264],[31.380128,30.107272],[31.380103,30.107275],[31.380078,30.107266],[31.380064,30.107254],[31.380042,30.107235],[31.379881,30.107235],[31.379769,30.107336]]],[[[31.380515,30.107366],[31.380533,30.107372],[31.380551,30.107365],[31.380558,30.107351],[31.380554,30.107337],[31.380452,30.107235],[31.380383,30.107235],[31.380515,30.107366]]]]}},{"type":"Feature","properties":{},"geometry":{"type":"MultiPolygon","coordinates":[[[[31.376865,30.113943],[31.377941,30.11447],[31.378305,30.11447],[31.376528,30.113613],[31.376427,30.113561],[31.376427,30.113724],[31.376865,30.113943]]],[[[31.378819,30.11447],[31.379244,30.11447],[31.37894,30.114322],[31.37892,30.11426],[31.378905,30.114173],[31.378924,30.114074],[31.378941,30.114035],[31.379194,30.113979],[31.379549,30.113928],[31.379626,30.113896],[31.379691,30.113847],[31.379731,30.11378],[31.379744,30.113676],[31.379719,30.113555],[31.379669,30.11347],[31.379609,30.113421],[31.379534,30.113402],[31.37945,30.1134],[31.379378,30.113423],[31.379284,30.113476],[31.379229,30.113566],[31.379181,30.11361],[31.379008,30.113674],[31.378969,30.113626],[31.378725,30.113488],[31.378658,30.113471],[31.378557,30.113471],[31.378472,30.113521],[31.378354,30.113665],[31.378252,30.113769],[31.378133,30.113848],[31.378045,30.113885],[31.3765,30.113129],[31.376427,30.113095],[31.376427,30.113301],[31.378819,30.11447]],[[31.378876,30.11429],[31.378101,30.113912],[31.37816,30.113887],[31.378288,30.113802],[31.378394,30.113693],[31.378466,30.113606],[31.378759,30.113736],[31.378965,30.113849],[31.378874,30.114062],[31.378853,30.114171],[31.378876,30.11429]],[[31.379149,30.113854],[31.379203,30.113802],[31.379255,30.113766],[31.379294,30.113763],[31.379321,30.113777],[31.37934,30.113807],[31.379368,30.113908],[31.379182,30.113935],[31.378964,30.113983],[31.378993,30.113915],[31.379077,30.113891],[31.379149,30.113854]],[[31.37936,30.113746],[31.379311,30.113719],[31.37924,30.113722],[31.379167,30.113769],[31.379117,30.113819],[31.379056,30.113849],[31.379015,30.113861],[31.379035,30.113791],[31.379026,30.113716],[31.379212,30.113646],[31.379272,30.113592],[31.379323,30.113507],[31.379402,30.113463],[31.379454,30.113445],[31.379527,30.113447],[31.379586,30.113462],[31.379626,30.113496],[31.379671,30.113572],[31.379692,30.11368],[31.379681,30.113766],[31.379648,30.11382],[31.379597,30.113858],[31.379534,30.113885],[31.379419,30.113901],[31.379388,30.11379],[31.37936,30.113746]],[[31.378978,30.113803],[31.378783,30.113697],[31.378496,30.113569],[31.37851,30.113552],[31.378572,30.113515],[31.378651,30.113516],[31.378702,30.113529],[31.378934,30.11366],[31.378973,30.11371],[31.378983,30.113788],[31.378978,30.113803]]],[[[31.377111,30.111711],[31.377241,30.111779],[31.377358,30.111864],[31.377452,30.111958],[31.377529,30.112063],[31.377599,30.112204],[31.377667,30.112435],[31.377713,30.112524],[31.377789,30.112623],[31.377868,30.112692],[31.377966,30.112753],[31.378112,30.112797],[31.378251,30.112811],[31.378425,30.112795],[31.378562,30.112748],[31.378679,30.112674],[31.378767,30.112589],[31.37883,30.112485],[31.3789,30.11252],[31.378882,30.112604],[31.37888,30.112682],[31.378891,30.11276],[31.378917,30.11284],[31.378954,30.112912],[31.378999,30.112973],[31.379062,30.113037],[31.37913,30.113088],[31.379201,30.113128],[31.379289,30.113163],[31.379376,30.113185],[31.379465,30.113195],[31.379556,30.113194],[31.379639,30.113184],[31.379726,30.113161],[31.379808,30.113129],[31.379884,30.113086],[31.379965,30.113032],[31.380049,30.112988],[31.380198,30.112923],[31.38033,30.112934],[31.380527,30.112941],[31.38058,30.112939],[31.38058,30.112867],[31.380525,30.112868],[31.380379,30.112864],[31.38058,30.112815],[31.38058,30.112741],[31.380565,30.112743],[31.380308,30.112807],[31.380183,30.112849],[31.379957,30.112817],[31.379771,30.112779],[31.379589,30.112729],[31.379411,30.11267],[31.379238,30.112601],[31.378999,30.112486],[31.379016,30.112455],[31.379188,30.112507],[31.379603,30.112609],[31.379815,30.11265],[31.38003,30.11268],[31.380246,30.112699],[31.380463,30.112707],[31.38058,30.112706],[31.38058,30.112525],[31.380469,30.112527],[31.380264,30.112519],[31.38006,30.112501],[31.379857,30.112472],[31.379657,30.112434],[31.379248,30.112333],[31.379147,30.112303],[31.379156,30.112297],[31.379334,30.112346],[31.379585,30.112403],[31.37982,30.112446],[31.380057,30.112479],[31.380296,30.112502],[31.380535,30.112509],[31.38058,30.112509],[31.38058,30.112275],[31.380488,30.112273],[31.380221,30.112257],[31.380102,30.112243],[31.379891,30.112201],[31.37967,30.112143],[31.379578,30.112124],[31.379488,30.112118],[31.3794,30.112121],[31.379294,30.112145],[31.379123,30.112097],[31.378918,30.11203],[31.378752,30.111969],[31.378701,30.111912],[31.378606,30.111839],[31.378473,30.11178],[31.37827,30.111706],[31.378056,30.111618],[31.377853,30.111527],[31.376524,30.110852],[31.376427,30.110852],[31.376427,30.110887],[31.377617,30.111491],[31.377283,30.111328],[31.376675,30.111029],[31.376427,30.110891],[31.376427,30.111266],[31.378101,30.112115],[31.378303,30.112196],[31.378373,30.112244],[31.378529,30.112335],[31.378757,30.112449],[31.378698,30.112549],[31.378624,30.11262],[31.378521,30.112685],[31.3784,30.112726],[31.378256,30.112738],[31.37813,30.112726],[31.378009,30.11269],[31.377921,30.112637],[31.377851,30.112575],[31.377786,30.11249],[31.377746,30.112412],[31.377678,30.112183],[31.377604,30.112031],[31.377519,30.111915],[31.377416,30.111813],[31.377287,30.111718],[31.376427,30.111289],[31.376427,30.111372],[31.377111,30.111711]],[[31.378937,30.112431],[31.378926,30.11245],[31.378851,30.112412],[31.378853,30.112403],[31.378921,30.112426],[31.378937,30.112431]],[[31.379064,30.112271],[31.379059,30.112276],[31.378992,30.112256],[31.378863,30.112211],[31.378862,30.112205],[31.379057,30.112269],[31.379064,30.112271]],[[31.378548,30.111894],[31.378173,30.11175],[31.378075,30.111706],[31.378237,30.111773],[31.378436,30.111845],[31.378548,30.111894]],[[31.378771,30.112172],[31.378773,30.11218],[31.378674,30.112146],[31.378359,30.11202],[31.378771,30.112172]],[[31.379856,30.112268],[31.37963,30.112226],[31.379474,30.112191],[31.379568,30.112196],[31.379647,30.112212],[31.379752,30.112242],[31.379856,30.112268]],[[31.380052,30.112905],[31.37992,30.112971],[31.379837,30.113026],[31.379771,30.113064],[31.3797,30.113093],[31.379624,30.113112],[31.379547,30.113123],[31.379468,30.113123],[31.37939,30.113113],[31.379315,30.113094],[31.379244,30.113066],[31.379178,30.113029],[31.379119,30.112984],[31.379068,30.112933],[31.379026,30.112875],[31.378994,30.112813],[31.378973,30.112748],[31.378963,30.11268],[31.378965,30.112613],[31.378975,30.112557],[31.3792,30.112665],[31.37938,30.112737],[31.379563,30.112798],[31.379751,30.112849],[31.379939,30.112888],[31.380052,30.112905]]],[[[31.37787,30.111193],[31.377958,30.111251],[31.378046,30.111296],[31.378141,30.111332],[31.378241,30.111357],[31.378344,30.111371],[31.378449,30.111374],[31.378548,30.111367],[31.378651,30.111348],[31.378755,30.111316],[31.378852,30.111274],[31.378972,30.1112],[31.379384,30.110852],[31.37919,30.110852],[31.378882,30.111112],[31.378786,30.111171],[31.378698,30.11121],[31.378612,30.111235],[31.378524,30.111251],[31.378442,30.111257],[31.378354,30.111254],[31.378267,30.111241],[31.378183,30.11122],[31.378104,30.11119],[31.37803,30.111152],[31.377956,30.111102],[31.377677,30.110852],[31.37749,30.110852],[31.37787,30.111193]]],[[[31.378316,30.110867],[31.378119,30.111034],[31.378084,30.111014],[31.378022,30.110965],[31.377892,30.110852],[31.377701,30.110852],[31.377928,30.111049],[31.377997,30.111104],[31.37808,30.111153],[31.378175,30.111193],[31.37826,30.111217],[31.378349,30.111231],[31.37844,30.111236],[31.378535,30.111229],[31.378628,30.111212],[31.378718,30.111184],[31.378802,30.111145],[31.378885,30.111093],[31.379171,30.110852],[31.378978,30.110852],[31.378853,30.110958],[31.378796,30.111005],[31.378734,30.111043],[31.378667,30.111075],[31.378594,30.111098],[31.378519,30.111112],[31.378442,30.111118],[31.378369,30.111115],[31.378297,30.111103],[31.378215,30.111079],[31.378482,30.110852],[31.378299,30.110852],[31.378316,30.110867]]]]}},{"type":"Feature","properties":{},"geometry":{"type":"Polygon","coordinates":[[[31.38058,30.115762],[31.38058,30.115575],[31.379318,30.114958],[31.379434,30.11477],[31.38058,30.115332],[31.38058,30.115124],[31.380027,30.114854],[31.38058,30.114957],[31.38058,30.114809],[31.379544,30.114617],[31.379244,30.11447],[31.378819,30.11447],[31.379361,30.114735],[31.379246,30.114923],[31.378305,30.11447],[31.377941,30.11447],[31.38058,30.115762]]]}},{"type":"Feature","properties":{},"geometry":{"type":"MultiPolygon","coordinates":[[[[31.376427,30.124419],[31.376427,30.124688],[31.376866,30.125035],[31.376852,30.125046],[31.376427,30.124712],[31.376427,30.12487],[31.376787,30.125153],[31.37701,30.125322],[31.37721,30.125322],[31.376915,30.125094],[31.376927,30.125084],[31.377228,30.125322],[31.377568,30.125322],[31.376427,30.124419]]],[[[31.377668,30.125322],[31.37801,30.125322],[31.376427,30.124082],[31.376427,30.124349],[31.377668,30.125322]]],[[[31.376427,30.125245],[31.376427,30.125322],[31.376528,30.125322],[31.376427,30.125245]]],[[[31.377149,30.124538],[31.378152,30.125322],[31.37823,30.125322],[31.377184,30.124505],[31.376427,30.123903],[31.376427,30.123964],[31.377149,30.124538]]]]}},{"type":"Feature","properties":{},"geometry":{"type":"MultiPolygon","coordinates":[[[[31.377568,30.125322],[31.377228,30.125322],[31.379987,30.127507],[31.379721,30.127299],[31.379052,30.126775],[31.377598,30.125623],[31.37721,30.125322],[31.37701,30.125322],[31.377049,30.125352],[31.376833,30.125558],[31.376528,30.125322],[31.376427,30.125322],[31.376427,30.125365],[31.376768,30.125628],[31.376684,30.125732],[31.376595,30.125872],[31.376553,30.125847],[31.376462,30.12578],[31.376427,30.125751],[31.376427,30.125872],[31.376428,30.125873],[31.376427,30.125873],[31.376427,30.125974],[31.376495,30.126],[31.376427,30.126153],[31.376427,30.126619],[31.376475,30.126506],[31.37773,30.126927],[31.377611,30.127211],[31.376427,30.126835],[31.376427,30.126931],[31.377575,30.127296],[31.377425,30.127654],[31.376427,30.127327],[31.376427,30.127424],[31.376544,30.127463],[31.376427,30.12773],[31.376427,30.127983],[31.376484,30.127853],[31.377242,30.128116],[31.377106,30.128438],[31.376427,30.128199],[31.376427,30.128297],[31.376642,30.128372],[31.376474,30.12874],[31.376427,30.128723],[31.376427,30.128821],[31.376436,30.128824],[31.376427,30.128844],[31.376427,30.12894],[31.376494,30.12894],[31.376739,30.128406],[31.37707,30.128523],[31.376894,30.12894],[31.377004,30.12894],[31.377339,30.128149],[31.377684,30.128268],[31.377408,30.12894],[31.377518,30.12894],[31.377667,30.128577],[31.378192,30.128748],[31.378103,30.12894],[31.378215,30.12894],[31.378289,30.128779],[31.378307,30.128784],[31.378233,30.12894],[31.378346,30.12894],[31.379183,30.127162],[31.37921,30.127132],[31.379245,30.127111],[31.379269,30.127104],[31.38058,30.128127],[31.38058,30.127707],[31.377568,30.125322]],[[31.379089,30.127122],[31.378754,30.127834],[31.378737,30.127829],[31.379103,30.127045],[31.379115,30.126983],[31.379184,30.127038],[31.379136,30.127068],[31.379089,30.127122]],[[31.37869,30.127695],[31.378431,30.127617],[31.378407,30.127606],[31.378507,30.127386],[31.378511,30.127368],[31.378499,30.12734],[31.378469,30.127325],[31.378434,30.127329],[31.378411,30.127352],[31.378298,30.1276],[31.378297,30.127623],[31.378313,30.127654],[31.378332,30.127674],[31.37839,30.127701],[31.378649,30.127778],[31.378231,30.128664],[31.377702,30.128492],[31.378516,30.12651],[31.378981,30.126878],[31.378999,30.126911],[31.379014,30.126957],[31.379004,30.127017],[31.37869,30.127695]],[[31.377546,30.125741],[31.378432,30.126444],[31.378316,30.126727],[31.37734,30.125944],[31.377546,30.125741]],[[31.376665,30.125953],[31.376716,30.125863],[31.37677,30.125782],[31.376878,30.125649],[31.377126,30.125412],[31.377469,30.125681],[31.376964,30.126179],[31.376679,30.125982],[31.376665,30.125953]],[[31.377843,30.12788],[31.377719,30.128183],[31.376521,30.127769],[31.376641,30.127495],[31.377438,30.127755],[31.377843,30.12788]],[[31.377878,30.127794],[31.377523,30.127685],[31.377987,30.126587],[31.378278,30.126819],[31.377878,30.127794]],[[31.377582,30.1267],[31.377534,30.126648],[31.377042,30.126238],[31.377272,30.126012],[31.377905,30.126521],[31.377766,30.126842],[31.377627,30.126796],[31.377614,30.126755],[31.377582,30.1267]],[[31.377497,30.126753],[31.376511,30.126421],[31.376658,30.126083],[31.376936,30.126275],[31.377459,30.126712],[31.377495,30.126749],[31.377497,30.126753]],[[31.378696,30.127912],[31.378715,30.127918],[31.378346,30.1287],[31.378329,30.128695],[31.378696,30.127912]]],[[[31.379942,30.127104],[31.38058,30.127607],[31.38058,30.127339],[31.380095,30.126956],[31.37801,30.125322],[31.377668,30.125322],[31.379942,30.127104]]],[[[31.379081,30.126049],[31.38058,30.127235],[31.38058,30.127174],[31.379116,30.126015],[31.37823,30.125322],[31.378152,30.125322],[31.379081,30.126049]]]]}},{"type":"Feature","properties":{},"geometry":{"type":"MultiPolygon","coordinates":[[[[31.37673,30.132242],[31.376822,30.132044],[31.376817,30.132042],[31.376831,30.132023],[31.3778,30.129917],[31.376427,30.129509],[31.376427,30.129634],[31.377594,30.129981],[31.377603,30.129998],[31.377607,30.130031],[31.377598,30.130068],[31.377271,30.130768],[31.376427,30.130493],[31.376427,30.13054],[31.376909,30.130695],[31.376895,30.130721],[31.376883,30.13073],[31.376853,30.130737],[31.376835,30.130734],[31.376427,30.130628],[31.376427,30.130674],[31.376553,30.130707],[31.376526,30.13077],[31.376427,30.130741],[31.376427,30.130789],[31.376507,30.130813],[31.376456,30.130926],[31.376432,30.130941],[31.376427,30.130941],[31.376427,30.130988],[31.376452,30.130983],[31.376477,30.130971],[31.376497,30.130953],[31.376512,30.130931],[31.376603,30.13072],[31.376821,30.130778],[31.376852,30.130783],[31.376883,30.130779],[31.376912,30.130768],[31.376935,30.130749],[31.376957,30.130711],[31.377252,30.13081],[31.376717,30.13196],[31.37669,30.131995],[31.376427,30.131899],[31.376427,30.132137],[31.37673,30.132242]]],[[[31.377164,30.129673],[31.379373,30.130288],[31.379369,30.130296],[31.379439,30.130316],[31.379443,30.130307],[31.380536,30.130608],[31.38058,30.13062],[31.38058,30.130427],[31.380541,30.130486],[31.378055,30.129796],[31.378039,30.129792],[31.378016,30.129755],[31.378004,30.129707],[31.378008,30.129658],[31.378346,30.12894],[31.378233,30.12894],[31.377909,30.12963],[31.377899,30.129711],[31.37791,30.129756],[31.377811,30.129728],[31.377833,30.129712],[31.377876,30.129662],[31.37791,30.129603],[31.378215,30.12894],[31.378103,30.12894],[31.377816,30.129565],[31.377788,30.129615],[31.377758,30.12965],[31.37772,30.129675],[31.377685,30.129687],[31.377664,30.129687],[31.377257,30.129575],[31.377518,30.12894],[31.377408,30.12894],[31.377158,30.129548],[31.376791,30.129443],[31.377004,30.12894],[31.376894,30.12894],[31.376692,30.129416],[31.376427,30.129341],[31.376427,30.129466],[31.377164,30.129673]]],[[[31.376494,30.12894],[31.376427,30.12894],[31.376427,30.129088],[31.376494,30.12894]]]]}},{"type":"Feature","properties":{},"geometry":{"type":"Polygon","coordinates":[[[31.384124,30.080118],[31.383806,30.080081],[31.383391,30.08],[31.382382,30.08],[31.382986,30.080106],[31.383358,30.080179],[31.382691,30.080229],[31.382518,30.080251],[31.382177,30.08031],[31.381926,30.080368],[31.381845,30.080148],[31.381833,30.080125],[31.381814,30.080106],[31.381788,30.080092],[31.381759,30.080084],[31.381727,30.080085],[31.381481,30.080165],[31.381459,30.080181],[31.381443,30.080202],[31.381436,30.080224],[31.381438,30.080248],[31.381545,30.080479],[31.381253,30.080582],[31.381048,30.080666],[31.380846,30.080758],[31.38064,30.080865],[31.38058,30.0809],[31.38058,30.080954],[31.380667,30.080904],[31.380872,30.080797],[31.381071,30.080706],[31.381274,30.080623],[31.381481,30.080548],[31.381696,30.080479],[31.381916,30.080417],[31.382052,30.080384],[31.382357,30.080322],[31.382526,30.080296],[31.382696,30.080274],[31.382859,30.080262],[31.382862,30.080328],[31.38287,30.080347],[31.382895,30.080371],[31.382862,30.080453],[31.382836,30.080556],[31.382834,30.080574],[31.382842,30.080597],[31.382814,30.080735],[31.382577,30.080647],[31.38238,30.080601],[31.382191,30.080573],[31.3819,30.080547],[31.381886,30.08055],[31.381876,30.080557],[31.381874,30.080578],[31.381893,30.080592],[31.382185,30.080618],[31.38237,30.080645],[31.382558,30.08069],[31.382805,30.080781],[31.382776,30.080944],[31.382168,30.080867],[31.382107,30.080878],[31.382076,30.080908],[31.382019,30.081134],[31.381988,30.081282],[31.381959,30.081326],[31.381913,30.081335],[31.381659,30.081273],[31.381617,30.081202],[31.38155,30.081132],[31.381465,30.081074],[31.381366,30.081034],[31.381263,30.081015],[31.381153,30.081016],[31.381049,30.081038],[31.380952,30.08108],[31.38087,30.081139],[31.380804,30.081213],[31.380759,30.081297],[31.380737,30.081388],[31.380738,30.081481],[31.380764,30.081572],[31.380814,30.081657],[31.380883,30.081729],[31.380966,30.081784],[31.381042,30.081814],[31.381023,30.081913],[31.381076,30.081913],[31.381092,30.081828],[31.381168,30.081842],[31.381273,30.081841],[31.381377,30.081819],[31.381476,30.081777],[31.381559,30.081717],[31.381625,30.081644],[31.381671,30.081557],[31.381692,30.081466],[31.38169,30.081375],[31.381676,30.081325],[31.381908,30.081381],[31.381981,30.081368],[31.381995,30.081361],[31.382038,30.081296],[31.382069,30.081144],[31.382124,30.080927],[31.382136,30.080917],[31.382164,30.080912],[31.382765,30.080988],[31.382627,30.081472],[31.382086,30.081368],[31.382066,30.081371],[31.382055,30.081385],[31.382058,30.081402],[31.382075,30.081412],[31.382615,30.081516],[31.382506,30.081913],[31.382559,30.081913],[31.382671,30.081505],[31.382823,30.080975],[31.382893,30.080608],[31.382919,30.080581],[31.382963,30.080487],[31.383013,30.080396],[31.383086,30.080406],[31.383121,30.080399],[31.383154,30.08038],[31.383178,30.080349],[31.383198,30.080236],[31.383527,30.080212],[31.383764,30.080258],[31.383934,30.080281],[31.384107,30.080298],[31.384333,30.080313],[31.384455,30.080374],[31.384541,30.080425],[31.38462,30.080483],[31.384693,30.080547],[31.384733,30.080589],[31.384733,30.080415],[31.384714,30.080398],[31.384626,30.080334],[31.384733,30.080342],[31.384733,30.080161],[31.384124,30.080118]],[[31.383082,30.08036],[31.383058,30.080357],[31.382926,30.080335],[31.382913,30.080318],[31.38291,30.080258],[31.383145,30.08024],[31.383128,30.080334],[31.383117,30.080347],[31.383101,30.080357],[31.383082,30.08036]],[[31.381593,30.080463],[31.38154,30.08035],[31.381832,30.08026],[31.381876,30.080381],[31.381679,30.080436],[31.381593,30.080463]],[[31.381491,30.08022],[31.381506,30.080205],[31.381574,30.080182],[31.381616,30.080279],[31.381521,30.080308],[31.381488,30.080237],[31.381491,30.08022]],[[31.381752,30.080129],[31.381779,30.08014],[31.381796,30.080163],[31.381816,30.080217],[31.381665,30.080264],[31.381623,30.080167],[31.381719,30.080134],[31.381752,30.080129]],[[31.381255,30.08106],[31.381349,30.081077],[31.381436,30.081112],[31.381512,30.081162],[31.381573,30.081226],[31.381616,30.081301],[31.381639,30.081381],[31.38164,30.081464],[31.381621,30.081545],[31.38158,30.08162],[31.381522,30.081686],[31.381448,30.081738],[31.381362,30.081776],[31.381269,30.081795],[31.381173,30.081797],[31.381079,30.08178],[31.380992,30.081745],[31.380917,30.081694],[31.380856,30.08163],[31.380813,30.081556],[31.38079,30.081476],[31.380788,30.081393],[31.380808,30.081312],[31.380848,30.081236],[31.380907,30.081171],[31.380981,30.081118],[31.381066,30.081081],[31.38116,30.081061],[31.381255,30.08106]],[[31.38296,30.080388],[31.382906,30.080488],[31.382912,30.080465],[31.382945,30.080385],[31.38296,30.080388]]]}},{"type":"Feature","properties":{},"geometry":{"type":"MultiPolygon","coordinates":[[[[31.381339,30.084436],[31.381381,30.08443],[31.381406,30.084412],[31.381418,30.084388],[31.381813,30.083311],[31.38182,30.083288],[31.381816,30.083267],[31.381798,30.083242],[31.381769,30.083226],[31.38058,30.082888],[31.38058,30.082938],[31.380583,30.082936],[31.380976,30.083048],[31.38058,30.084125],[31.38058,30.08425],[31.381339,30.084436]],[[31.381364,30.084385],[31.381347,30.084391],[31.380603,30.084211],[31.381025,30.083062],[31.381751,30.083269],[31.381766,30.08328],[31.381764,30.083298],[31.381369,30.084373],[31.381364,30.084385]]],[[[31.380623,30.082808],[31.380657,30.082812],[31.380688,30.082804],[31.380722,30.08278],[31.380756,30.082634],[31.380748,30.082602],[31.380727,30.082576],[31.380686,30.082552],[31.38058,30.082533],[31.38058,30.082579],[31.380669,30.082595],[31.380688,30.082605],[31.3807,30.082621],[31.380704,30.082639],[31.380677,30.082755],[31.380653,30.082766],[31.38058,30.082748],[31.38058,30.082797],[31.380623,30.082808]]],[[[31.384553,30.083214],[31.384685,30.083243],[31.384733,30.083263],[31.384733,30.083163],[31.384721,30.083158],[31.384677,30.083148],[31.384695,30.0831],[31.384696,30.083063],[31.38469,30.083045],[31.384726,30.083033],[31.384733,30.083028],[31.384733,30.082913],[31.38467,30.082956],[31.384571,30.082979],[31.384543,30.082982],[31.384238,30.082934],[31.382379,30.082546],[31.382425,30.082403],[31.382559,30.081913],[31.382506,30.081913],[31.38238,30.082371],[31.381172,30.082175],[31.381154,30.082178],[31.381142,30.082191],[31.381145,30.08221],[31.381162,30.08222],[31.382366,30.082415],[31.382328,30.082536],[31.381003,30.082273],[31.381019,30.082201],[31.381076,30.081913],[31.381023,30.081913],[31.380994,30.082054],[31.38058,30.081978],[31.38058,30.082024],[31.380985,30.082099],[31.380972,30.082171],[31.38058,30.082098],[31.38058,30.082144],[31.380963,30.082215],[31.380952,30.082263],[31.38058,30.082196],[31.38058,30.082289],[31.380957,30.082356],[31.382329,30.082629],[31.384215,30.083023],[31.384532,30.083072],[31.384575,30.08307],[31.384588,30.083073],[31.384592,30.083089],[31.384578,30.083116],[31.384561,30.083123],[31.38058,30.082332],[31.38058,30.082425],[31.384553,30.083214]]],[[[31.384583,30.08553],[31.384718,30.08553],[31.384733,30.085329],[31.384733,30.083527],[31.384583,30.08553]]]]}},{"type":"Feature","properties":{},"geometry":{"type":"MultiPolygon","coordinates":[[[[31.381709,30.088199],[31.381722,30.08816],[31.38174,30.088133],[31.381765,30.088109],[31.381792,30.088091],[31.381852,30.088079],[31.38198,30.08807],[31.383596,30.089148],[31.383816,30.089148],[31.38379,30.089129],[31.381497,30.087602],[31.381257,30.087438],[31.381067,30.087323],[31.380878,30.087218],[31.380682,30.087118],[31.38058,30.08707],[31.38058,30.087204],[31.380614,30.08722],[31.380806,30.087318],[31.380993,30.087422],[31.381175,30.087532],[31.381421,30.0877],[31.381471,30.087824],[31.381499,30.08791],[31.380868,30.088036],[31.380839,30.088035],[31.380816,30.088023],[31.380803,30.088006],[31.380678,30.087551],[31.38066,30.087514],[31.38063,30.087478],[31.380596,30.087452],[31.38058,30.087444],[31.38058,30.087583],[31.380705,30.088038],[31.380725,30.088069],[31.380745,30.088089],[31.38077,30.088106],[31.380816,30.088123],[31.380848,30.088127],[31.380887,30.088124],[31.381525,30.087997],[31.381561,30.088113],[31.381606,30.088211],[31.381625,30.088288],[31.380704,30.088465],[31.380679,30.088374],[31.380802,30.08835],[31.380811,30.088343],[31.380816,30.08833],[31.380811,30.088318],[31.380802,30.08831],[31.380784,30.088308],[31.38058,30.088346],[31.38058,30.088392],[31.380629,30.088383],[31.380653,30.088474],[31.38058,30.088489],[31.38058,30.088581],[31.381647,30.088376],[31.381725,30.088694],[31.381092,30.088819],[31.381054,30.088834],[31.381018,30.088865],[31.381002,30.088889],[31.380993,30.088916],[31.380993,30.088955],[31.381044,30.089148],[31.381149,30.089148],[31.381096,30.08894],[31.381099,30.088923],[31.381113,30.088909],[31.381746,30.088782],[31.381818,30.089075],[31.381451,30.089148],[31.381942,30.089148],[31.381709,30.088199]],[[31.381737,30.088014],[31.381694,30.088043],[31.381658,30.088079],[31.381571,30.087799],[31.381857,30.087988],[31.381789,30.087997],[31.381737,30.088014]]],[[[31.384689,30.089129],[31.384667,30.089091],[31.384652,30.089046],[31.384646,30.088998],[31.384733,30.08779],[31.384733,30.0859],[31.384513,30.088939],[31.384511,30.088999],[31.384517,30.089052],[31.384434,30.089047],[31.384452,30.088994],[31.384463,30.088927],[31.384718,30.08553],[31.384583,30.08553],[31.384329,30.088914],[31.38432,30.088969],[31.384303,30.089018],[31.384275,30.089063],[31.384237,30.089102],[31.38419,30.089135],[31.38414,30.089123],[31.384057,30.089095],[31.383978,30.08906],[31.383903,30.089019],[31.381325,30.087284],[31.381132,30.087167],[31.380938,30.087059],[31.38074,30.086959],[31.38058,30.086884],[31.38058,30.087018],[31.380673,30.087061],[31.380868,30.08716],[31.381059,30.087266],[31.381244,30.087378],[31.383823,30.089114],[31.383884,30.089148],[31.384709,30.089148],[31.384689,30.089129]]],[[[31.38061,30.087442],[31.380624,30.087444],[31.380638,30.087439],[31.380646,30.087428],[31.380646,30.087415],[31.380638,30.087404],[31.38058,30.087378],[31.38058,30.087428],[31.38061,30.087442]]],[[[31.380651,30.089049],[31.380636,30.089018],[31.380601,30.088979],[31.38058,30.088966],[31.38058,30.089148],[31.380679,30.089148],[31.380651,30.089049]]]]}},{"type":"Feature","properties":{},"geometry":{"type":"MultiPolygon","coordinates":[[[[31.384721,30.091942],[31.384733,30.091879],[31.384733,30.091606],[31.38467,30.091927],[31.384667,30.091962],[31.384672,30.09201],[31.384696,30.092073],[31.384697,30.092088],[31.384682,30.092113],[31.384668,30.092121],[31.384636,30.092125],[31.384621,30.092121],[31.384598,30.092102],[31.384593,30.092075],[31.384626,30.091956],[31.384724,30.091431],[31.384733,30.091401],[31.384733,30.091233],[31.384688,30.091364],[31.384661,30.091482],[31.384575,30.091948],[31.384541,30.092068],[31.384542,30.092098],[31.384551,30.092122],[31.384564,30.092137],[31.38457,30.092288],[31.383574,30.092487],[31.383584,30.092394],[31.383591,30.092219],[31.38358,30.092043],[31.383549,30.091869],[31.38348,30.091662],[31.383297,30.091268],[31.383232,30.09107],[31.383189,30.090867],[31.383178,30.090732],[31.384413,30.090617],[31.384468,30.090618],[31.384522,30.090626],[31.384574,30.09064],[31.384624,30.09066],[31.38467,30.090686],[31.384711,30.090717],[31.384733,30.090738],[31.384733,30.090674],[31.384702,30.09065],[31.384647,30.09062],[31.384591,30.090597],[31.384536,30.090582],[31.384471,30.090573],[31.38441,30.090572],[31.383176,30.090686],[31.383175,30.090675],[31.384382,30.090554],[31.384477,30.090548],[31.384569,30.090552],[31.384662,30.090581],[31.384733,30.090622],[31.384733,30.090568],[31.384686,30.090541],[31.384578,30.090507],[31.384478,30.090503],[31.384378,30.090509],[31.382776,30.090668],[31.382802,30.090212],[31.382798,30.090184],[31.382846,30.090162],[31.382908,30.090152],[31.383474,30.090093],[31.383489,30.090085],[31.383494,30.090071],[31.383488,30.090056],[31.383473,30.090049],[31.3829,30.090107],[31.38283,30.090119],[31.382791,30.090133],[31.382762,30.09015],[31.382725,30.090147],[31.382619,30.090152],[31.38156,30.090261],[31.381098,30.090319],[31.381072,30.090325],[31.381046,30.09034],[31.380606,30.090381],[31.38058,30.090387],[31.38058,30.090431],[31.380581,30.090431],[31.381026,30.090387],[31.380997,30.090716],[31.380999,30.09077],[31.381015,30.090819],[31.381048,30.090858],[31.381105,30.090909],[31.381376,30.091135],[31.38111,30.091549],[31.380999,30.091485],[31.38058,30.091296],[31.38058,30.091347],[31.380974,30.091525],[31.381024,30.091554],[31.380911,30.09156],[31.380809,30.091576],[31.380593,30.091502],[31.38058,30.091498],[31.38058,30.091949],[31.38064,30.09197],[31.380582,30.092013],[31.38058,30.092016],[31.38058,30.092211],[31.380606,30.092143],[31.380661,30.092072],[31.380737,30.092017],[31.380749,30.092012],[31.380926,30.092089],[31.381079,30.092166],[31.381225,30.092252],[31.381364,30.092346],[31.381496,30.092448],[31.38162,30.092557],[31.381735,30.092673],[31.381814,30.092765],[31.382264,30.092765],[31.382256,30.092752],[31.382084,30.09252],[31.381894,30.092309],[31.381675,30.092109],[31.381372,30.091878],[31.381355,30.091855],[31.38133,30.091835],[31.381292,30.091822],[31.381093,30.091703],[31.380893,30.091608],[31.380913,30.091605],[31.38111,30.091666],[31.381175,30.091691],[31.381285,30.091743],[31.381471,30.091853],[31.381611,30.091948],[31.381729,30.09205],[31.38209,30.092401],[31.382138,30.092415],[31.382172,30.092415],[31.382207,30.092406],[31.382256,30.092378],[31.382301,30.092345],[31.382338,30.092309],[31.382404,30.092231],[31.382435,30.092176],[31.382521,30.091931],[31.382533,30.091818],[31.382554,30.091366],[31.382687,30.091371],[31.38262,30.091987],[31.38257,30.091982],[31.382541,30.091991],[31.382513,30.092011],[31.382495,30.092047],[31.382475,30.09221],[31.38243,30.092291],[31.382395,30.092335],[31.382366,30.092362],[31.382233,30.092443],[31.382217,30.092464],[31.382207,30.092489],[31.382207,30.092533],[31.382224,30.092576],[31.382294,30.092663],[31.382318,30.092699],[31.382347,30.092765],[31.382403,30.092765],[31.382377,30.092701],[31.382338,30.092638],[31.382271,30.092556],[31.382258,30.092525],[31.382258,30.092498],[31.382272,30.092473],[31.382288,30.092462],[31.382401,30.092395],[31.382436,30.092364],[31.382475,30.092313],[31.382526,30.09222],[31.382549,30.092046],[31.382566,30.092031],[31.382578,30.092027],[31.382618,30.092032],[31.382617,30.092647],[31.382621,30.092671],[31.382632,30.092697],[31.382659,30.092729],[31.382677,30.092737],[31.383551,30.092538],[31.384733,30.092302],[31.384733,30.092023],[31.384721,30.091987],[31.384733,30.091989],[31.384733,30.091943],[31.384721,30.091942]],[[31.381192,30.092014],[31.381175,30.092006],[31.381237,30.092015],[31.381422,30.092156],[31.381349,30.092107],[31.381192,30.092014]],[[31.382772,30.090771],[31.383126,30.090737],[31.383138,30.090874],[31.383182,30.091081],[31.383248,30.091283],[31.383431,30.091676],[31.383498,30.09188],[31.383528,30.092049],[31.383539,30.09222],[31.383532,30.092392],[31.383521,30.092498],[31.383421,30.09252],[31.383388,30.091919],[31.383378,30.091902],[31.383359,30.091898],[31.383343,30.091905],[31.383336,30.091919],[31.383346,30.092101],[31.383265,30.092108],[31.383225,30.092128],[31.383201,30.092135],[31.38306,30.092137],[31.383031,30.09215],[31.383018,30.092167],[31.383014,30.092187],[31.383037,30.092528],[31.382669,30.092635],[31.38267,30.092013],[31.382689,30.091811],[31.382741,30.091351],[31.382744,30.09127],[31.382772,30.090771]],[[31.382558,30.091321],[31.382561,30.091286],[31.382692,30.091291],[31.38269,30.091325],[31.382558,30.091321]],[[31.382564,30.091241],[31.382598,30.090781],[31.38272,30.090775],[31.382694,30.091245],[31.382564,30.091241]],[[31.382603,30.090726],[31.382722,30.090718],[31.382722,30.09073],[31.382602,30.090736],[31.382603,30.090726]],[[31.38275,30.090212],[31.382724,30.090672],[31.382607,30.09068],[31.382646,30.090196],[31.382745,30.090194],[31.38275,30.090212]],[[31.38221,30.090715],[31.382255,30.090233],[31.382367,30.090222],[31.382319,30.090704],[31.38221,30.090715]],[[31.382594,30.0902],[31.382555,30.090684],[31.382372,30.0907],[31.382419,30.090217],[31.382594,30.0902]],[[31.381527,30.090878],[31.38165,30.090866],[31.381637,30.09098],[31.381646,30.090995],[31.381665,30.091],[31.381681,30.090994],[31.381688,30.090982],[31.381702,30.090861],[31.38182,30.090851],[31.381796,30.091068],[31.381806,30.091086],[31.381825,30.09109],[31.381841,30.091084],[31.381848,30.091072],[31.381872,30.090846],[31.38199,30.090835],[31.381955,30.091158],[31.381967,30.091176],[31.381991,30.091178],[31.382002,30.091172],[31.382007,30.09116],[31.382043,30.09083],[31.382147,30.090821],[31.382105,30.091242],[31.382117,30.091261],[31.382141,30.091263],[31.382153,30.091254],[31.382157,30.091244],[31.3822,30.090816],[31.382312,30.090807],[31.382265,30.091291],[31.382275,30.091308],[31.382299,30.091312],[31.382311,30.091305],[31.382317,30.091293],[31.382364,30.090802],[31.382545,30.090785],[31.382504,30.091342],[31.382481,30.091816],[31.382471,30.091919],[31.382386,30.092161],[31.38236,30.092207],[31.382297,30.092282],[31.382234,30.092335],[31.382198,30.09232],[31.382175,30.092301],[31.382036,30.092162],[31.381851,30.091998],[31.381535,30.091769],[31.381262,30.091599],[31.381198,30.091573],[31.381159,30.091565],[31.381467,30.091091],[31.381527,30.090878]],[[31.382368,30.090757],[31.382368,30.090745],[31.382551,30.09073],[31.38255,30.090739],[31.382368,30.090757]],[[31.382204,30.090771],[31.382206,30.090761],[31.382316,30.09075],[31.382315,30.090761],[31.382204,30.090771]],[[31.381417,30.091078],[31.381406,30.091097],[31.381349,30.091049],[31.381368,30.090892],[31.381472,30.090883],[31.381417,30.091078]],[[31.381182,30.09091],[31.381316,30.090897],[31.381302,30.09101],[31.381182,30.09091]],[[31.381133,30.090869],[31.381122,30.090859],[31.381322,30.090837],[31.381321,30.090851],[31.381133,30.090869]],[[31.381212,30.090351],[31.381166,30.090808],[31.381079,30.090818],[31.381063,30.0908],[31.381051,30.090764],[31.381049,30.090716],[31.381077,30.090393],[31.381085,30.09037],[31.381107,30.090363],[31.381212,30.090351]],[[31.381374,30.090332],[31.381327,30.090791],[31.381219,30.090802],[31.381264,30.090345],[31.381374,30.090332]],[[31.381534,30.090311],[31.381488,30.090777],[31.381379,30.090787],[31.381426,30.090325],[31.381534,30.090311]],[[31.381707,30.090292],[31.381658,30.090765],[31.381541,30.090773],[31.381587,30.090304],[31.381707,30.090292]],[[31.381881,30.090276],[31.381831,30.090749],[31.381711,30.09076],[31.38176,30.090286],[31.381881,30.090276]],[[31.382041,30.090259],[31.382,30.090734],[31.381884,30.090744],[31.381934,30.09027],[31.382041,30.090259]],[[31.382202,30.090239],[31.382158,30.09072],[31.382053,30.090729],[31.382094,30.090253],[31.382202,30.090239]],[[31.381535,30.090832],[31.381536,30.090819],[31.381654,30.09081],[31.381654,30.09082],[31.381535,30.090832]],[[31.381484,30.090823],[31.381482,30.090837],[31.381373,30.090847],[31.381375,30.090833],[31.381484,30.090823]],[[31.382153,30.090766],[31.382152,30.090775],[31.382048,30.090784],[31.382049,30.090775],[31.382153,30.090766]],[[31.381996,30.090779],[31.381995,30.090789],[31.381878,30.0908],[31.381879,30.09079],[31.381996,30.090779]],[[31.381707,30.090806],[31.381826,30.090795],[31.381825,30.090805],[31.381706,30.090815],[31.381707,30.090806]],[[31.382137,30.092332],[31.382184,30.092365],[31.382164,30.09237],[31.382122,30.092365],[31.381766,30.092019],[31.381644,30.091913],[31.381502,30.091817],[31.381311,30.091704],[31.381197,30.09165],[31.381047,30.091598],[31.381114,30.091603],[31.381181,30.091616],[31.381235,30.091638],[31.381321,30.091689],[31.381502,30.091804],[31.381814,30.09203],[31.381998,30.092194],[31.382137,30.092332]],[[31.384692,30.092161],[31.384699,30.092262],[31.384621,30.092278],[31.384617,30.092167],[31.384661,30.09217],[31.384692,30.092161]],[[31.382774,30.090726],[31.382774,30.090714],[31.383124,30.09068],[31.383124,30.090691],[31.382774,30.090726]],[[31.383066,30.092184],[31.383179,30.09218],[31.383194,30.092479],[31.383159,30.092496],[31.383088,30.092514],[31.383066,30.092184]],[[31.382687,30.092689],[31.38268,30.092679],[31.383197,30.09253],[31.3832,30.09257],[31.382687,30.092689]],[[31.383247,30.0925],[31.383278,30.092472],[31.383297,30.092461],[31.383365,30.092448],[31.38337,30.092531],[31.383251,30.092559],[31.383247,30.0925]],[[31.383279,30.092419],[31.383244,30.092438],[31.383231,30.092175],[31.38328,30.092151],[31.383349,30.092146],[31.383363,30.092402],[31.383279,30.092419]]],[[[31.381993,30.090032],[31.382037,30.090013],[31.38207,30.089987],[31.38209,30.089963],[31.382105,30.089937],[31.382117,30.089894],[31.382115,30.089852],[31.381942,30.089148],[31.381451,30.089148],[31.381213,30.089195],[31.38119,30.089193],[31.381167,30.089182],[31.381153,30.089162],[31.381149,30.089148],[31.381044,30.089148],[31.381056,30.089196],[31.38107,30.089221],[31.381096,30.089248],[31.381126,30.089267],[31.381161,30.08928],[31.381194,30.089286],[31.381232,30.089284],[31.38184,30.089163],[31.38192,30.089489],[31.381002,30.089662],[31.380978,30.08957],[31.381092,30.089547],[31.381103,30.089534],[31.381101,30.089519],[31.381089,30.089508],[31.381075,30.089506],[31.380793,30.089559],[31.380776,30.089569],[31.380772,30.089582],[31.380776,30.089592],[31.380796,30.089604],[31.380927,30.08958],[31.380951,30.089672],[31.38058,30.089742],[31.38058,30.089834],[31.381942,30.089578],[31.382012,30.089863],[31.382013,30.089884],[31.382001,30.089916],[31.38199,30.089929],[31.381963,30.089945],[31.38058,30.090204],[31.38058,30.090296],[31.381993,30.090032]]],[[[31.383708,30.089223],[31.383862,30.08933],[31.384011,30.089442],[31.384156,30.089557],[31.384212,30.089607],[31.384298,30.089653],[31.38439,30.089676],[31.384485,30.089677],[31.384571,30.089659],[31.384644,30.089626],[31.384728,30.089604],[31.384733,30.089603],[31.384733,30.08917],[31.384709,30.089148],[31.383884,30.089148],[31.383909,30.089161],[31.384,30.089202],[31.384108,30.089237],[31.384083,30.089312],[31.384081,30.08934],[31.383947,30.089239],[31.383816,30.089148],[31.383596,30.089148],[31.383708,30.089223]],[[31.38435,30.089544],[31.384299,30.089517],[31.384258,30.089479],[31.384229,30.089434],[31.384215,30.089384],[31.384216,30.089332],[31.384233,30.089283],[31.384265,30.089237],[31.384319,30.089195],[31.384373,30.089173],[31.384429,30.089164],[31.384487,30.089167],[31.384541,30.089183],[31.38459,30.089209],[31.38463,30.089246],[31.384658,30.08929],[31.384672,30.089341],[31.384671,30.089393],[31.384654,30.089443],[31.384622,30.089487],[31.384579,30.089523],[31.384526,30.089548],[31.384468,30.08956],[31.384408,30.089559],[31.38435,30.089544]]],[[[31.380644,30.089404],[31.380679,30.089386],[31.380708,30.089355],[31.38072,30.089323],[31.380721,30.089302],[31.380716,30.089277],[31.380679,30.089148],[31.38058,30.089148],[31.38058,30.089177],[31.380617,30.089309],[31.380605,30.08932],[31.38058,30.089324],[31.38058,30.089416],[31.380644,30.089404]]],[[[31.38314,30.092685],[31.383159,30.092765],[31.383212,30.092765],[31.38319,30.092674],[31.384733,30.092361],[31.384733,30.092315],[31.383153,30.092635],[31.382604,30.092765],[31.382802,30.092765],[31.38314,30.092685]]],[[[31.384733,30.09254],[31.384733,30.092493],[31.383456,30.092765],[31.383674,30.092765],[31.384733,30.09254]]]]}},{"type":"Feature","properties":{},"geometry":{"type":"MultiPolygon","coordinates":[[[[31.383259,30.096334],[31.383139,30.096077],[31.383042,30.095813],[31.38297,30.095544],[31.382875,30.094948],[31.382936,30.095082],[31.382992,30.095174],[31.383058,30.095262],[31.384109,30.09633],[31.384104,30.096383],[31.38427,30.096383],[31.384282,30.096276],[31.38431,30.096132],[31.384351,30.095975],[31.384404,30.095812],[31.384479,30.095626],[31.384582,30.095434],[31.384697,30.095263],[31.384733,30.095215],[31.384733,30.094966],[31.384666,30.095043],[31.384555,30.095188],[31.384437,30.095364],[31.384323,30.095575],[31.384246,30.095766],[31.384191,30.095938],[31.384148,30.096102],[31.384122,30.096232],[31.383123,30.095217],[31.383062,30.095136],[31.38301,30.09505],[31.382967,30.09496],[31.382931,30.094864],[31.382881,30.094751],[31.382828,30.094652],[31.382808,30.094525],[31.382623,30.093582],[31.382522,30.093263],[31.382462,30.093129],[31.382467,30.092926],[31.382457,30.092893],[31.382488,30.092855],[31.382509,30.09284],[31.382536,30.092828],[31.382802,30.092765],[31.382604,30.092765],[31.382517,30.092785],[31.382478,30.092803],[31.38245,30.092824],[31.382435,30.092841],[31.382403,30.092765],[31.382347,30.092765],[31.382405,30.092895],[31.382415,30.092929],[31.38241,30.093016],[31.382264,30.092765],[31.381814,30.092765],[31.381841,30.092796],[31.381937,30.092924],[31.382023,30.093057],[31.382099,30.093195],[31.382164,30.093337],[31.382219,30.093483],[31.382262,30.093632],[31.382353,30.094028],[31.38248,30.094812],[31.382488,30.094882],[31.382455,30.0949],[31.382412,30.094907],[31.382428,30.094873],[31.382434,30.094828],[31.382429,30.094778],[31.38241,30.094726],[31.382395,30.094718],[31.382375,30.094722],[31.382367,30.09473],[31.382364,30.094743],[31.382378,30.094786],[31.382382,30.094825],[31.382377,30.094862],[31.382363,30.094893],[31.382353,30.094929],[31.382351,30.094965],[31.382371,30.095117],[31.38237,30.095143],[31.382361,30.095157],[31.382343,30.095167],[31.382299,30.09518],[31.382291,30.0952],[31.382301,30.095215],[31.38232,30.095219],[31.382365,30.095208],[31.382402,30.095186],[31.382421,30.09515],[31.382423,30.095115],[31.382411,30.095038],[31.382457,30.095036],[31.382499,30.095045],[31.382506,30.095049],[31.38254,30.095278],[31.381911,30.095242],[31.381856,30.095243],[31.381734,30.095087],[31.381747,30.095066],[31.381753,30.095039],[31.381769,30.094934],[31.381765,30.094919],[31.381754,30.094911],[31.381741,30.094909],[31.381729,30.094912],[31.381719,30.094922],[31.381699,30.095042],[31.38164,30.094966],[31.381713,30.094918],[31.381732,30.094899],[31.381747,30.094858],[31.381751,30.094784],[31.381746,30.094772],[31.381724,30.094762],[31.381704,30.094772],[31.381699,30.094784],[31.381695,30.094852],[31.381687,30.094876],[31.38161,30.094929],[31.38137,30.094618],[31.381469,30.094607],[31.381491,30.094598],[31.381509,30.094574],[31.381512,30.094548],[31.381162,30.093742],[31.381148,30.093732],[31.381131,30.093732],[31.381116,30.093744],[31.381115,30.093759],[31.38146,30.094555],[31.381455,30.094563],[31.381338,30.094576],[31.380661,30.093714],[31.380603,30.093607],[31.38058,30.093538],[31.38058,30.093867],[31.38061,30.093905],[31.38058,30.093867],[31.38058,30.094121],[31.381356,30.095098],[31.381219,30.096014],[31.381174,30.096383],[31.381279,30.096383],[31.381324,30.096014],[31.381754,30.095762],[31.381764,30.095749],[31.381762,30.095732],[31.381747,30.095721],[31.381727,30.095723],[31.381333,30.095955],[31.381444,30.095207],[31.381633,30.095438],[31.381701,30.095537],[31.381757,30.095628],[31.381806,30.095732],[31.381844,30.095852],[31.38187,30.095981],[31.381884,30.096108],[31.381887,30.096236],[31.381877,30.096383],[31.38218,30.096383],[31.382194,30.096256],[31.382197,30.09613],[31.382189,30.096009],[31.38217,30.09589],[31.382143,30.095777],[31.382102,30.095656],[31.382053,30.095545],[31.381997,30.095443],[31.381926,30.095334],[31.382556,30.09537],[31.382594,30.095558],[31.382647,30.095785],[31.382715,30.096026],[31.382877,30.096383],[31.383287,30.096383],[31.383259,30.096334]],[[31.382406,30.094993],[31.382404,30.094953],[31.382449,30.094949],[31.382494,30.094934],[31.382501,30.094997],[31.382461,30.094991],[31.382406,30.094993]]],[[[31.380881,30.096377],[31.380909,30.096351],[31.380928,30.096319],[31.380936,30.096287],[31.380895,30.095752],[31.380879,30.095674],[31.380848,30.0956],[31.380805,30.095528],[31.38058,30.095252],[31.38058,30.095408],[31.380718,30.095578],[31.380754,30.09564],[31.380779,30.0957],[31.380792,30.095763],[31.380833,30.096275],[31.380824,30.096298],[31.380814,30.096308],[31.380788,30.096319],[31.380771,30.09632],[31.38058,30.096308],[31.38058,30.096383],[31.380871,30.096383],[31.380881,30.096377]]],[[[31.383173,30.092825],[31.382838,30.092902],[31.382782,30.092925],[31.382737,30.092962],[31.382711,30.093001],[31.382698,30.093047],[31.3827,30.093091],[31.382709,30.093132],[31.382753,30.093248],[31.382803,30.093406],[31.382854,30.093592],[31.382894,30.09378],[31.383033,30.094756],[31.383045,30.094772],[31.383067,30.094775],[31.383081,30.094765],[31.383085,30.09475],[31.382945,30.093772],[31.382905,30.093583],[31.382854,30.093395],[31.382803,30.093235],[31.38276,30.093122],[31.382751,30.093086],[31.38275,30.093051],[31.38276,30.093017],[31.38278,30.092988],[31.382808,30.092965],[31.382854,30.092945],[31.38321,30.092864],[31.383674,30.092765],[31.383456,30.092765],[31.383224,30.092814],[31.383212,30.092765],[31.383159,30.092765],[31.383173,30.092825]]]]}},{"type":"Feature","properties":{},"geometry":{"type":"MultiPolygon","coordinates":[[[[31.383525,30.099964],[31.383541,30.099735],[31.38364,30.098857],[31.383661,30.098795],[31.3837,30.09874],[31.383729,30.098715],[31.383764,30.098692],[31.38407,30.098536],[31.384146,30.098526],[31.384234,30.098524],[31.384319,30.098539],[31.384733,30.099125],[31.384733,30.098468],[31.383567,30.096823],[31.383401,30.096582],[31.383287,30.096383],[31.382877,30.096383],[31.382892,30.096415],[31.383021,30.096647],[31.383095,30.096768],[31.383151,30.096848],[31.383127,30.09685],[31.382893,30.096441],[31.382882,30.096431],[31.38287,30.096428],[31.382848,30.096438],[31.382845,30.096459],[31.383072,30.096857],[31.382958,30.096865],[31.382798,30.096868],[31.382129,30.096842],[31.38218,30.096383],[31.381877,30.096383],[31.381871,30.096475],[31.381733,30.097983],[31.381089,30.097931],[31.381279,30.096383],[31.381174,30.096383],[31.380986,30.097923],[31.38058,30.097888],[31.38058,30.098079],[31.380943,30.098111],[31.380878,30.098655],[31.38058,30.098631],[31.38058,30.098722],[31.380868,30.098745],[31.380808,30.099249],[31.38058,30.09923],[31.38058,30.09932],[31.380797,30.099339],[31.380743,30.099796],[31.38058,30.099782],[31.38058,30.099873],[31.380733,30.099886],[31.380719,30.1],[31.380824,30.1],[31.38087,30.099611],[31.380881,30.099516],[31.381551,30.099564],[31.381498,30.1],[31.381665,30.1],[31.381701,30.099702],[31.381722,30.099704],[31.381689,30.1],[31.381856,30.1],[31.381858,30.099977],[31.381874,30.1],[31.381992,30.1],[31.381989,30.099991],[31.381962,30.099947],[31.381923,30.099902],[31.381871,30.099861],[31.381888,30.099717],[31.382668,30.099779],[31.382639,30.1],[31.382746,30.1],[31.382772,30.099787],[31.383333,30.099832],[31.383328,30.099918],[31.383329,30.1],[31.383563,30.1],[31.383525,30.099964]],[[31.383423,30.097346],[31.383394,30.097337],[31.383373,30.097322],[31.383166,30.097046],[31.383144,30.097035],[31.383121,30.097031],[31.383084,30.09703],[31.383037,30.09704],[31.382994,30.097058],[31.382981,30.097011],[31.382984,30.096909],[31.38318,30.096889],[31.38349,30.097331],[31.383453,30.097346],[31.383423,30.097346]],[[31.384039,30.098343],[31.383989,30.098389],[31.38362,30.098572],[31.383185,30.098031],[31.383139,30.098],[31.383096,30.097982],[31.38305,30.097972],[31.382992,30.097968],[31.382935,30.097977],[31.382893,30.097991],[31.382855,30.098011],[31.382814,30.098043],[31.382782,30.098082],[31.382764,30.098117],[31.382753,30.098155],[31.382678,30.09892],[31.382681,30.098961],[31.382592,30.098959],[31.381979,30.098901],[31.382026,30.098481],[31.382052,30.098173],[31.382084,30.097669],[31.382093,30.097438],[31.383651,30.097576],[31.384102,30.098233],[31.384079,30.098288],[31.384039,30.098343]],[[31.384115,30.098439],[31.384102,30.098416],[31.384124,30.098395],[31.384171,30.09833],[31.384244,30.098434],[31.38414,30.098436],[31.384115,30.098439]],[[31.382639,30.099053],[31.382719,30.099049],[31.382733,30.099067],[31.382774,30.099102],[31.382818,30.099125],[31.382872,30.099141],[31.383415,30.099187],[31.383351,30.099673],[31.381905,30.099548],[31.381969,30.098991],[31.382581,30.099049],[31.382639,30.099053]],[[31.381899,30.097982],[31.381861,30.098468],[31.38174,30.099534],[31.381721,30.099532],[31.381884,30.098132],[31.381899,30.097982]],[[31.381712,30.098176],[31.381561,30.099474],[31.380891,30.099426],[31.381046,30.09812],[31.381712,30.098176]],[[31.382929,30.097015],[31.382938,30.097059],[31.382957,30.097098],[31.383112,30.097323],[31.382348,30.097252],[31.382101,30.097236],[31.382111,30.097023],[31.382124,30.096887],[31.382797,30.096913],[31.382932,30.096911],[31.382927,30.096975],[31.382929,30.097015]],[[31.383176,30.097329],[31.383018,30.097098],[31.383054,30.097083],[31.38309,30.097075],[31.383112,30.097075],[31.383133,30.097081],[31.383325,30.097341],[31.383176,30.097329]],[[31.382998,30.098059],[31.383029,30.09806],[31.38306,30.098067],[31.383111,30.098095],[31.383544,30.098635],[31.38351,30.098679],[31.383488,30.098721],[31.383473,30.098764],[31.383427,30.099097],[31.382894,30.099052],[31.382863,30.099043],[31.382835,30.099028],[31.382811,30.099007],[31.382794,30.098982],[31.382784,30.098955],[31.382782,30.098924],[31.382854,30.098173],[31.382874,30.098124],[31.382913,30.098086],[31.382939,30.098072],[31.382998,30.098059]]],[[[31.3841,30.096414],[31.384095,30.096564],[31.384097,30.09675],[31.384111,30.096902],[31.384146,30.097106],[31.384192,30.097288],[31.384245,30.097447],[31.384313,30.097606],[31.384396,30.097772],[31.384523,30.097996],[31.384647,30.098172],[31.384733,30.098293],[31.384733,30.098017],[31.38467,30.097929],[31.384546,30.097709],[31.384466,30.09755],[31.384404,30.097404],[31.384354,30.097254],[31.38431,30.097082],[31.384276,30.096883],[31.384263,30.096747],[31.384264,30.096487],[31.38439,30.096636],[31.384479,30.09677],[31.384555,30.096899],[31.384611,30.097035],[31.384643,30.097154],[31.384715,30.097566],[31.384733,30.097634],[31.384733,30.09719],[31.384725,30.097143],[31.38469,30.097012],[31.384633,30.096872],[31.384553,30.096736],[31.384458,30.096596],[31.384352,30.096465],[31.38427,30.096383],[31.38427,30.096383],[31.384104,30.096383],[31.3841,30.096414]]],[[[31.380582,30.096399],[31.380771,30.096411],[31.380807,30.096408],[31.380842,30.096398],[31.380871,30.096383],[31.38058,30.096383],[31.38058,30.096416],[31.380582,30.096399]]]]}},{"type":"Feature","properties":{},"geometry":{"type":"MultiPolygon","coordinates":[[[[31.384673,30.100949],[31.384642,30.100926],[31.384606,30.100914],[31.384576,30.100912],[31.384527,30.100923],[31.384195,30.101124],[31.383819,30.100651],[31.383642,30.100407],[31.383602,30.100337],[31.383582,30.100285],[31.383608,30.10027],[31.383903,30.100049],[31.383912,30.100033],[31.383909,30.100021],[31.383898,30.100012],[31.383883,30.100009],[31.383871,30.100013],[31.383568,30.100239],[31.383557,30.100198],[31.383589,30.10015],[31.3836,30.100098],[31.383593,30.100051],[31.383572,30.100008],[31.383563,30.1],[31.383329,30.1],[31.383329,30.100004],[31.383334,30.100096],[31.383351,30.100191],[31.383379,30.10028],[31.382872,30.100439],[31.382847,30.100466],[31.382843,30.100501],[31.382855,30.100525],[31.382915,30.100601],[31.382928,30.100608],[31.382943,30.100608],[31.382958,30.100597],[31.38296,30.10058],[31.382899,30.100501],[31.382894,30.100491],[31.3829,30.100478],[31.383395,30.100323],[31.383418,30.100377],[31.383515,30.100554],[31.383651,30.100746],[31.384335,30.101576],[31.383926,30.101907],[31.38338,30.101218],[31.383646,30.101051],[31.383655,30.101036],[31.38365,30.101021],[31.383633,30.101012],[31.383616,30.101015],[31.383351,30.101181],[31.383049,30.1008],[31.383237,30.100673],[31.383245,30.10066],[31.383241,30.100645],[31.383225,30.100635],[31.383205,30.100638],[31.38302,30.100763],[31.382702,30.100356],[31.382746,30.1],[31.382639,30.1],[31.382626,30.100099],[31.382378,30.100077],[31.382347,30.100067],[31.382304,30.100059],[31.382005,30.100032],[31.381992,30.1],[31.381874,30.1],[31.381893,30.100027],[31.381905,30.100057],[31.381763,30.101294],[31.381762,30.101351],[31.381771,30.101401],[31.381789,30.101446],[31.381819,30.101496],[31.381856,30.101537],[31.383069,30.102627],[31.383048,30.102646],[31.381975,30.101668],[31.381878,30.101571],[31.381798,30.101473],[31.381738,30.101334],[31.381726,30.10128],[31.381721,30.101225],[31.381725,30.101167],[31.381856,30.1],[31.381689,30.1],[31.381559,30.101155],[31.381555,30.101222],[31.381561,30.101295],[31.381576,30.101367],[31.38164,30.101518],[31.381585,30.101424],[31.381559,30.101357],[31.381538,30.101272],[31.381547,30.101198],[31.381541,30.101172],[31.381531,30.101154],[31.381561,30.100863],[31.381665,30.1],[31.381498,30.1],[31.381401,30.100805],[31.380734,30.100755],[31.380824,30.1],[31.380719,30.1],[31.380685,30.100292],[31.38058,30.100282],[31.38058,30.100373],[31.380674,30.100382],[31.38058,30.101179],[31.38058,30.101586],[31.3806,30.101564],[31.380624,30.10153],[31.38064,30.101497],[31.380652,30.101453],[31.380724,30.100845],[31.381391,30.100895],[31.381365,30.101145],[31.381349,30.101166],[31.381341,30.101191],[31.381275,30.10158],[31.381231,30.101735],[31.381199,30.101813],[31.381159,30.101876],[31.381095,30.10195],[31.38102,30.102017],[31.38058,30.102379],[31.38058,30.102872],[31.381511,30.102086],[31.381591,30.102033],[31.381645,30.102007],[31.381704,30.101988],[31.381764,30.101975],[31.381865,30.101968],[31.382137,30.102206],[31.381862,30.10244],[31.381856,30.102459],[31.381869,30.102474],[31.381884,30.102477],[31.3819,30.102471],[31.382173,30.102238],[31.382398,30.102436],[31.382125,30.102667],[31.38212,30.10268],[31.382123,30.102691],[31.382136,30.102701],[31.382154,30.102702],[31.382155,30.102716],[31.382164,30.102726],[31.382178,30.10273],[31.382195,30.102726],[31.382467,30.102497],[31.382688,30.102693],[31.382421,30.102919],[31.382416,30.102932],[31.38242,30.102945],[31.382437,30.102954],[31.382457,30.102951],[31.382453,30.102967],[31.382464,30.102982],[31.382481,30.102986],[31.382495,30.102981],[31.382761,30.102757],[31.382982,30.102952],[31.382721,30.103172],[31.382715,30.103189],[31.382726,30.103206],[31.38274,30.10321],[31.382757,30.103205],[31.383019,30.102984],[31.383025,30.102989],[31.382759,30.103205],[31.382753,30.103221],[31.382762,30.103237],[31.382778,30.103242],[31.382795,30.103238],[31.383061,30.103022],[31.383298,30.103238],[31.383285,30.103287],[31.383272,30.103311],[31.383234,30.103354],[31.383018,30.103533],[31.38283,30.103354],[31.382812,30.103348],[31.382795,30.103354],[31.382787,30.10337],[31.382792,30.103385],[31.38298,30.103564],[31.382916,30.103617],[31.383206,30.103617],[31.383392,30.103461],[31.383441,30.103429],[31.383489,30.103413],[31.383712,30.103617],[31.384121,30.103617],[31.383215,30.102798],[31.383238,30.102779],[31.384179,30.103617],[31.384324,30.103617],[31.383313,30.102716],[31.38376,30.10234],[31.384373,30.102904],[31.384405,30.102925],[31.384433,30.102935],[31.384475,30.102941],[31.384506,30.102939],[31.384556,30.102923],[31.384733,30.102776],[31.384733,30.102651],[31.384497,30.102847],[31.384477,30.10285],[31.384445,30.102839],[31.383835,30.102277],[31.384472,30.101743],[31.384733,30.102063],[31.384733,30.101791],[31.384577,30.101601],[31.384224,30.101162],[31.384549,30.100964],[31.38458,30.100957],[31.384616,30.100966],[31.384633,30.100978],[31.384733,30.10111],[31.384733,30.101028],[31.384673,30.100949]],[[31.381552,30.101822],[31.38152,30.101798],[31.381487,30.101785],[31.381432,30.101781],[31.381455,30.101708],[31.381487,30.101577],[31.381531,30.101642],[31.381594,30.101719],[31.381681,30.101806],[31.381565,30.101841],[31.381552,30.101822]],[[31.381381,30.101945],[31.381305,30.102008],[31.381337,30.10197],[31.381385,30.101895],[31.3814,30.101862],[31.381433,30.101853],[31.381467,30.101856],[31.381478,30.10186],[31.381491,30.101874],[31.381472,30.101884],[31.381381,30.101945]],[[31.383365,30.103352],[31.383384,30.103317],[31.383411,30.103341],[31.383351,30.103373],[31.383365,30.103352]],[[31.382287,30.100125],[31.382259,30.100126],[31.382005,30.100106],[31.382008,30.100078],[31.382327,30.100109],[31.382312,30.100118],[31.382287,30.100125]],[[31.382336,30.100158],[31.382368,30.100139],[31.382383,30.100123],[31.382621,30.100144],[31.382517,30.101112],[31.382519,30.101151],[31.382531,30.101194],[31.38255,30.101231],[31.382574,30.10126],[31.38305,30.101708],[31.383082,30.101733],[31.38312,30.101749],[31.383178,30.101756],[31.38322,30.10175],[31.383257,30.101736],[31.383292,30.101716],[31.383517,30.10155],[31.383849,30.10197],[31.383144,30.102564],[31.381933,30.101475],[31.381905,30.101446],[31.381885,30.101414],[31.381872,30.101379],[31.381865,30.101342],[31.381866,30.101301],[31.382,30.100151],[31.382256,30.100171],[31.382295,30.10017],[31.382336,30.100158]],[[31.383119,30.102711],[31.383142,30.102692],[31.383165,30.102714],[31.383143,30.102733],[31.383119,30.102711]],[[31.38324,30.102651],[31.383216,30.102629],[31.383953,30.102008],[31.384396,30.10165],[31.384411,30.101668],[31.383726,30.102243],[31.38324,30.102651]],[[31.383531,30.100048],[31.38353,30.100037],[31.383543,30.100062],[31.383548,30.100098],[31.383542,30.100125],[31.383531,30.100048]],[[31.382981,30.100873],[31.383458,30.101475],[31.383228,30.101645],[31.38319,30.101664],[31.383172,30.101666],[31.383139,30.101656],[31.382656,30.101205],[31.382629,30.101164],[31.382622,30.101139],[31.382621,30.101107],[31.382981,30.100873]],[[31.382922,30.100799],[31.382634,30.100986],[31.382687,30.100497],[31.382922,30.100799]]],[[[31.382471,30.103597],[31.382723,30.103387],[31.382729,30.10337],[31.382722,30.103356],[31.382706,30.10335],[31.382687,30.103354],[31.382436,30.103564],[31.382258,30.103397],[31.382501,30.103196],[31.382508,30.103182],[31.382502,30.103167],[31.382485,30.103159],[31.382466,30.103163],[31.382222,30.103364],[31.382047,30.103199],[31.382277,30.103002],[31.382283,30.102987],[31.382277,30.102973],[31.38226,30.102965],[31.38224,30.10297],[31.382012,30.103166],[31.381915,30.103078],[31.381877,30.103055],[31.381855,30.103047],[31.381884,30.102993],[31.382053,30.102838],[31.382059,30.102824],[31.382054,30.102811],[31.382037,30.102802],[31.382018,30.102806],[31.381901,30.102911],[31.3817,30.10273],[31.381668,30.102715],[31.381641,30.102711],[31.381615,30.102716],[31.381593,30.102727],[31.381413,30.10287],[31.381398,30.102887],[31.38139,30.102912],[31.381394,30.102938],[31.381405,30.102953],[31.381381,30.102953],[31.381367,30.10297],[31.381374,30.102989],[31.381559,30.103156],[31.381359,30.103326],[31.381168,30.10316],[31.381152,30.103155],[31.381133,30.103162],[31.381126,30.103178],[31.381132,30.103192],[31.381322,30.103357],[31.381314,30.103364],[31.381123,30.103198],[31.381106,30.103193],[31.381088,30.1032],[31.38108,30.103216],[31.381086,30.10323],[31.381277,30.103395],[31.38104,30.103596],[31.380841,30.10342],[31.380822,30.103414],[31.380806,30.103421],[31.380798,30.103434],[31.380804,30.103451],[31.380991,30.103617],[31.381163,30.103617],[31.38118,30.103603],[31.381196,30.103617],[31.38127,30.103617],[31.381219,30.10357],[31.381273,30.103617],[31.381419,30.103617],[31.381293,30.103507],[31.381716,30.103151],[31.381751,30.103131],[31.381788,30.103126],[31.381829,30.103135],[31.381849,30.103148],[31.382016,30.103303],[31.381782,30.103511],[31.381783,30.103526],[31.381792,30.103537],[31.381807,30.10354],[31.381823,30.103535],[31.382052,30.103336],[31.382224,30.103498],[31.382086,30.103617],[31.38223,30.103617],[31.382293,30.103563],[31.382351,30.103617],[31.382493,30.103617],[31.382471,30.103597]],[[31.381825,30.102989],[31.381804,30.103037],[31.381752,30.103038],[31.381714,30.103046],[31.381679,30.103062],[31.38164,30.103089],[31.381448,30.102928],[31.381442,30.102915],[31.381452,30.1029],[31.381625,30.102762],[31.381642,30.102757],[31.381667,30.102766],[31.381865,30.102944],[31.381843,30.102966],[31.381825,30.102989]],[[31.38145,30.102992],[31.381602,30.10312],[31.381596,30.103125],[31.38145,30.102992]]],[[[31.380679,30.103339],[31.380696,30.103345],[31.380714,30.103338],[31.380721,30.103322],[31.380715,30.103307],[31.38058,30.10319],[31.38058,30.103254],[31.380679,30.103339]]],[[[31.380816,30.102979],[31.380965,30.103107],[31.380984,30.103112],[31.381,30.103105],[31.381007,30.103091],[31.381003,30.103077],[31.380854,30.102948],[31.380862,30.102941],[31.38101,30.10307],[31.381027,30.103075],[31.381045,30.103068],[31.381053,30.103052],[31.381047,30.103038],[31.380899,30.102909],[31.381087,30.102751],[31.38124,30.102884],[31.381259,30.102888],[31.381275,30.102882],[31.381283,30.102868],[31.381278,30.102853],[31.381124,30.10272],[31.381132,30.102713],[31.381286,30.102846],[31.381303,30.102852],[31.381321,30.102845],[31.381328,30.102829],[31.381323,30.102815],[31.381169,30.102681],[31.38138,30.102502],[31.381389,30.102473],[31.381375,30.102445],[31.381358,30.102435],[31.381338,30.102431],[31.381318,30.102435],[31.381301,30.102444],[31.38058,30.103053],[31.38058,30.103179],[31.380816,30.102979]]],[[[31.383435,30.103614],[31.383428,30.103598],[31.38341,30.103591],[31.383391,30.103597],[31.383367,30.103617],[31.383433,30.103617],[31.383435,30.103614]]],[[[31.381734,30.103613],[31.38174,30.103597],[31.381733,30.103583],[31.381714,30.103576],[31.381698,30.103581],[31.381656,30.103617],[31.38173,30.103617],[31.381734,30.103613]]],[[[31.384542,30.103617],[31.384733,30.103617],[31.384733,30.103456],[31.384542,30.103617]]]]}},{"type":"Feature","properties":{},"geometry":{"type":"MultiPolygon","coordinates":[[[[31.3838,30.107127],[31.383901,30.107229],[31.383919,30.107235],[31.38392,30.107235],[31.383936,30.10723],[31.383945,30.107214],[31.38394,30.107199],[31.383837,30.107095],[31.384733,30.106339],[31.384733,30.106176],[31.383478,30.107235],[31.383672,30.107235],[31.3838,30.107127]]],[[[31.380917,30.106749],[31.381089,30.106902],[31.380981,30.106996],[31.380975,30.10701],[31.380983,30.107026],[31.380999,30.107032],[31.381018,30.107028],[31.381125,30.106935],[31.381134,30.106943],[31.381021,30.107032],[31.381016,30.107046],[31.381023,30.107061],[31.381038,30.107068],[31.381058,30.107064],[31.381171,30.106975],[31.381358,30.107143],[31.381249,30.107235],[31.381515,30.107235],[31.383327,30.1057],[31.383857,30.106167],[31.382598,30.107235],[31.382747,30.107235],[31.38393,30.106231],[31.38419,30.106462],[31.383273,30.107235],[31.383467,30.107235],[31.384733,30.106169],[31.384733,30.106005],[31.384328,30.106346],[31.384069,30.106115],[31.384733,30.105575],[31.384733,30.105451],[31.383996,30.10605],[31.383775,30.105853],[31.383983,30.10568],[31.383991,30.105665],[31.383993,30.105647],[31.383989,30.105631],[31.383972,30.105609],[31.38353,30.105216],[31.383506,30.105201],[31.383474,30.105198],[31.383446,30.10521],[31.383243,30.105381],[31.382612,30.104818],[31.382751,30.104236],[31.382813,30.10422],[31.382869,30.104198],[31.383082,30.104387],[31.382935,30.104508],[31.382929,30.10452],[31.382931,30.104533],[31.382942,30.104542],[31.382958,30.104545],[31.38274,30.104722],[31.382733,30.104739],[31.38274,30.104753],[31.382758,30.10476],[31.382777,30.104754],[31.383152,30.104449],[31.383327,30.104606],[31.382959,30.104907],[31.382953,30.104925],[31.382963,30.10494],[31.38298,30.104944],[31.382996,30.104938],[31.383363,30.104639],[31.383867,30.10509],[31.38389,30.105105],[31.383932,30.105112],[31.383954,30.105108],[31.383976,30.105098],[31.384144,30.104953],[31.384149,30.104971],[31.384141,30.104983],[31.383924,30.105164],[31.383921,30.105183],[31.383935,30.105198],[31.38395,30.105199],[31.383964,30.105193],[31.384178,30.105015],[31.384193,30.104998],[31.384201,30.104979],[31.384202,30.104959],[31.384196,30.10494],[31.384179,30.10492],[31.384231,30.104876],[31.384243,30.104848],[31.384231,30.104819],[31.384202,30.104803],[31.384176,30.104804],[31.384158,30.104812],[31.383926,30.105013],[31.383837,30.104933],[31.383938,30.104834],[31.383956,30.10481],[31.383963,30.104775],[31.383954,30.104743],[31.383972,30.104706],[31.383971,30.104682],[31.383958,30.104654],[31.383751,30.104467],[31.38373,30.104456],[31.383696,30.104452],[31.38367,30.104458],[31.383653,30.104469],[31.383252,30.104113],[31.383625,30.103793],[31.383632,30.103777],[31.383625,30.103761],[31.383606,30.103754],[31.383588,30.10376],[31.383216,30.104081],[31.383057,30.103939],[31.383427,30.10363],[31.383433,30.103617],[31.383367,30.103617],[31.38302,30.103907],[31.382942,30.103838],[31.383206,30.103617],[31.382916,30.103617],[31.382699,30.103798],[31.382651,30.103764],[31.382493,30.103617],[31.382351,30.103617],[31.382452,30.103712],[31.382233,30.103901],[31.382227,30.103918],[31.382235,30.103932],[31.382251,30.103938],[31.38227,30.103933],[31.382488,30.103745],[31.382578,30.103828],[31.382641,30.103873],[31.382611,30.103932],[31.3826,30.103966],[31.382339,30.103934],[31.382322,30.103939],[31.382312,30.103952],[31.382316,30.103969],[31.382332,30.103979],[31.382589,30.10401],[31.382545,30.104213],[31.382239,30.104166],[31.382222,30.10417],[31.382212,30.104184],[31.382215,30.104199],[31.38223,30.10421],[31.382536,30.104258],[31.382533,30.104268],[31.382227,30.104222],[31.382208,30.104227],[31.382199,30.10424],[31.382202,30.104255],[31.382218,30.104266],[31.382524,30.104313],[31.382483,30.104505],[31.382175,30.104458],[31.382158,30.104462],[31.382147,30.104476],[31.38215,30.104491],[31.382165,30.104502],[31.382473,30.10455],[31.38247,30.104563],[31.382162,30.104513],[31.382145,30.104517],[31.382135,30.10453],[31.382137,30.104547],[31.382153,30.104558],[31.38246,30.104607],[31.382422,30.104744],[31.382402,30.104783],[31.382109,30.104747],[31.382093,30.104751],[31.382083,30.104764],[31.382067,30.104761],[31.382052,30.104768],[31.382044,30.104782],[31.38205,30.104798],[31.382233,30.104954],[31.382028,30.105107],[31.381844,30.104942],[31.381828,30.104937],[31.38181,30.104943],[31.381802,30.104959],[31.381807,30.104974],[31.38199,30.105138],[31.381795,30.105297],[31.381649,30.105161],[31.38163,30.105155],[31.381614,30.105161],[31.381606,30.105174],[31.381611,30.105191],[31.381757,30.105329],[31.381737,30.105346],[31.381294,30.104954],[31.381316,30.104935],[31.381491,30.105094],[31.381507,30.105099],[31.381525,30.105093],[31.381533,30.105079],[31.381528,30.105063],[31.381354,30.104904],[31.381506,30.104779],[31.381682,30.104936],[31.381694,30.10494],[31.381709,30.104938],[31.381718,30.10493],[31.381723,30.104918],[31.381716,30.104902],[31.381544,30.104747],[31.381549,30.104743],[31.38172,30.104901],[31.381739,30.104906],[31.381757,30.104899],[31.381763,30.104885],[31.381758,30.10487],[31.381586,30.104712],[31.381711,30.1046],[31.381731,30.104574],[31.381747,30.10454],[31.381927,30.104727],[31.381945,30.104733],[31.381963,30.104726],[31.381971,30.104713],[31.381966,30.104698],[31.381762,30.104485],[31.381766,30.104471],[31.382038,30.104503],[31.38206,30.104493],[31.382064,30.104474],[31.382056,30.104463],[31.382045,30.104458],[31.381774,30.104426],[31.381802,30.104208],[31.382086,30.104249],[31.382108,30.104241],[31.382113,30.104222],[31.382107,30.104212],[31.382095,30.104205],[31.381807,30.104163],[31.381821,30.104046],[31.381814,30.103995],[31.381986,30.10383],[31.381991,30.103815],[31.381984,30.103801],[31.381966,30.103794],[31.381947,30.1038],[31.381792,30.103949],[31.38178,30.103933],[31.381574,30.103753],[31.38173,30.103617],[31.381656,30.103617],[31.381537,30.103721],[31.381419,30.103617],[31.381273,30.103617],[31.381688,30.10398],[31.381653,30.104011],[31.381478,30.103854],[31.381462,30.103849],[31.381447,30.103853],[31.381435,30.103869],[31.381441,30.103886],[31.381616,30.104043],[31.381459,30.104179],[31.381277,30.104015],[31.381259,30.10401],[31.381243,30.104016],[31.381235,30.104032],[31.38124,30.104047],[31.381423,30.104211],[31.381413,30.104219],[31.38123,30.104053],[31.381211,30.104048],[31.381195,30.104054],[31.381187,30.10407],[31.381193,30.104085],[31.381376,30.104251],[31.381223,30.104385],[31.381032,30.104212],[31.381013,30.104207],[31.380997,30.104213],[31.380989,30.104229],[31.380995,30.104244],[31.381186,30.104417],[31.38116,30.104439],[31.380965,30.104266],[31.380946,30.10426],[31.380931,30.104267],[31.380923,30.104283],[31.380928,30.104297],[31.381124,30.104471],[31.380969,30.104606],[31.380764,30.104427],[31.380743,30.104422],[31.380725,30.104434],[31.380722,30.104446],[31.380728,30.104459],[31.380941,30.104646],[31.380933,30.104671],[31.38077,30.10454],[31.380754,30.104533],[31.380735,30.104531],[31.380712,30.104536],[31.380699,30.104545],[31.38058,30.104643],[31.38058,30.104705],[31.380738,30.104576],[31.380892,30.1047],[31.380934,30.104725],[31.380939,30.104738],[31.380739,30.104904],[31.380733,30.104916],[31.380735,30.104929],[31.380753,30.104941],[31.380774,30.104937],[31.380768,30.10495],[31.380774,30.104965],[31.380789,30.104973],[31.380806,30.104971],[31.380999,30.104811],[31.381166,30.104968],[31.380986,30.105125],[31.38098,30.105142],[31.380987,30.105155],[31.381008,30.105162],[31.381011,30.105175],[31.381021,30.105184],[31.381033,30.105187],[31.381048,30.105184],[31.381232,30.105027],[31.381378,30.105155],[31.381196,30.10531],[31.38119,30.105327],[31.381197,30.105341],[31.381216,30.105347],[31.381232,30.105342],[31.381417,30.105189],[31.381236,30.105347],[31.38123,30.105361],[31.381238,30.105377],[31.381254,30.105384],[31.381273,30.105378],[31.381453,30.105222],[31.381619,30.10537],[31.381439,30.105529],[31.381433,30.105546],[31.381445,30.105562],[31.381462,30.105566],[31.381476,30.105561],[31.381655,30.105402],[31.381663,30.10541],[31.381208,30.1058],[31.381403,30.10563],[31.381409,30.105613],[31.381401,30.105599],[31.381385,30.105593],[31.381366,30.105598],[31.381163,30.105776],[31.380988,30.105619],[31.38119,30.105439],[31.381192,30.105424],[31.381183,30.105411],[31.381167,30.105406],[31.381152,30.10541],[31.380952,30.105586],[31.381145,30.105406],[31.38115,30.105389],[31.381142,30.105376],[31.381124,30.105369],[31.381108,30.105375],[31.380914,30.105552],[31.380761,30.105414],[31.380954,30.105241],[31.380959,30.105226],[31.380952,30.105211],[31.380933,30.105204],[31.380917,30.10521],[31.380725,30.105381],[31.380694,30.105353],[31.380887,30.105183],[31.380892,30.105166],[31.380885,30.105153],[31.380869,30.105146],[31.38085,30.105151],[31.380658,30.10532],[31.38058,30.10525],[31.38058,30.105509],[31.380587,30.105503],[31.380588,30.105504],[31.38058,30.10551],[31.38058,30.105635],[31.38066,30.105569],[31.381898,30.106683],[31.381432,30.10708],[31.380682,30.106407],[31.380641,30.106384],[31.38058,30.106374],[31.38058,30.106466],[31.380598,30.106467],[31.380611,30.106473],[31.380845,30.106684],[31.38058,30.106903],[31.38058,30.107028],[31.380917,30.106749]],[[31.38286,30.105863],[31.382171,30.105245],[31.382506,30.104974],[31.383192,30.105581],[31.38286,30.105863]],[[31.382779,30.104119],[31.382791,30.10413],[31.382775,30.104135],[31.382779,30.104119]],[[31.383856,30.104779],[31.383764,30.104868],[31.383209,30.104371],[31.382808,30.104019],[31.382842,30.103947],[31.382873,30.103905],[31.383856,30.104779]],[[31.381481,30.105956],[31.381495,30.105952],[31.381504,30.105941],[31.381505,30.105928],[31.3815,30.105919],[31.381445,30.105873],[31.381471,30.10585],[31.38153,30.105897],[31.381545,30.1059],[31.38156,30.105893],[31.381567,30.105881],[31.381564,30.105866],[31.381508,30.105818],[31.381909,30.105472],[31.382107,30.105657],[31.382125,30.105662],[31.382143,30.105655],[31.38215,30.105641],[31.382144,30.105626],[31.381946,30.10544],[31.382134,30.105277],[31.382823,30.105894],[31.382748,30.105959],[31.382615,30.105837],[31.382596,30.105831],[31.38258,30.105837],[31.382572,30.105853],[31.382577,30.105868],[31.382711,30.105991],[31.382036,30.106566],[31.381356,30.10595],[31.381408,30.105905],[31.381466,30.105952],[31.381481,30.105956]],[[31.381284,30.105885],[31.381271,30.105873],[31.381736,30.105475],[31.381747,30.105485],[31.381352,30.105825],[31.381284,30.105885]],[[31.382678,30.104097],[31.382656,30.104188],[31.382685,30.104056],[31.382687,30.104057],[31.382678,30.104097]],[[31.382718,30.10397],[31.382708,30.103966],[31.38273,30.103919],[31.38274,30.103924],[31.382718,30.10397]],[[31.38279,30.103844],[31.382807,30.103831],[31.382798,30.103841],[31.38279,30.103844]],[[31.381496,30.104662],[31.381222,30.104888],[31.381038,30.10471],[31.381036,30.104685],[31.381047,30.104666],[31.381713,30.104086],[31.381668,30.104435],[31.381649,30.10451],[31.381629,30.104544],[31.381496,30.104662]],[[31.382376,30.104825],[31.382337,30.10487],[31.382272,30.104924],[31.382119,30.104793],[31.382376,30.104825]],[[31.382079,30.105196],[31.381875,30.105373],[31.381865,30.105364],[31.38208,30.105188],[31.382207,30.105092],[31.382079,30.105196]],[[31.381839,30.105405],[31.381821,30.105421],[31.381809,30.105411],[31.381828,30.105395],[31.381839,30.105405]],[[31.38369,30.104502],[31.3837,30.104498],[31.38372,30.104504],[31.383914,30.104679],[31.38392,30.104691],[31.383918,30.104705],[31.38369,30.104502]],[[31.383738,30.105821],[31.38328,30.105413],[31.383472,30.10525],[31.383486,30.105243],[31.383934,30.10564],[31.383941,30.105653],[31.383738,30.105821]]],[[[31.381003,30.103627],[31.380747,30.103847],[31.38058,30.103697],[31.38058,30.103762],[31.38071,30.103879],[31.380697,30.103889],[31.38058,30.103791],[31.38058,30.103854],[31.38066,30.103921],[31.38058,30.103987],[31.38058,30.104113],[31.380684,30.104027],[31.380846,30.104177],[31.380863,30.104182],[31.380881,30.104176],[31.380889,30.104163],[31.380884,30.104146],[31.380723,30.103994],[31.380887,30.104143],[31.380904,30.104148],[31.380922,30.104142],[31.38093,30.104126],[31.380924,30.104112],[31.38076,30.103962],[31.380929,30.103816],[31.381095,30.103967],[31.381112,30.103972],[31.38113,30.103966],[31.381138,30.103952],[31.381132,30.103935],[31.380966,30.103785],[31.380974,30.103778],[31.381142,30.103927],[31.381161,30.103933],[31.381177,30.103926],[31.381185,30.10391],[31.381179,30.103896],[31.381011,30.103746],[31.381163,30.103617],[31.380991,30.103617],[31.381003,30.103627]]],[[[31.384561,30.103833],[31.384733,30.103687],[31.384733,30.103617],[31.384542,30.103617],[31.38443,30.103712],[31.384324,30.103617],[31.384179,30.103617],[31.384392,30.103808],[31.384733,30.104124],[31.384733,30.103992],[31.384561,30.103833]]],[[[31.384649,30.105082],[31.384634,30.105052],[31.384632,30.105036],[31.384642,30.104997],[31.384733,30.104921],[31.384733,30.104858],[31.384667,30.104913],[31.384435,30.104696],[31.38468,30.104506],[31.384733,30.104554],[31.384733,30.104171],[31.384121,30.103617],[31.383712,30.103617],[31.384644,30.104473],[31.384397,30.104665],[31.384385,30.104679],[31.384382,30.104702],[31.38439,30.10472],[31.38463,30.104945],[31.384599,30.104972],[31.384583,30.105006],[31.38458,30.105035],[31.384583,30.105061],[31.384606,30.105108],[31.384733,30.105224],[31.384733,30.105159],[31.384649,30.105082]]],[[[31.380706,30.105026],[31.380711,30.105009],[31.380703,30.104996],[31.380687,30.10499],[31.380668,30.104995],[31.38058,30.105077],[31.38058,30.105142],[31.380706,30.105026]]],[[[31.380657,30.104981],[31.380661,30.104966],[31.380653,30.104952],[31.380635,30.104946],[31.380618,30.104951],[31.38058,30.104986],[31.38058,30.105051],[31.380657,30.104981]]],[[[31.380591,30.104388],[31.380607,30.104394],[31.380626,30.104388],[31.380634,30.104374],[31.38063,30.104359],[31.380647,30.104363],[31.380663,30.104357],[31.380671,30.104343],[31.380668,30.10433],[31.38058,30.104247],[31.38058,30.104377],[31.380591,30.104388]]],[[[31.381348,30.103755],[31.381372,30.103758],[31.381384,30.10375],[31.381388,30.103739],[31.381381,30.103721],[31.38127,30.103617],[31.381196,30.103617],[31.381348,30.103755]]],[[[31.382001,30.103691],[31.381996,30.103708],[31.382003,30.103722],[31.382016,30.103728],[31.382032,30.103726],[31.382031,30.103743],[31.382043,30.103756],[31.382058,30.103759],[31.38207,30.103755],[31.38223,30.103617],[31.382086,30.103617],[31.382001,30.103691]]]]}},{"type":"Feature","properties":{},"geometry":{"type":"MultiPolygon","coordinates":[[[[31.384623,30.109344],[31.384586,30.109419],[31.384554,30.109499],[31.384532,30.109574],[31.384517,30.109662],[31.384511,30.109751],[31.384517,30.109843],[31.384532,30.109935],[31.384561,30.110043],[31.384598,30.110122],[31.384635,30.110187],[31.384691,30.110264],[31.384733,30.110309],[31.384733,30.110026],[31.38472,30.11],[31.384695,30.109906],[31.384682,30.109826],[31.384678,30.109747],[31.384683,30.109674],[31.384694,30.109606],[31.384712,30.109542],[31.384733,30.10949],[31.384733,30.109152],[31.384623,30.109344]]],[[[31.38457,30.110289],[31.384394,30.110186],[31.384336,30.110143],[31.384266,30.110081],[31.384182,30.109989],[31.384168,30.109969],[31.384733,30.109082],[31.384733,30.108236],[31.38408,30.109229],[31.384008,30.109355],[31.383984,30.109428],[31.383964,30.109516],[31.383962,30.109556],[31.383125,30.110852],[31.383363,30.110852],[31.383707,30.11032],[31.383368,30.110852],[31.383605,30.110852],[31.384122,30.110041],[31.384204,30.110129],[31.384278,30.110194],[31.384344,30.110244],[31.384424,30.110293],[31.384533,30.110353],[31.384651,30.1104],[31.384733,30.11043],[31.384733,30.11035],[31.38457,30.110289]]],[[[31.383811,30.110799],[31.383897,30.110723],[31.383996,30.110653],[31.384113,30.110596],[31.384232,30.110556],[31.38436,30.11053],[31.384621,30.110525],[31.384733,30.110537],[31.384733,30.110465],[31.384623,30.110453],[31.384488,30.110453],[31.384345,30.110459],[31.384205,30.110488],[31.384075,30.110532],[31.383949,30.110593],[31.383843,30.110669],[31.383747,30.110753],[31.383662,30.110852],[31.383765,30.110852],[31.383811,30.110799]]],[[[31.381006,30.109484],[31.381036,30.109499],[31.381899,30.110298],[31.381917,30.110305],[31.381936,30.110299],[31.381944,30.110283],[31.381937,30.110267],[31.381071,30.109465],[31.381045,30.109451],[31.382149,30.10852],[31.383415,30.109673],[31.383434,30.109679],[31.383452,30.109671],[31.383458,30.109657],[31.383451,30.109641],[31.382438,30.108718],[31.383607,30.109764],[31.383635,30.109778],[31.383665,30.109783],[31.383691,30.109778],[31.383718,30.109764],[31.383755,30.109724],[31.383764,30.109706],[31.383766,30.109682],[31.383751,30.109643],[31.383701,30.109598],[31.383872,30.109362],[31.383903,30.10937],[31.383924,30.10937],[31.38395,30.109363],[31.383974,30.109345],[31.383988,30.109325],[31.383991,30.109306],[31.383982,30.10927],[31.382659,30.108089],[31.382953,30.107842],[31.382964,30.107856],[31.382962,30.107872],[31.382871,30.107962],[31.382872,30.107977],[31.382884,30.107989],[31.382899,30.107991],[31.382914,30.107984],[31.382996,30.10791],[31.383011,30.107888],[31.383017,30.107868],[31.383014,30.107846],[31.383005,30.107825],[31.38299,30.10781],[31.383273,30.107572],[31.383339,30.107636],[31.383223,30.107737],[31.38322,30.107752],[31.383229,30.107765],[31.383245,30.107771],[31.383264,30.107764],[31.383584,30.107487],[31.383586,30.107472],[31.383579,30.107461],[31.383563,30.107454],[31.383546,30.107458],[31.383376,30.107604],[31.38331,30.10754],[31.383551,30.107337],[31.384394,30.108081],[31.384417,30.108094],[31.384442,30.108099],[31.384479,30.108092],[31.384533,30.108143],[31.384555,30.108154],[31.384595,30.108157],[31.384628,30.10814],[31.384727,30.10799],[31.384728,30.107971],[31.384723,30.107953],[31.384685,30.107912],[31.384733,30.10787],[31.384733,30.107803],[31.384465,30.108045],[31.384446,30.108053],[31.384427,30.108046],[31.384233,30.107875],[31.384552,30.107613],[31.384559,30.107609],[31.384571,30.107609],[31.384733,30.10776],[31.384733,30.107693],[31.384614,30.107581],[31.384591,30.107567],[31.384565,30.107562],[31.38454,30.107567],[31.38452,30.107577],[31.384196,30.107843],[31.383588,30.107305],[31.383672,30.107235],[31.383478,30.107235],[31.383475,30.107237],[31.38058,30.10968],[31.38058,30.109844],[31.381006,30.109484]],[[31.383841,30.109271],[31.38382,30.109279],[31.383799,30.109294],[31.383609,30.109556],[31.383595,30.109587],[31.383593,30.109609],[31.383599,30.109627],[31.382258,30.108427],[31.382585,30.108152],[31.383841,30.109271]],[[31.384567,30.108108],[31.384518,30.108062],[31.384649,30.107945],[31.384672,30.107968],[31.384676,30.107979],[31.384591,30.108109],[31.384578,30.108113],[31.384567,30.108108]]],[[[31.383919,30.107235],[31.38392,30.107235],[31.383919,30.107235],[31.383919,30.107235]]],[[[31.380903,30.10753],[31.380767,30.107405],[31.38075,30.107399],[31.380732,30.107406],[31.380724,30.107419],[31.380729,30.107436],[31.380866,30.107561],[31.38058,30.107805],[31.38058,30.108027],[31.381515,30.107235],[31.381249,30.107235],[31.380903,30.10753]]],[[[31.383467,30.107235],[31.383273,30.107235],[31.380662,30.109434],[31.38058,30.109358],[31.38058,30.109667],[31.383467,30.107235]]],[[[31.382747,30.107235],[31.382598,30.107235],[31.38058,30.108947],[31.38058,30.109073],[31.380966,30.108746],[31.382747,30.107235]]]]}},{"type":"Feature","properties":{},"geometry":{"type":"MultiPolygon","coordinates":[[[[31.383174,30.11411],[31.383893,30.113318],[31.384335,30.112738],[31.384533,30.112362],[31.384682,30.112026],[31.384733,30.111886],[31.384733,30.111258],[31.384723,30.111319],[31.384683,30.111503],[31.384621,30.111717],[31.384526,30.111976],[31.384379,30.112308],[31.384189,30.112668],[31.38376,30.113231],[31.383046,30.114018],[31.382583,30.114452],[31.382552,30.11447],[31.38279,30.11447],[31.383174,30.11411]]],[[[31.380932,30.112928],[31.381162,30.1129],[31.381388,30.112856],[31.381609,30.112798],[31.381824,30.112725],[31.382035,30.112636],[31.382234,30.112535],[31.382424,30.112422],[31.382601,30.112297],[31.382769,30.112159],[31.382923,30.112011],[31.383066,30.11185],[31.383232,30.111635],[31.383378,30.111415],[31.383656,30.11098],[31.383765,30.110852],[31.383662,30.110852],[31.383587,30.11094],[31.383161,30.111598],[31.382998,30.111809],[31.382861,30.111963],[31.38271,30.112108],[31.382547,30.112242],[31.382373,30.112364],[31.382188,30.112475],[31.381994,30.112573],[31.381792,30.112658],[31.381583,30.112729],[31.381368,30.112786],[31.381149,30.112828],[31.380927,30.112856],[31.38058,30.112867],[31.38058,30.112939],[31.380932,30.112928]]],[[[31.382904,30.111195],[31.382821,30.111309],[31.38273,30.111419],[31.382634,30.111525],[31.382332,30.111817],[31.382238,30.111893],[31.381864,30.112038],[31.381569,30.112142],[31.381291,30.112212],[31.381136,30.11224],[31.380979,30.112261],[31.380821,30.112273],[31.380662,30.112277],[31.38058,30.112275],[31.38058,30.112509],[31.380772,30.112511],[31.380995,30.112503],[31.38088,30.112514],[31.380675,30.112524],[31.38058,30.112525],[31.38058,30.112706],[31.380685,30.112705],[31.3809,30.112694],[31.381112,30.112674],[31.381326,30.112644],[31.381541,30.1126],[31.381639,30.112573],[31.381591,30.112588],[31.381442,30.112624],[31.381249,30.112668],[31.380707,30.112722],[31.38058,30.112741],[31.38058,30.112815],[31.380584,30.112814],[31.380718,30.112794],[31.381268,30.112739],[31.381615,30.112658],[31.381789,30.112601],[31.381918,30.112549],[31.382037,30.112493],[31.382131,30.112441],[31.382217,30.112384],[31.382356,30.112273],[31.382507,30.112179],[31.382639,30.112084],[31.382747,30.111997],[31.382853,30.111903],[31.382951,30.111807],[31.383045,30.111697],[31.383133,30.111583],[31.383212,30.11147],[31.383605,30.110852],[31.383368,30.110852],[31.383031,30.111381],[31.382957,30.111487],[31.382877,30.111591],[31.382793,30.111689],[31.3827,30.111781],[31.3826,30.111869],[31.382501,30.111949],[31.382383,30.112033],[31.382226,30.112131],[31.382053,30.112223],[31.382,30.112246],[31.382091,30.112202],[31.382219,30.112131],[31.382357,30.112043],[31.382476,30.111948],[31.38258,30.111851],[31.382791,30.111643],[31.382895,30.11153],[31.382994,30.111408],[31.383084,30.111286],[31.383363,30.110852],[31.383125,30.110852],[31.382904,30.111195]],[[31.381458,30.112251],[31.381359,30.11227],[31.381585,30.112214],[31.381458,30.112251]],[[31.381109,30.112491],[31.381086,30.112494],[31.381069,30.112496],[31.381109,30.112491]]],[[[31.384499,30.114015],[31.384467,30.114081],[31.384462,30.11447],[31.384514,30.11447],[31.384519,30.114086],[31.384542,30.114043],[31.384589,30.114025],[31.384733,30.114025],[31.384733,30.113979],[31.384584,30.113979],[31.384509,30.114006],[31.384499,30.114015]]],[[[31.384613,30.114147],[31.384635,30.114115],[31.384699,30.114106],[31.384733,30.114106],[31.384733,30.11406],[31.384696,30.114061],[31.384612,30.114072],[31.384596,30.114083],[31.384561,30.114141],[31.384562,30.11447],[31.384614,30.11447],[31.384613,30.114147]]]]}},{"type":"Feature","properties":{},"geometry":{"type":"MultiPolygon","coordinates":[[[[31.384733,30.117795],[31.384733,30.117605],[31.38388,30.117188],[31.383858,30.116939],[31.384733,30.117368],[31.384733,30.117159],[31.38058,30.115124],[31.38058,30.115332],[31.383782,30.116903],[31.383774,30.116943],[31.383792,30.117145],[31.38058,30.115575],[31.38058,30.115762],[31.384733,30.117795]]],[[[31.380592,30.114959],[31.381092,30.115016],[31.381683,30.114977],[31.38224,30.114823],[31.382691,30.114563],[31.38279,30.11447],[31.382552,30.11447],[31.382171,30.11469],[31.38166,30.114833],[31.381105,30.114871],[31.380623,30.114817],[31.38058,30.114809],[31.38058,30.114957],[31.380592,30.114959]]],[[[31.384447,30.115589],[31.384485,30.116794],[31.384156,30.116653],[31.38411,30.116653],[31.384069,30.116671],[31.384049,30.116706],[31.384061,30.116754],[31.384095,30.116787],[31.384609,30.117009],[31.384733,30.117061],[31.384733,30.117011],[31.384648,30.116975],[31.384652,30.116918],[31.384733,30.116953],[31.384733,30.116902],[31.384655,30.116868],[31.384621,30.115611],[31.384733,30.115611],[31.384733,30.115566],[31.38462,30.115566],[31.384614,30.11447],[31.384562,30.11447],[31.384568,30.115566],[31.384499,30.115566],[31.384514,30.11447],[31.384462,30.11447],[31.384447,30.115589]],[[31.384121,30.116698],[31.384148,30.116698],[31.384487,30.116845],[31.384484,30.116902],[31.384122,30.116748],[31.384106,30.116732],[31.384102,30.116712],[31.384108,30.116703],[31.384121,30.116698]],[[31.384602,30.116896],[31.384597,30.116953],[31.384534,30.116924],[31.384537,30.116867],[31.384602,30.116896]],[[31.3845,30.115612],[31.384569,30.115611],[31.384602,30.116845],[31.384538,30.116817],[31.3845,30.115612]]]]}},{"type":"Feature","properties":{},"geometry":{"type":"MultiPolygon","coordinates":[[[[31.381702,30.128595],[31.38058,30.127707],[31.38058,30.128127],[31.381589,30.128915],[31.381572,30.12894],[31.382131,30.12894],[31.381702,30.128595]]],[[[31.382269,30.12894],[31.382609,30.12894],[31.38058,30.127339],[31.38058,30.127607],[31.382269,30.12894]]],[[[31.381583,30.128028],[31.382591,30.128812],[31.382748,30.12894],[31.382824,30.12894],[31.382626,30.128779],[31.381617,30.127995],[31.38058,30.127174],[31.38058,30.127235],[31.381583,30.128028]]]]}},{"type":"Feature","properties":{},"geometry":{"type":"MultiPolygon","coordinates":[[[[31.384237,30.130902],[31.383897,30.130626],[31.383888,30.130609],[31.384092,30.130766],[31.384733,30.131233],[31.384733,30.130974],[31.38424,30.130614],[31.383771,30.130255],[31.382131,30.12894],[31.381572,30.12894],[31.38058,30.130427],[31.38058,30.13062],[31.383933,30.131576],[31.384029,30.131587],[31.384059,30.131585],[31.384366,30.131669],[31.384583,30.131718],[31.384733,30.131747],[31.384733,30.131683],[31.3846,30.131657],[31.384387,30.131608],[31.384187,30.131556],[31.384232,30.131538],[31.38431,30.131483],[31.384371,30.131408],[31.384406,30.131326],[31.384415,30.13125],[31.384404,30.131183],[31.384733,30.131428],[31.384733,30.131273],[31.384237,30.130902]],[[31.384249,30.131358],[31.38421,30.131403],[31.384159,30.131438],[31.3841,30.131461],[31.384035,30.131469],[31.383969,30.131463],[31.380642,30.130514],[31.381667,30.128977],[31.384137,30.130982],[31.38427,30.131196],[31.38428,30.131249],[31.384272,30.131305],[31.384249,30.131358]],[[31.383735,30.130492],[31.383738,30.130497],[31.383665,30.130438],[31.383735,30.130492]]],[[[31.382512,30.129132],[31.384195,30.130489],[31.384733,30.130909],[31.384733,30.130642],[31.38435,30.130343],[31.382666,30.128985],[31.382609,30.12894],[31.382269,30.12894],[31.382512,30.129132]]],[[[31.382337,30.131177],[31.382567,30.131363],[31.383427,30.131599],[31.383463,30.131631],[31.383492,30.131667],[31.383515,30.131707],[31.383531,30.131749],[31.38354,30.131792],[31.38354,30.131838],[31.383533,30.13188],[31.383436,30.132062],[31.383518,30.132124],[31.383632,30.131908],[31.383644,30.131847],[31.383643,30.131784],[31.383633,30.13173],[31.383611,30.131672],[31.383596,30.131646],[31.383911,30.131732],[31.383856,30.131755],[31.383795,30.13179],[31.383738,30.13183],[31.383681,30.131884],[31.383542,30.132142],[31.383624,30.132203],[31.383772,30.131929],[31.38381,30.131895],[31.383857,30.131862],[31.383909,30.131833],[31.383964,30.13181],[31.38402,30.131794],[31.384077,30.131782],[31.38409,30.131781],[31.384186,30.131808],[31.384024,30.131836],[31.383958,30.131863],[31.383914,30.131897],[31.383879,30.131938],[31.383783,30.132135],[31.383711,30.132268],[31.383752,30.132299],[31.383805,30.132199],[31.384185,30.132353],[31.384166,30.132359],[31.3839,30.132255],[31.383883,30.132255],[31.383869,30.132265],[31.383867,30.132282],[31.383879,30.132296],[31.384149,30.132402],[31.384174,30.132404],[31.38426,30.132384],[31.384514,30.132488],[31.384538,30.132491],[31.384568,30.132487],[31.384733,30.132552],[31.384733,30.132502],[31.384607,30.132452],[31.384648,30.132376],[31.384733,30.13241],[31.384733,30.13236],[31.384671,30.132335],[31.38473,30.132226],[31.384733,30.132227],[31.384733,30.132115],[31.384705,30.132166],[31.384517,30.132089],[31.384608,30.131924],[31.384733,30.131958],[31.384733,30.131837],[31.382337,30.131177]],[[31.384469,30.132073],[31.384078,30.131962],[31.384059,30.131958],[31.384037,30.13196],[31.384012,30.13197],[31.383996,30.131986],[31.383907,30.132159],[31.38384,30.132133],[31.383924,30.13196],[31.383952,30.131928],[31.383986,30.131901],[31.384041,30.131879],[31.384289,30.131836],[31.384558,30.13191],[31.384496,30.132024],[31.384469,30.132073]],[[31.384495,30.13213],[31.384683,30.132206],[31.384557,30.132439],[31.384546,30.132445],[31.38453,30.132445],[31.384378,30.132384],[31.384367,30.132369],[31.38438,30.132341],[31.384495,30.13213]],[[31.384446,30.132114],[31.384394,30.13221],[31.384013,30.132063],[31.384041,30.13201],[31.384054,30.132004],[31.384446,30.132114]],[[31.383992,30.132104],[31.384372,30.132251],[31.384332,30.132324],[31.383954,30.132177],[31.383992,30.132104]]],[[[31.383363,30.129438],[31.384677,30.130515],[31.384733,30.130558],[31.384733,30.130496],[31.384421,30.130246],[31.384733,30.130123],[31.384733,30.130074],[31.384381,30.130212],[31.383399,30.129406],[31.382824,30.12894],[31.382748,30.12894],[31.383363,30.129438]]]]}},{"type":"Feature","properties":{},"geometry":{"type":"MultiPolygon","coordinates":[[[[31.386803,30.081727],[31.386833,30.081669],[31.387,30.081686],[31.387,30.081641],[31.386843,30.081624],[31.386871,30.080997],[31.386921,30.081009],[31.387,30.081018],[31.387,30.080972],[31.386929,30.080964],[31.386873,30.080948],[31.386876,30.0809],[31.387,30.080907],[31.387,30.080862],[31.38678,30.080849],[31.38661,30.080814],[31.3868,30.08081],[31.387,30.080822],[31.387,30.080777],[31.386802,30.080765],[31.38662,30.080766],[31.386471,30.080787],[31.386276,30.080807],[31.38614,30.080761],[31.386094,30.080725],[31.386046,30.080642],[31.386031,30.080635],[31.386014,30.080639],[31.386004,30.080648],[31.386002,30.080664],[31.386054,30.080754],[31.386112,30.0808],[31.386228,30.080839],[31.386193,30.080874],[31.386137,30.080961],[31.386056,30.081186],[31.386062,30.081309],[31.386127,30.081383],[31.386089,30.081439],[31.385972,30.081445],[31.385685,30.08143],[31.385668,30.081436],[31.38566,30.081449],[31.385666,30.081468],[31.385684,30.081476],[31.38597,30.08149],[31.386106,30.081484],[31.386125,30.081475],[31.386168,30.081411],[31.386261,30.081451],[31.386345,30.081481],[31.386451,30.08153],[31.386617,30.081646],[31.386779,30.081663],[31.386752,30.08172],[31.386737,30.081913],[31.386789,30.081913],[31.386803,30.081727]],[[31.386805,30.081252],[31.386792,30.081619],[31.386639,30.081603],[31.386564,30.081547],[31.386479,30.081492],[31.386368,30.08144],[31.386283,30.081411],[31.386175,30.081363],[31.386112,30.081293],[31.386108,30.081194],[31.386185,30.080979],[31.386235,30.0809],[31.386285,30.080851],[31.386473,30.080833],[31.38677,30.080893],[31.386824,30.080897],[31.386805,30.081252]]],[[[31.385358,30.081596],[31.385351,30.08158],[31.385331,30.081572],[31.385315,30.081578],[31.385306,30.081593],[31.385286,30.081913],[31.385338,30.081913],[31.385358,30.081596]]],[[[31.385231,30.080899],[31.385254,30.080834],[31.385287,30.080766],[31.385326,30.080702],[31.385371,30.080641],[31.385431,30.080575],[31.385499,30.080515],[31.385573,30.080462],[31.385665,30.08041],[31.387,30.080481],[31.387,30.080299],[31.385718,30.080232],[31.384733,30.080161],[31.384733,30.080342],[31.385455,30.080394],[31.385405,30.080431],[31.385328,30.0805],[31.385294,30.080537],[31.385237,30.080502],[31.385169,30.080479],[31.385095,30.08047],[31.385026,30.080477],[31.384952,30.080501],[31.384894,30.080535],[31.384873,30.080553],[31.384791,30.080466],[31.384733,30.080415],[31.384733,30.080589],[31.384759,30.080617],[31.384819,30.080692],[31.38487,30.080772],[31.38491,30.080851],[31.384928,30.080962],[31.384852,30.081913],[31.384987,30.081913],[31.385064,30.080964],[31.38504,30.080816],[31.38499,30.080717],[31.384915,30.080606],[31.384938,30.080585],[31.384986,30.080557],[31.385039,30.08054],[31.385095,30.080534],[31.385151,30.08054],[31.385203,30.080558],[31.38525,30.080588],[31.385208,30.080645],[31.385163,30.080719],[31.385127,30.080796],[31.385097,30.080884],[31.385022,30.081913],[31.385157,30.081913],[31.385231,30.080899]]]]}},{"type":"Feature","properties":{},"geometry":{"type":"MultiPolygon","coordinates":[[[[31.38507,30.083097],[31.386642,30.083183],[31.386603,30.083687],[31.385497,30.08363],[31.385478,30.083636],[31.385469,30.083652],[31.385476,30.083668],[31.385493,30.083675],[31.386599,30.083733],[31.386461,30.08553],[31.386584,30.08553],[31.386512,30.085525],[31.386548,30.085059],[31.387,30.085088],[31.387,30.085043],[31.386552,30.085014],[31.386651,30.083736],[31.387,30.083761],[31.387,30.083716],[31.386655,30.083691],[31.386694,30.083186],[31.387,30.083203],[31.387,30.083158],[31.386697,30.083141],[31.386701,30.083098],[31.387,30.083117],[31.387,30.083072],[31.386704,30.083053],[31.386761,30.082274],[31.387,30.082289],[31.387,30.082244],[31.386764,30.082229],[31.386789,30.081913],[31.386737,30.081913],[31.386712,30.082226],[31.385581,30.082168],[31.385323,30.082149],[31.385338,30.081913],[31.385286,30.081913],[31.38527,30.08217],[31.385275,30.082182],[31.385286,30.08219],[31.385333,30.082195],[31.385328,30.082255],[31.385132,30.082247],[31.385157,30.081913],[31.385022,30.081913],[31.38476,30.08553],[31.384895,30.08553],[31.38507,30.083097]],[[31.385073,30.083052],[31.385077,30.082997],[31.385399,30.083019],[31.385393,30.08307],[31.385073,30.083052]],[[31.385287,30.082763],[31.385304,30.082804],[31.385348,30.08284],[31.385389,30.082852],[31.385415,30.082853],[31.385403,30.082974],[31.385081,30.082952],[31.385129,30.082292],[31.385324,30.0823],[31.385287,30.082725],[31.385287,30.082763]],[[31.38545,30.083022],[31.385479,30.083024],[31.385475,30.083074],[31.385445,30.083072],[31.38545,30.083022]],[[31.385467,30.082856],[31.385494,30.082858],[31.385483,30.082979],[31.385455,30.082977],[31.385467,30.082856]],[[31.385582,30.082299],[31.385562,30.082282],[31.385528,30.082269],[31.385379,30.082258],[31.385385,30.082199],[31.385577,30.082214],[31.386709,30.082271],[31.386652,30.083049],[31.385535,30.082982],[31.385591,30.08234],[31.385587,30.082309],[31.385582,30.082299]],[[31.385539,30.082339],[31.385498,30.082813],[31.385399,30.082807],[31.385374,30.082801],[31.385347,30.082777],[31.385338,30.082754],[31.385376,30.082303],[31.385514,30.082312],[31.385537,30.082323],[31.385539,30.082339]],[[31.385531,30.083027],[31.386649,30.083095],[31.386645,30.083138],[31.385527,30.083077],[31.385531,30.083027]]],[[[31.384752,30.083272],[31.384733,30.083527],[31.384733,30.085329],[31.384901,30.083099],[31.384908,30.0829],[31.384987,30.081913],[31.384852,30.081913],[31.384774,30.082885],[31.384733,30.082913],[31.384733,30.083028],[31.384769,30.083003],[31.38476,30.083174],[31.384733,30.083163],[31.384733,30.083263],[31.384752,30.083272]]]]}},{"type":"Feature","properties":{},"geometry":{"type":"MultiPolygon","coordinates":[[[[31.384895,30.08553],[31.38476,30.08553],[31.384733,30.0859],[31.384733,30.08779],[31.384895,30.08553]]],[[[31.386434,30.085884],[31.385135,30.085824],[31.385124,30.08583],[31.385118,30.085842],[31.385108,30.086014],[31.38501,30.086189],[31.384985,30.086275],[31.384985,30.086334],[31.38502,30.086382],[31.385036,30.08639],[31.386266,30.086458],[31.386338,30.086415],[31.386348,30.086401],[31.386363,30.086292],[31.38639,30.085927],[31.38643,30.085929],[31.386388,30.08644],[31.386352,30.087002],[31.386238,30.086984],[31.384855,30.086894],[31.384833,30.086902],[31.384827,30.086916],[31.384749,30.088152],[31.384781,30.0882],[31.384842,30.088223],[31.385329,30.088247],[31.385313,30.088433],[31.385318,30.0885],[31.385336,30.088564],[31.385404,30.088663],[31.38477,30.088621],[31.384751,30.088626],[31.384742,30.088644],[31.384748,30.088658],[31.384763,30.088665],[31.384926,30.088676],[31.384892,30.089037],[31.384898,30.089051],[31.384913,30.089059],[31.384933,30.089055],[31.384944,30.08904],[31.384978,30.08868],[31.38516,30.088692],[31.385132,30.089036],[31.38514,30.089052],[31.385159,30.089058],[31.385175,30.089052],[31.385184,30.089039],[31.385211,30.088696],[31.385764,30.088732],[31.385963,30.088736],[31.386129,30.08873],[31.386273,30.088694],[31.386428,30.088646],[31.386399,30.088946],[31.386407,30.088962],[31.386428,30.088969],[31.386442,30.088963],[31.386451,30.08895],[31.386481,30.088636],[31.38655,30.088623],[31.386765,30.088609],[31.386843,30.089148],[31.386893,30.089148],[31.386816,30.088605],[31.387,30.088603],[31.387,30.088557],[31.386852,30.088557],[31.386544,30.088578],[31.386392,30.088606],[31.386293,30.088639],[31.386322,30.088137],[31.386392,30.088181],[31.386436,30.0882],[31.386485,30.088215],[31.386531,30.088221],[31.386589,30.088224],[31.387,30.088216],[31.387,30.088171],[31.386589,30.088178],[31.386498,30.088171],[31.386419,30.088143],[31.386325,30.088081],[31.3864,30.087053],[31.387,30.08709],[31.387,30.087045],[31.386403,30.087008],[31.38644,30.086442],[31.386509,30.08557],[31.387,30.085606],[31.387,30.08556],[31.386584,30.08553],[31.386461,30.08553],[31.386434,30.085884]],[[31.385389,30.088076],[31.38542,30.087745],[31.385499,30.087747],[31.385432,30.088616],[31.385384,30.088546],[31.385369,30.088493],[31.385365,30.088434],[31.385382,30.088228],[31.385389,30.088076]],[[31.385473,30.087131],[31.385489,30.087084],[31.38553,30.087039],[31.385568,30.087014],[31.385503,30.087702],[31.385424,30.0877],[31.38547,30.087202],[31.385473,30.087131]],[[31.385421,30.087122],[31.385418,30.087202],[31.384862,30.087178],[31.384877,30.086941],[31.385529,30.086983],[31.385493,30.087008],[31.385446,30.087059],[31.385421,30.087122]],[[31.385332,30.088202],[31.384853,30.088179],[31.384816,30.088165],[31.3848,30.08814],[31.384833,30.087626],[31.385376,30.087655],[31.385337,30.088074],[31.385332,30.088202]],[[31.385414,30.087247],[31.385381,30.087609],[31.384836,30.087581],[31.384859,30.087224],[31.385414,30.087247]],[[31.38624,30.088655],[31.386123,30.088685],[31.385964,30.088691],[31.385766,30.088687],[31.38548,30.088668],[31.385573,30.087479],[31.385623,30.086989],[31.386233,30.087029],[31.386349,30.087048],[31.386273,30.08809],[31.38624,30.088655]],[[31.385168,30.085869],[31.386339,30.085924],[31.386311,30.086288],[31.386298,30.086384],[31.386252,30.086413],[31.385055,30.086346],[31.385035,30.086319],[31.385037,30.086279],[31.385058,30.086206],[31.385159,30.086026],[31.385168,30.085869]]]]}},{"type":"Feature","properties":{},"geometry":{"type":"MultiPolygon","coordinates":[[[[31.387,30.092598],[31.386879,30.092765],[31.387,30.092765],[31.387,30.092598]]],[[[31.386827,30.092758],[31.38684,30.092714],[31.386857,30.092682],[31.387,30.092474],[31.387,30.092386],[31.386812,30.09266],[31.386792,30.092697],[31.386775,30.092751],[31.386775,30.092765],[31.386827,30.092765],[31.386827,30.092758]]],[[[31.385631,30.092372],[31.385484,30.09229],[31.385395,30.092249],[31.385302,30.092196],[31.385279,30.092178],[31.385257,30.092153],[31.385183,30.092044],[31.385164,30.092019],[31.385143,30.092002],[31.38511,30.091993],[31.384733,30.091943],[31.384733,30.091989],[31.384987,30.092023],[31.384975,30.092208],[31.384872,30.092228],[31.384873,30.092047],[31.384867,30.092032],[31.384849,30.092024],[31.384832,30.092028],[31.384821,30.092042],[31.38482,30.092239],[31.38475,30.092252],[31.384741,30.092115],[31.384748,30.092093],[31.384748,30.092067],[31.384733,30.092023],[31.384733,30.092302],[31.385006,30.092248],[31.385105,30.092232],[31.385127,30.092231],[31.38513,30.092234],[31.384733,30.092315],[31.384733,30.092361],[31.385144,30.092278],[31.385169,30.09238],[31.385167,30.092396],[31.385146,30.092406],[31.384733,30.092493],[31.384733,30.09254],[31.385159,30.092449],[31.385187,30.09244],[31.385213,30.09242],[31.38522,30.092399],[31.385221,30.092378],[31.385182,30.092223],[31.385167,30.0922],[31.385142,30.092187],[31.385099,30.092187],[31.385028,30.092198],[31.385039,30.09203],[31.385099,30.092037],[31.385115,30.092041],[31.385124,30.092049],[31.385215,30.092179],[31.38524,30.092209],[31.385271,30.092233],[31.385368,30.092288],[31.385457,30.092329],[31.385602,30.09241],[31.386186,30.092765],[31.386277,30.092765],[31.385631,30.092372]]],[[[31.384821,30.091424],[31.384848,30.091336],[31.384921,30.091159],[31.384953,30.091056],[31.384964,30.090976],[31.384956,30.090885],[31.384931,30.090804],[31.384899,30.090738],[31.384858,30.090669],[31.38478,30.090595],[31.384733,30.090568],[31.384733,30.090622],[31.384746,30.090629],[31.384813,30.090693],[31.384852,30.090757],[31.384881,30.090817],[31.384905,30.090893],[31.384912,30.090975],[31.384902,30.091048],[31.384871,30.091146],[31.384799,30.091321],[31.384771,30.091413],[31.384733,30.091606],[31.384733,30.091879],[31.384821,30.091424]]],[[[31.3848,30.089593],[31.384897,30.089595],[31.387,30.089705],[31.387,30.089587],[31.384904,30.089478],[31.384783,30.089477],[31.384804,30.089414],[31.384806,30.089387],[31.384834,30.089397],[31.384929,30.089412],[31.387,30.089524],[31.387,30.089406],[31.384942,30.089295],[31.384869,30.089283],[31.384803,30.089254],[31.384775,30.089232],[31.384738,30.089174],[31.384733,30.08917],[31.384733,30.089603],[31.3848,30.089593]]],[[[31.386855,30.089235],[31.386865,30.089247],[31.386879,30.089252],[31.386896,30.089248],[31.386906,30.089235],[31.386893,30.089148],[31.386843,30.089148],[31.386855,30.089235]]],[[[31.384747,30.090752],[31.384778,30.090793],[31.384802,30.090837],[31.384818,30.090883],[31.384827,30.090931],[31.384828,30.090979],[31.384821,30.091028],[31.384806,30.091074],[31.384744,30.0912],[31.384733,30.091233],[31.384733,30.091401],[31.384767,30.091286],[31.384793,30.091215],[31.384856,30.091088],[31.384872,30.091038],[31.38488,30.090984],[31.384879,30.090929],[31.384868,30.090871],[31.38485,30.090819],[31.384824,30.090772],[31.384787,30.090723],[31.384749,30.090686],[31.384733,30.090674],[31.384733,30.090738],[31.384747,30.090752]]]]}},{"type":"Feature","properties":{},"geometry":{"type":"Polygon","coordinates":[[[31.384998,30.096177],[31.3851,30.095865],[31.385205,30.095624],[31.3854,30.095276],[31.385596,30.09498],[31.386061,30.094359],[31.386433,30.093912],[31.386846,30.093323],[31.387,30.093112],[31.387,30.092765],[31.386879,30.092765],[31.386832,30.09283],[31.386827,30.092801],[31.386827,30.092765],[31.386775,30.092765],[31.386775,30.092803],[31.386782,30.092848],[31.386793,30.092883],[31.386652,30.09307],[31.386591,30.093043],[31.386585,30.093036],[31.386576,30.092995],[31.386563,30.092964],[31.386542,30.092934],[31.386503,30.092902],[31.386277,30.092765],[31.386186,30.092765],[31.386472,30.092939],[31.386502,30.092963],[31.386517,30.092984],[31.386536,30.093053],[31.386552,30.093074],[31.386576,30.093089],[31.386624,30.093108],[31.386561,30.093197],[31.386228,30.093599],[31.3859,30.093954],[31.385605,30.094219],[31.385216,30.094514],[31.384999,30.094695],[31.384837,30.094846],[31.384733,30.094966],[31.384733,30.095215],[31.384802,30.095125],[31.384967,30.094937],[31.385119,30.094795],[31.385326,30.094622],[31.385518,30.094477],[31.385596,30.094432],[31.385641,30.09442],[31.385663,30.094421],[31.385681,30.094431],[31.385695,30.094445],[31.385701,30.094465],[31.385699,30.094497],[31.385654,30.094604],[31.385597,30.094714],[31.385453,30.094906],[31.385255,30.095205],[31.385054,30.095564],[31.384941,30.095823],[31.384835,30.096148],[31.384786,30.096383],[31.384955,30.096383],[31.384998,30.096177]],[[31.385815,30.094345],[31.385852,30.094373],[31.385784,30.094464],[31.385772,30.094418],[31.385764,30.094405],[31.385735,30.094375],[31.385685,30.094351],[31.385798,30.094254],[31.385794,30.094277],[31.385797,30.094312],[31.385815,30.094345]],[[31.386027,30.094048],[31.386359,30.093688],[31.386596,30.093401],[31.386293,30.093835],[31.385899,30.094311],[31.385883,30.094301],[31.385878,30.094293],[31.385885,30.094244],[31.385945,30.094123],[31.386027,30.094048]]]}},{"type":"Feature","properties":{},"geometry":{"type":"MultiPolygon","coordinates":[[[[31.385353,30.1],[31.385832,30.1],[31.385227,30.099165],[31.384733,30.098468],[31.384733,30.099125],[31.385353,30.1]]],[[[31.38595,30.1],[31.386145,30.1],[31.385782,30.099493],[31.385887,30.099627],[31.386147,30.1],[31.386341,30.1],[31.386092,30.099643],[31.386173,30.099662],[31.386234,30.099682],[31.38629,30.099711],[31.386342,30.099749],[31.386382,30.099789],[31.38653,30.1],[31.386591,30.1],[31.386425,30.099764],[31.386375,30.099713],[31.38644,30.099724],[31.386497,30.099745],[31.386623,30.099824],[31.386638,30.099824],[31.386649,30.099819],[31.386657,30.099808],[31.386656,30.099794],[31.386647,30.099784],[31.386525,30.099707],[31.386458,30.099681],[31.386384,30.099668],[31.386312,30.099669],[31.386257,30.099642],[31.386191,30.099619],[31.386053,30.099587],[31.385904,30.099391],[31.385524,30.098768],[31.385242,30.098283],[31.385132,30.09805],[31.385049,30.097813],[31.384998,30.097631],[31.384954,30.097437],[31.38492,30.097198],[31.384904,30.096922],[31.384918,30.096629],[31.384949,30.096408],[31.384955,30.096383],[31.384786,30.096383],[31.384785,30.096384],[31.384753,30.096614],[31.384738,30.096926],[31.384754,30.097209],[31.38479,30.097457],[31.384836,30.097664],[31.38491,30.097913],[31.384875,30.097819],[31.384832,30.097684],[31.384797,30.097553],[31.384733,30.09719],[31.384733,30.097634],[31.384751,30.097701],[31.384795,30.09784],[31.384909,30.098126],[31.384984,30.098283],[31.385082,30.09846],[31.385171,30.098605],[31.385483,30.099056],[31.385601,30.099203],[31.385752,30.099449],[31.384733,30.098017],[31.384733,30.098293],[31.38595,30.1]]]]}},{"type":"Feature","properties":{},"geometry":{"type":"MultiPolygon","coordinates":[[[[31.385998,30.103403],[31.386262,30.103617],[31.386527,30.103617],[31.386477,30.103579],[31.386066,30.103234],[31.385625,30.102842],[31.385559,30.102779],[31.38545,30.102661],[31.385334,30.102525],[31.385569,30.102373],[31.385578,30.102358],[31.385571,30.102341],[31.385555,30.102334],[31.385538,30.102337],[31.385304,30.102488],[31.384872,30.101959],[31.385199,30.101761],[31.385218,30.101745],[31.385228,30.101726],[31.385232,30.101695],[31.385222,30.101669],[31.384733,30.101028],[31.384733,30.10111],[31.385177,30.101691],[31.385179,30.101711],[31.385166,30.101727],[31.384842,30.101922],[31.384733,30.101791],[31.384733,30.102063],[31.385019,30.102414],[31.384733,30.102651],[31.384733,30.102776],[31.385081,30.102488],[31.385279,30.102725],[31.385416,30.102878],[31.384733,30.103456],[31.384733,30.103617],[31.384814,30.103617],[31.38554,30.103],[31.385924,30.10334],[31.38561,30.103617],[31.385755,30.103617],[31.385998,30.103403]]],[[[31.386273,30.101299],[31.386218,30.101328],[31.386148,30.10134],[31.386106,30.101358],[31.385497,30.10173],[31.38548,30.101742],[31.385465,30.101759],[31.385457,30.101778],[31.385455,30.101798],[31.385464,30.101828],[31.385798,30.102247],[31.385816,30.102254],[31.385833,30.102248],[31.385841,30.102235],[31.385838,30.10222],[31.38551,30.101806],[31.385508,30.101788],[31.385517,30.101773],[31.386135,30.101396],[31.386165,30.101383],[31.386237,30.101371],[31.3863,30.101338],[31.386338,30.101392],[31.3862,30.101481],[31.386126,30.101525],[31.386091,30.101522],[31.386084,30.101508],[31.386064,30.101496],[31.386013,30.101498],[31.385994,30.101503],[31.385978,30.101516],[31.385969,30.101535],[31.385937,30.101546],[31.385916,30.101558],[31.3859,30.101573],[31.385892,30.101587],[31.38583,30.101627],[31.385805,30.10165],[31.385786,30.101691],[31.38579,30.101729],[31.38583,30.101787],[31.385729,30.101859],[31.385721,30.101869],[31.385721,30.101883],[31.385729,30.101893],[31.385743,30.101899],[31.385755,30.101897],[31.385859,30.101825],[31.38589,30.101866],[31.385901,30.101887],[31.385903,30.10191],[31.385891,30.101963],[31.385882,30.101975],[31.385819,30.102013],[31.385805,30.10203],[31.3858,30.102061],[31.385812,30.102084],[31.385914,30.102206],[31.385936,30.102222],[31.385959,30.102227],[31.385983,30.102224],[31.386032,30.102199],[31.386043,30.102179],[31.386043,30.102142],[31.385932,30.101991],[31.385941,30.101978],[31.385955,30.101915],[31.385952,30.101878],[31.385936,30.101844],[31.385899,30.101797],[31.386086,30.101668],[31.386106,30.101665],[31.386123,30.101669],[31.386138,30.101678],[31.38622,30.101759],[31.386232,30.10176],[31.386246,30.101755],[31.386254,30.101746],[31.386255,30.101733],[31.386172,30.101644],[31.386145,30.101628],[31.386111,30.10162],[31.386068,30.101625],[31.38604,30.10164],[31.385871,30.101759],[31.385841,30.101717],[31.385838,30.101697],[31.385846,30.101678],[31.385921,30.101624],[31.385955,30.101624],[31.386016,30.101607],[31.386104,30.101596],[31.386126,30.101587],[31.386151,30.101564],[31.386365,30.101431],[31.386484,30.1016],[31.386199,30.101789],[31.386163,30.101822],[31.386154,30.101838],[31.386102,30.101871],[31.386027,30.101775],[31.386003,30.101771],[31.385987,30.101784],[31.385988,30.101803],[31.38606,30.101898],[31.386039,30.101912],[31.386011,30.101943],[31.386001,30.101974],[31.385999,30.102006],[31.386012,30.102043],[31.386235,30.102321],[31.386217,30.102358],[31.386223,30.102397],[31.386034,30.102537],[31.386018,30.102569],[31.386014,30.102593],[31.386018,30.102616],[31.386031,30.102643],[31.3862,30.102847],[31.386278,30.102925],[31.38636,30.102999],[31.386604,30.103196],[31.386565,30.10326],[31.386554,30.103298],[31.386556,30.10334],[31.386579,30.103389],[31.386602,30.103412],[31.386812,30.103529],[31.386842,30.103538],[31.386867,30.103537],[31.386888,30.103532],[31.387,30.10347],[31.387,30.103416],[31.386866,30.103491],[31.386838,30.10349],[31.386633,30.103376],[31.386612,30.103347],[31.386607,30.10333],[31.386605,30.103304],[31.386613,30.103278],[31.386641,30.103229],[31.386659,30.103208],[31.386681,30.10319],[31.386732,30.103161],[31.386789,30.103147],[31.386916,30.103141],[31.386954,30.103147],[31.386982,30.10317],[31.386989,30.103189],[31.387,30.103287],[31.387,30.10312],[31.386976,30.103106],[31.386947,30.103097],[31.3869,30.103097],[31.386872,30.102954],[31.386836,30.102843],[31.386792,30.102736],[31.386745,30.102641],[31.38669,30.102546],[31.386485,30.102279],[31.386574,30.10222],[31.386593,30.102198],[31.386604,30.102165],[31.386599,30.102131],[31.386586,30.102107],[31.386561,30.102086],[31.386536,30.102074],[31.38651,30.102069],[31.386476,30.102071],[31.386445,30.102083],[31.386216,30.102219],[31.386059,30.102024],[31.386051,30.102003],[31.386053,30.101982],[31.38606,30.10196],[31.386089,30.101936],[31.386197,30.102078],[31.386215,30.102086],[31.386234,30.102082],[31.386243,30.102068],[31.38624,30.102053],[31.386131,30.101909],[31.386185,30.101874],[31.386227,30.101865],[31.386254,30.101853],[31.386534,30.10167],[31.386934,30.102237],[31.386967,30.102293],[31.386921,30.102446],[31.386916,30.102498],[31.386925,30.102547],[31.387,30.102734],[31.387,30.102598],[31.386974,30.102534],[31.386968,30.102496],[31.386972,30.102456],[31.387,30.102362],[31.387,30.101988],[31.386006,30.100579],[31.386536,30.101312],[31.387,30.101973],[31.387,30.101624],[31.386712,30.101216],[31.385832,30.1],[31.385353,30.1],[31.386273,30.101299]],[[31.385895,30.102024],[31.385992,30.102154],[31.385991,30.10217],[31.38597,30.10218],[31.385957,30.10218],[31.385952,30.102176],[31.385856,30.10206],[31.385853,30.102053],[31.385857,30.102044],[31.385895,30.102024]],[[31.386333,30.102445],[31.386367,30.10243],[31.386438,30.102501],[31.38627,30.102601],[31.386254,30.102605],[31.386238,30.102603],[31.386227,30.102597],[31.38615,30.102509],[31.386256,30.102433],[31.3863,30.102447],[31.386333,30.102445]],[[31.386394,30.102339],[31.386443,30.102306],[31.386646,30.10257],[31.386697,30.102659],[31.386743,30.102752],[31.386786,30.102857],[31.386821,30.102962],[31.386848,30.103099],[31.386771,30.103104],[31.386639,30.102717],[31.386599,30.102638],[31.386551,30.102563],[31.386496,30.102491],[31.386396,30.10239],[31.3864,30.102375],[31.386397,30.102344],[31.386394,30.102339]],[[31.386362,30.102303],[31.38632,30.102288],[31.386276,30.102293],[31.386246,30.102256],[31.386488,30.102116],[31.386519,30.102117],[31.386543,30.102133],[31.386552,30.102161],[31.386537,30.102188],[31.386362,30.102303]],[[31.386274,30.102351],[31.386298,30.102335],[31.386328,30.102338],[31.386347,30.102359],[31.386343,30.102385],[31.386319,30.102401],[31.386289,30.102398],[31.38627,30.102377],[31.386274,30.102351]],[[31.386294,30.102641],[31.386469,30.102537],[31.386508,30.102587],[31.386553,30.102659],[31.386591,30.102734],[31.386721,30.103117],[31.386676,30.103136],[31.386639,30.103162],[31.386396,30.102967],[31.386242,30.10282],[31.386075,30.102619],[31.386067,30.102593],[31.386076,30.102565],[31.38611,30.102537],[31.386192,30.102631],[31.38622,30.102646],[31.386252,30.10265],[31.386294,30.102641]]],[[[31.386079,30.100182],[31.387,30.101459],[31.387,30.100924],[31.386959,30.100864],[31.387,30.100802],[31.387,30.100736],[31.386965,30.100767],[31.386929,30.100818],[31.386867,30.100722],[31.38691,30.100717],[31.38697,30.1007],[31.387,30.100687],[31.387,30.100636],[31.38695,30.100658],[31.386897,30.100673],[31.38684,30.10068],[31.386618,30.100397],[31.386632,30.100371],[31.386677,30.100353],[31.386725,30.100342],[31.386762,30.10034],[31.38689,30.100507],[31.386913,30.100513],[31.386932,30.100499],[31.38693,30.100478],[31.386683,30.100159],[31.386664,30.100104],[31.386591,30.1],[31.38653,30.1],[31.386619,30.100126],[31.386627,30.100147],[31.386635,30.100205],[31.386629,30.10024],[31.386586,30.10035],[31.386341,30.1],[31.386147,30.1],[31.386219,30.100104],[31.386145,30.1],[31.38595,30.1],[31.386079,30.100182]],[[31.386659,30.100311],[31.386682,30.100238],[31.386728,30.100296],[31.386659,30.100311]],[[31.386777,30.100878],[31.386587,30.100614],[31.386693,30.100747],[31.386777,30.100878]]]]}},{"type":"Feature","properties":{},"geometry":{"type":"MultiPolygon","coordinates":[[[[31.386804,30.10639],[31.387,30.10606],[31.387,30.10546],[31.386478,30.106345],[31.38592,30.107235],[31.386281,30.107235],[31.386804,30.10639]]],[[[31.387,30.105424],[31.387,30.104677],[31.386824,30.104959],[31.385576,30.103853],[31.385563,30.103826],[31.385566,30.103796],[31.385581,30.103772],[31.385755,30.103617],[31.38561,30.103617],[31.385497,30.103718],[31.385467,30.103767],[31.38546,30.103799],[31.38546,30.103839],[31.385474,30.103878],[31.385496,30.103912],[31.386773,30.105042],[31.386478,30.10552],[31.386446,30.105534],[31.386393,30.105548],[31.386332,30.105554],[31.386291,30.105552],[31.386252,30.105537],[31.386219,30.105517],[31.386008,30.105326],[31.386015,30.105286],[31.386014,30.105241],[31.385993,30.105178],[31.385969,30.105142],[31.384965,30.104207],[31.385374,30.103867],[31.385382,30.103851],[31.385375,30.103835],[31.385357,30.103828],[31.385339,30.103834],[31.384929,30.104174],[31.384733,30.103992],[31.384733,30.104124],[31.384872,30.104253],[31.385467,30.104806],[31.38545,30.10482],[31.384733,30.104171],[31.384733,30.104554],[31.384906,30.104713],[31.384733,30.104858],[31.384733,30.104921],[31.384942,30.104746],[31.385202,30.104984],[31.384976,30.10519],[31.384885,30.105297],[31.384733,30.105159],[31.384733,30.105224],[31.384854,30.105335],[31.384809,30.105383],[31.384751,30.105436],[31.384733,30.105451],[31.384733,30.105575],[31.384825,30.1055],[31.384889,30.105441],[31.384947,30.105378],[31.385,30.105309],[31.385056,30.105247],[31.385273,30.10505],[31.385505,30.105263],[31.385501,30.105309],[31.38548,30.105362],[31.385464,30.105384],[31.385429,30.105419],[31.384733,30.106005],[31.384733,30.106169],[31.385525,30.105502],[31.385557,30.105471],[31.385559,30.105473],[31.385566,30.105481],[31.385524,30.105508],[31.384733,30.106176],[31.384733,30.106339],[31.385614,30.105596],[31.385655,30.10557],[31.385699,30.105551],[31.385746,30.105538],[31.385799,30.105533],[31.386066,30.105779],[31.3861,30.105832],[31.386132,30.105896],[31.386177,30.106046],[31.385718,30.106834],[31.385661,30.106922],[31.385609,30.106962],[31.385546,30.107021],[31.385487,30.10709],[31.385392,30.107235],[31.38589,30.107235],[31.387,30.105424]],[[31.386238,30.105751],[31.386276,30.105723],[31.386295,30.105697],[31.386336,30.105699],[31.386378,30.105695],[31.38629,30.10585],[31.386247,30.105764],[31.386238,30.105751]],[[31.385598,30.105419],[31.385622,30.105371],[31.385688,30.105431],[31.38563,30.10545],[31.385598,30.105419]],[[31.386196,30.105689],[31.386169,30.105663],[31.386178,30.105667],[31.386209,30.105679],[31.386196,30.105689]],[[31.385906,30.105234],[31.385508,30.104872],[31.385524,30.104859],[31.385886,30.105196],[31.385906,30.105234]]],[[[31.386415,30.103743],[31.386514,30.103808],[31.386622,30.103859],[31.386725,30.103901],[31.386833,30.103937],[31.387,30.103979],[31.387,30.103822],[31.386898,30.103795],[31.386792,30.10376],[31.38669,30.103718],[31.386595,30.10367],[31.386527,30.103617],[31.386262,30.103617],[31.386415,30.103743]]],[[[31.384814,30.103617],[31.384733,30.103617],[31.384733,30.103687],[31.384814,30.103617]]]]}},{"type":"Feature","properties":{},"geometry":{"type":"MultiPolygon","coordinates":[[[[31.385016,30.110781],[31.385031,30.110682],[31.385058,30.110576],[31.385094,30.110581],[31.385172,30.110626],[31.385748,30.110762],[31.386166,30.110852],[31.386853,30.110852],[31.385791,30.110622],[31.385235,30.110491],[31.385121,30.11042],[31.385132,30.110395],[31.385178,30.11033],[31.385231,30.110267],[31.38529,30.110208],[31.385354,30.110154],[31.385424,30.110105],[31.385497,30.110061],[31.385581,30.110022],[31.385669,30.109988],[31.38576,30.109962],[31.385853,30.109941],[31.385946,30.109928],[31.38604,30.109921],[31.386134,30.10992],[31.386312,30.109937],[31.386395,30.109953],[31.386706,30.11003],[31.387,30.110204],[31.387,30.10989],[31.386513,30.109493],[31.386105,30.109197],[31.385912,30.109049],[31.385821,30.108971],[31.385615,30.108758],[31.385584,30.108702],[31.385568,30.108617],[31.385573,30.108493],[31.385605,30.108389],[31.385693,30.108193],[31.385802,30.10801],[31.386281,30.107235],[31.38592,30.107235],[31.385511,30.107887],[31.385411,30.10804],[31.38478,30.109071],[31.384733,30.109152],[31.384733,30.10949],[31.384739,30.109474],[31.384772,30.109407],[31.384927,30.109139],[31.385205,30.108684],[31.384825,30.109363],[31.384776,30.1095],[31.384744,30.109725],[31.384761,30.109859],[31.384808,30.109987],[31.384929,30.110239],[31.384966,30.110293],[31.384963,30.110299],[31.384956,30.110313],[31.384894,30.110254],[31.384824,30.110177],[31.384781,30.110119],[31.384733,30.110026],[31.384733,30.110309],[31.384793,30.110373],[31.384733,30.11035],[31.384733,30.11043],[31.384874,30.11048],[31.384733,30.110465],[31.384733,30.110537],[31.384866,30.110552],[31.384843,30.110634],[31.384817,30.110774],[31.384803,30.110852],[31.385012,30.110852],[31.385016,30.110781]],[[31.384858,30.109512],[31.384901,30.109392],[31.38525,30.108774],[31.385328,30.108619],[31.385349,30.108599],[31.385376,30.108583],[31.385404,30.108573],[31.385402,30.108627],[31.385424,30.108742],[31.385473,30.108834],[31.385721,30.109088],[31.385599,30.109763],[31.385389,30.109862],[31.385261,30.109948],[31.385157,30.110043],[31.385056,30.110161],[31.385014,30.110223],[31.384886,30.109961],[31.384843,30.109844],[31.384827,30.109725],[31.384858,30.109512]],[[31.385407,30.108498],[31.385383,30.108502],[31.385427,30.10841],[31.38541,30.108464],[31.385407,30.108498]],[[31.386381,30.109845],[31.38644,30.109867],[31.386497,30.109903],[31.386328,30.109866],[31.386235,30.109855],[31.386135,30.109848],[31.386038,30.109848],[31.385937,30.109856],[31.385834,30.109871],[31.385735,30.109893],[31.385638,30.109922],[31.385547,30.109956],[31.385462,30.109995],[31.385481,30.109983],[31.385648,30.109901],[31.385789,30.109852],[31.385914,30.109824],[31.386043,30.109805],[31.386146,30.109803],[31.38623,30.10981],[31.386312,30.109826],[31.386381,30.109845]],[[31.386351,30.109685],[31.386251,30.109667],[31.386148,30.109658],[31.386029,30.10966],[31.385876,30.109683],[31.385743,30.109713],[31.385655,30.109743],[31.385767,30.109127],[31.385998,30.109308],[31.386401,30.1096],[31.386728,30.109866],[31.386521,30.109741],[31.386436,30.109709],[31.386351,30.109685]]],[[[31.385366,30.108089],[31.38589,30.107235],[31.385392,30.107235],[31.384733,30.108236],[31.384733,30.109082],[31.385366,30.108089]]],[[[31.384784,30.107824],[31.384798,30.107805],[31.384803,30.107782],[31.384799,30.107764],[31.384788,30.107745],[31.384733,30.107693],[31.384733,30.10776],[31.384746,30.107772],[31.384749,30.107788],[31.384733,30.107803],[31.384733,30.10787],[31.384784,30.107824]]],[[[31.386297,30.108996],[31.386264,30.10895],[31.386246,30.108912],[31.386243,30.108858],[31.386251,30.108805],[31.386361,30.108425],[31.386356,30.108424],[31.386478,30.108007],[31.386432,30.107994],[31.3862,30.108795],[31.386191,30.108856],[31.386195,30.108924],[31.386218,30.108971],[31.386257,30.109025],[31.387,30.109703],[31.387,30.109637],[31.386343,30.109038],[31.386297,30.108996]]],[[[31.386625,30.10869],[31.386604,30.108681],[31.386662,30.108487],[31.386462,30.108446],[31.386345,30.108837],[31.386344,30.108864],[31.386351,30.10889],[31.386368,30.108915],[31.387,30.109496],[31.387,30.10943],[31.386408,30.108886],[31.3864,30.108873],[31.386396,30.108846],[31.386411,30.108797],[31.386457,30.108804],[31.386517,30.108837],[31.387,30.109281],[31.387,30.109216],[31.386563,30.108814],[31.38659,30.108726],[31.386648,30.108762],[31.387,30.109074],[31.387,30.109009],[31.386684,30.10873],[31.386625,30.10869]],[[31.386425,30.108752],[31.386447,30.108679],[31.386542,30.108708],[31.386519,30.108782],[31.386477,30.108761],[31.386431,30.108753],[31.386425,30.108752]],[[31.386508,30.108467],[31.386518,30.108466],[31.38661,30.108488],[31.386555,30.108665],[31.38646,30.108635],[31.386508,30.108467]]]]}},{"type":"Feature","properties":{},"geometry":{"type":"MultiPolygon","coordinates":[[[[31.38478,30.111759],[31.384845,30.111532],[31.384887,30.111342],[31.384939,30.111037],[31.384968,30.111184],[31.385003,30.111269],[31.385043,30.111349],[31.385091,30.111426],[31.385148,30.111502],[31.385216,30.111579],[31.385289,30.111648],[31.385374,30.111716],[31.385464,30.111776],[31.385546,30.111819],[31.385636,30.111859],[31.385732,30.111893],[31.385827,30.111919],[31.385929,30.111939],[31.386031,30.111952],[31.386132,30.111958],[31.386236,30.111956],[31.387,30.111934],[31.387,30.111862],[31.386135,30.111885],[31.386038,30.11188],[31.385942,30.111868],[31.385848,30.111849],[31.385758,30.111824],[31.385672,30.111793],[31.385588,30.111757],[31.385509,30.111715],[31.385426,30.111659],[31.385349,30.111598],[31.385278,30.111531],[31.385215,30.111459],[31.385164,30.11139],[31.385119,30.111318],[31.38508,30.111244],[31.385049,30.111168],[31.385027,30.111073],[31.385014,30.110976],[31.38501,30.110879],[31.385012,30.110852],[31.384803,30.110852],[31.384733,30.111258],[31.384733,30.111886],[31.38478,30.111759]]],[[[31.387,30.111033],[31.387,30.110884],[31.386853,30.110852],[31.386166,30.110852],[31.387,30.111033]]],[[[31.385983,30.114097],[31.387,30.114094],[31.387,30.114049],[31.385983,30.114052],[31.385983,30.114026],[31.387,30.114006],[31.387,30.113961],[31.385957,30.113982],[31.385874,30.113978],[31.384733,30.113979],[31.384733,30.114025],[31.385848,30.114024],[31.385848,30.114052],[31.384733,30.11406],[31.384733,30.114106],[31.385848,30.114097],[31.385849,30.11447],[31.385901,30.11447],[31.3859,30.114097],[31.385931,30.114097],[31.385932,30.11447],[31.385984,30.11447],[31.385983,30.114097]],[[31.3859,30.114025],[31.385931,30.114026],[31.385931,30.114052],[31.3859,30.114052],[31.3859,30.114025]]]]}},{"type":"Feature","properties":{},"geometry":{"type":"MultiPolygon","coordinates":[[[[31.385331,30.118087],[31.385719,30.118087],[31.384733,30.117605],[31.384733,30.117795],[31.385331,30.118087]]],[[[31.385073,30.117535],[31.386227,30.118087],[31.386659,30.118087],[31.385694,30.117626],[31.386417,30.117735],[31.386598,30.117758],[31.386822,30.11778],[31.386793,30.117795],[31.386771,30.117829],[31.386768,30.117842],[31.386772,30.117881],[31.386807,30.117923],[31.386845,30.117938],[31.386885,30.117942],[31.386831,30.117977],[31.386784,30.11803],[31.386758,30.118087],[31.386904,30.118087],[31.386928,30.11806],[31.386966,30.118036],[31.387,30.118025],[31.387,30.117882],[31.386866,30.117877],[31.38685,30.11787],[31.386842,30.117861],[31.386841,30.117849],[31.386846,30.11784],[31.386857,30.117835],[31.387,30.117825],[31.387,30.117671],[31.386787,30.11766],[31.386439,30.117619],[31.385509,30.117479],[31.385304,30.117439],[31.384733,30.117159],[31.384733,30.117368],[31.385073,30.117535]]],[[[31.387,30.118073],[31.386993,30.118087],[31.387,30.118087],[31.387,30.118073]]],[[[31.385204,30.117259],[31.385616,30.117397],[31.385716,30.117424],[31.385849,30.117442],[31.385917,30.117446],[31.387,30.117449],[31.387,30.117404],[31.386013,30.117402],[31.386017,30.117379],[31.386014,30.117359],[31.386405,30.117366],[31.387,30.117357],[31.387,30.117312],[31.386425,30.11732],[31.386418,30.117267],[31.386432,30.117042],[31.386947,30.11704],[31.386946,30.117151],[31.386956,30.117166],[31.386973,30.11717],[31.386989,30.117164],[31.386997,30.11715],[31.387,30.116995],[31.386411,30.116997],[31.386396,30.116983],[31.386361,30.116969],[31.386328,30.116968],[31.386287,30.116982],[31.386191,30.116921],[31.386159,30.11689],[31.386133,30.116855],[31.386119,30.116823],[31.386111,30.11679],[31.386106,30.116288],[31.386109,30.116259],[31.386136,30.116207],[31.386157,30.116185],[31.386228,30.116138],[31.386248,30.116147],[31.386272,30.11615],[31.387,30.116146],[31.387,30.1161],[31.386596,30.116103],[31.386596,30.116091],[31.387,30.116088],[31.387,30.116043],[31.386773,30.116045],[31.386773,30.116012],[31.387,30.116012],[31.387,30.115967],[31.386934,30.115967],[31.386938,30.115585],[31.387,30.115586],[31.387,30.115541],[31.386413,30.115537],[31.386361,30.11555],[31.386333,30.115563],[31.386243,30.115635],[31.386212,30.115673],[31.386201,30.1157],[31.386198,30.115729],[31.386199,30.1161],[31.386121,30.116152],[31.386095,30.116179],[31.386072,30.116214],[31.386058,30.116252],[31.386054,30.116287],[31.386056,30.116755],[31.386059,30.116796],[31.386069,30.116837],[31.386087,30.116875],[31.386116,30.116916],[31.386157,30.116955],[31.386254,30.117017],[31.38623,30.117104],[31.386229,30.117291],[31.386225,30.117318],[31.385998,30.117313],[31.385986,30.117235],[31.385986,30.115429],[31.387,30.115427],[31.387,30.115382],[31.385986,30.115384],[31.385986,30.115361],[31.387,30.115356],[31.387,30.115311],[31.385986,30.115315],[31.385984,30.11447],[31.385932,30.11447],[31.385934,30.115315],[31.385903,30.115316],[31.385901,30.11447],[31.385849,30.11447],[31.385851,30.115567],[31.384733,30.115566],[31.384733,30.115611],[31.385852,30.115612],[31.385854,30.117238],[31.38585,30.117289],[31.385844,30.117299],[31.385731,30.117277],[31.385483,30.117204],[31.385128,30.117074],[31.384733,30.116902],[31.384733,30.116953],[31.385105,30.117115],[31.385245,30.117168],[31.385464,30.117246],[31.385635,30.1173],[31.385817,30.117341],[31.38581,30.117368],[31.385812,30.117392],[31.38573,30.11738],[31.385633,30.117355],[31.385225,30.117218],[31.384733,30.117011],[31.384733,30.117061],[31.385204,30.117259]],[[31.385943,30.117309],[31.385899,30.117304],[31.385906,30.117274],[31.385906,30.117238],[31.385903,30.115612],[31.385934,30.115613],[31.385937,30.117275],[31.385943,30.117309]],[[31.385903,30.115567],[31.385903,30.115361],[31.385934,30.115361],[31.385934,30.115568],[31.385903,30.115567]],[[31.385959,30.117401],[31.385869,30.117397],[31.385862,30.117372],[31.385873,30.117347],[31.385959,30.117356],[31.385965,30.11738],[31.385959,30.117401]],[[31.386596,30.116046],[31.386597,30.116011],[31.386721,30.116011],[31.386722,30.116045],[31.386596,30.116046]],[[31.386424,30.116008],[31.386545,30.116011],[31.386544,30.116046],[31.38625,30.116048],[31.386252,30.11571],[31.386259,30.115692],[31.386282,30.115665],[31.386367,30.115598],[31.386373,30.11595],[31.386378,30.115974],[31.386393,30.115992],[31.386424,30.116008]],[[31.386544,30.116104],[31.386273,30.116104],[31.386257,30.116101],[31.386251,30.116093],[31.386544,30.116091],[31.386544,30.116104]],[[31.386886,30.115585],[31.386882,30.115967],[31.386772,30.115966],[31.386766,30.115584],[31.386886,30.115585]],[[31.386714,30.115583],[31.38672,30.115966],[31.386597,30.115966],[31.3866,30.115582],[31.386714,30.115583]],[[31.386451,30.115965],[31.386436,30.115964],[31.386427,30.115956],[31.386419,30.115582],[31.386548,30.115582],[31.386545,30.115966],[31.386451,30.115965]],[[31.386374,30.117123],[31.386366,30.117266],[31.386372,30.11732],[31.386277,30.117319],[31.386282,30.117267],[31.386282,30.117111],[31.386308,30.117124],[31.386346,30.117129],[31.386374,30.117123]],[[31.386301,30.117037],[31.386321,30.117017],[31.386352,30.117014],[31.386376,30.117031],[31.38638,30.117041],[31.386378,30.117061],[31.386357,30.11708],[31.386326,30.117081],[31.386303,30.117064],[31.386301,30.117037]]]]}},{"type":"Feature","properties":{},"geometry":{"type":"MultiPolygon","coordinates":[[[[31.387,30.118904],[31.387,30.118714],[31.385719,30.118087],[31.385331,30.118087],[31.387,30.118904]]],[[[31.387,30.118458],[31.387,30.118251],[31.386975,30.118239],[31.387,30.118187],[31.387,30.118087],[31.386993,30.118087],[31.386929,30.118217],[31.386897,30.118201],[31.38689,30.118185],[31.386887,30.11815],[31.38689,30.118116],[31.386901,30.11809],[31.386904,30.118087],[31.386758,30.118087],[31.386758,30.118088],[31.386753,30.118132],[31.386659,30.118087],[31.386227,30.118087],[31.387,30.118458]]]]}},{"type":"Feature","properties":{},"geometry":{"type":"MultiPolygon","coordinates":[[[[31.386116,30.132284],[31.385152,30.131587],[31.384733,30.131273],[31.384733,30.131428],[31.385065,30.131676],[31.385677,30.132119],[31.385535,30.132099],[31.385437,30.132075],[31.385027,30.131925],[31.385053,30.131918],[31.385094,30.131893],[31.385121,30.131842],[31.385118,30.131799],[31.385092,30.131762],[31.385082,30.131753],[31.385041,30.131734],[31.384816,30.131699],[31.384733,30.131683],[31.384733,30.131747],[31.384801,30.131761],[31.385016,30.131793],[31.385036,30.131803],[31.385047,30.131817],[31.385048,30.131834],[31.38504,30.13185],[31.38502,30.131861],[31.384913,30.131887],[31.384733,30.131837],[31.384733,30.131958],[31.384807,30.131979],[31.384762,30.132062],[31.384733,30.132115],[31.384733,30.132227],[31.385112,30.132382],[31.385052,30.132486],[31.384733,30.13236],[31.384733,30.13241],[31.385028,30.132527],[31.385011,30.132557],[31.385069,30.132557],[31.385159,30.132401],[31.385162,30.132403],[31.385072,30.132557],[31.385129,30.132557],[31.385262,30.132324],[31.385269,30.132299],[31.385266,30.13228],[31.385255,30.132261],[31.385215,30.132237],[31.384856,30.132129],[31.384839,30.132129],[31.384825,30.132139],[31.384822,30.132156],[31.384836,30.132171],[31.385207,30.132283],[31.385217,30.132298],[31.385184,30.132362],[31.384752,30.132185],[31.384856,30.131994],[31.385026,30.132051],[31.385366,30.132177],[31.385337,30.132238],[31.385161,30.132557],[31.385217,30.132557],[31.385375,30.132277],[31.385414,30.132192],[31.385507,30.132214],[31.385618,30.132232],[31.385857,30.132249],[31.38629,30.132557],[31.386502,30.132557],[31.386116,30.132284]]],[[[31.385149,30.131536],[31.386563,30.132557],[31.386921,30.132557],[31.385295,30.131384],[31.384733,30.130974],[31.384733,30.131233],[31.385149,30.131536]]],[[[31.384745,30.130918],[31.386992,30.132557],[31.387,30.132557],[31.387,30.132304],[31.384896,30.130769],[31.384733,30.130642],[31.384733,30.130909],[31.384745,30.130918]]],[[[31.384747,30.132557],[31.384873,30.132557],[31.384733,30.132502],[31.384733,30.132552],[31.384747,30.132557]]],[[[31.385477,30.131119],[31.387,30.132222],[31.387,30.132163],[31.38551,30.131084],[31.384828,30.130572],[31.384733,30.130496],[31.384733,30.130558],[31.385477,30.131119]]],[[[31.385369,30.129872],[31.385453,30.129852],[31.385534,30.129843],[31.385618,30.129844],[31.385702,30.129855],[31.385781,30.129876],[31.385687,30.129807],[31.385624,30.129799],[31.385533,30.129798],[31.385445,30.129808],[31.385354,30.129829],[31.384733,30.130074],[31.384733,30.130123],[31.385369,30.129872]]]]}},{"type":"Feature","properties":{},"geometry":{"type":"MultiPolygon","coordinates":[[[[31.386806,30.132971],[31.386851,30.132956],[31.386913,30.133],[31.387,30.133],[31.387,30.13291],[31.386502,30.132557],[31.38629,30.132557],[31.386539,30.132735],[31.386548,30.132773],[31.386548,30.132847],[31.386538,30.132887],[31.386487,30.133],[31.386759,30.133],[31.386774,30.132988],[31.386806,30.132971]],[[31.386678,30.132942],[31.386633,30.132925],[31.38665,30.132862],[31.386655,30.132817],[31.386759,30.13289],[31.386712,30.132916],[31.386678,30.132942]]],[[[31.387,30.132873],[31.387,30.132614],[31.386921,30.132557],[31.386563,30.132557],[31.387,30.132873]]],[[[31.387,30.132563],[31.387,30.132557],[31.386992,30.132557],[31.387,30.132563]]],[[[31.385003,30.132659],[31.385029,30.132662],[31.385066,30.132652],[31.3851,30.132667],[31.38491,30.133],[31.384968,30.133],[31.385217,30.132557],[31.385161,30.132557],[31.385123,30.132626],[31.385097,30.132615],[31.385129,30.132557],[31.385072,30.132557],[31.385041,30.132611],[31.385036,30.132615],[31.385069,30.132557],[31.385011,30.132557],[31.384985,30.132602],[31.384873,30.132557],[31.384747,30.132557],[31.385003,30.132659]]]]}}]}